Screen,Name,App,Role,Route,Page status,Production ready,Pending work,Required pending actions,Registered APIs,Acceptance criteria
rmt_dashboard,Rmt Dashboard,ci,rmt,/offices/clinical/roles/rmt/dashboard,created,No,Business workflow and domain data binding need verification; Authenticated browser and accessibility evidence is pending; Domain API authorization or schemas are incomplete,,GET /v1/governance/workspace; POST /v1/rmt/appointments/fetch; POST /v1/rmt/claims/submit; POST /v1/rmt/soap-notes/submit; POST /v1/rmt/treatment-plans/update,"- The RmtDashboardScreen route loads successfully within the Primecare Clinic workspace.
- The interface correctly displays all primary modules and active widgets.
- Role-based access control restricts unauthorized actions, permitting only Registered Massage Therapist (RMT) access.
- System telemetry and data tables refresh correctly upon user interaction."
therapist_dashboard,Therapist Dashboard,ci,therapist,/offices/clinical/roles/therapist/dashboard,created,No,Business workflow and domain data binding need verification; Authenticated browser and accessibility evidence is pending; Domain API authorization or schemas are incomplete,,GET /v1/governance/workspace; POST /v1/therapist/notes/finalize; POST /v1/therapist/sessions/start,"- The TherapistDashboardScreen route loads successfully within the Primecare Clinic workspace.
- The interface correctly displays all primary modules and active widgets.
- Role-based access control restricts unauthorized actions, permitting only Therapist access.
- System telemetry and data tables refresh correctly upon user interaction."
clinical_dashboard,Clinical Dashboard,ci,clinical_director,/offices/clinical/roles/clinical_director/dashboard-dup-1,created,No,Business workflow and domain data binding need verification; Authenticated browser and accessibility evidence is pending; Domain API authorization or schemas are incomplete,,POST /v1/clinical/compliance/scan; POST /v1/clinical/compliance/sync; POST /v1/clinical/logs/export; POST /v1/clinical/policy/update; GET /v1/governance/workspace,"- The ClinicalDashboardScreen route loads successfully within the Primecare Clinic workspace.
- The interface correctly displays all primary modules and active widgets.
- Role-based access control restricts unauthorized actions, permitting only Clinical Director access.
- System telemetry and data tables refresh correctly upon user interaction."
cns_dashboard,Cns Dashboard,ci,cns,/clinical/cns-dashboard,created,No,Business workflow and domain data binding need verification; Authenticated browser and accessibility evidence is pending; Domain API authorization or schemas are incomplete,,POST /v1/cns/consultations/log; POST /v1/cns/standards/publish; GET /v1/governance/workspace,"- The CnsDashboardScreen route loads successfully within the Primecare Clinic workspace.
- The interface correctly displays all primary modules and active widgets.
- Role-based access control restricts unauthorized actions, permitting only Clinical Nurse Specialist access.
- System telemetry and data tables refresh correctly upon user interaction."
hsw_dashboard,Hsw Dashboard,ci,hsw,/clinical/hsw-dashboard,created,No,Business workflow and domain data binding need verification; Authenticated browser and accessibility evidence is pending; Domain API authorization or schemas are incomplete,,GET /v1/governance/workspace; POST /v1/hsw/alerts/trigger; POST /v1/hsw/visits/checkin; POST /v1/hsw/visits/checkout,"- The HswDashboardScreen route loads successfully within the Primecare Clinic workspace.
- The interface correctly displays all primary modules and active widgets.
- Role-based access control restricts unauthorized actions, permitting only Home Support Worker access.
- System telemetry and data tables refresh correctly upon user interaction."
lpn_dashboard,Lpn Dashboard,ci,lpn,/clinical/lpn-dashboard,created,No,Business workflow and domain data binding need verification; Authenticated browser and accessibility evidence is pending; Domain API authorization or schemas are incomplete,,GET /v1/governance/workspace; POST /v1/lpn/medpass/log; POST /v1/lpn/wounds/submit,"- The LpnDashboardScreen route loads successfully within the Primecare Clinic workspace.
- The interface correctly displays all primary modules and active widgets.
- Role-based access control restricts unauthorized actions, permitting only Licensed Practical Nurse (LPN) access.
- System telemetry and data tables refresh correctly upon user interaction."
np_dashboard,Np Dashboard,ci,np,/clinical/np-dashboard,created,No,Business workflow and domain data binding need verification; Authenticated browser and accessibility evidence is pending; Domain API authorization or schemas are incomplete,,GET /v1/governance/workspace; POST /v1/np/diagnostics/sign; POST /v1/np/referrals/create,"- The NpDashboardScreen route loads successfully within the Primecare Clinic workspace.
- The interface correctly displays all primary modules and active widgets.
- Role-based access control restricts unauthorized actions, permitting only Nurse Practitioner (NP) access.
- System telemetry and data tables refresh correctly upon user interaction."
pediatric_dashboard,Pediatric Dashboard,ci,pediatric,/clinical/pediatric-dashboard,created,No,Business workflow and domain data binding need verification; Authenticated browser and accessibility evidence is pending; Domain API authorization or schemas are incomplete,,GET /v1/governance/workspace; POST /v1/pediatric/growth/record; POST /v1/pediatric/vaccines/administer,"- The PediatricDashboardScreen route loads successfully within the Primecare Clinic workspace.
- The interface correctly displays all primary modules and active widgets.
- Role-based access control restricts unauthorized actions, permitting only Pediatric Specialist access.
- System telemetry and data tables refresh correctly upon user interaction."
physician_dashboard,Physician Dashboard,ci,physician,/clinical/physician-dashboard,created,No,Business workflow and domain data binding need verification; Authenticated browser and accessibility evidence is pending; Domain API authorization or schemas are incomplete,,GET /v1/governance/workspace; POST /v1/physician/labs/authorize; POST /v1/physician/prescriptions/submit,"- The PhysicianDashboardScreen route loads successfully within the Primecare Clinic workspace.
- The interface correctly displays all primary modules and active widgets.
- Role-based access control restricts unauthorized actions, permitting only Physician access.
- System telemetry and data tables refresh correctly upon user interaction."
architecture_planning_dashboard,Architecture Planning Dashboard,co,cto,/common/architecture-planning-dashboard,created,No,Business workflow and domain data binding need verification; Authenticated browser and accessibility evidence is pending; No domain API is linked to this page,,GET /v1/governance/workspace,"- The ArchitecturePlanningDashboardScreen route loads successfully within the Primecare Corporate workspace.
- The interface correctly displays all primary modules and active widgets.
- Role-based access control restricts unauthorized actions, permitting only Chief Technology Officer (CTO) access.
- System telemetry and data tables refresh correctly upon user interaction."
business_development_dashboard,Business Development Dashboard,bd,bus_dev,/common/business-development-dashboard,created,No,Business workflow and domain data binding need verification; Authenticated browser and accessibility evidence is pending; No domain API is linked to this page,,GET /v1/governance/workspace,"- The BusinessDevelopmentDashboardScreen route loads successfully within the Primecare Business Development workspace.
- The interface correctly displays all primary modules and active widgets.
- Role-based access control restricts unauthorized actions, permitting only Head of Business Development access.
- System telemetry and data tables refresh correctly upon user interaction."
caregiver_dashboard,Caregiver Dashboard,ci,caregiver,/offices/clinical/roles/caregiver/dashboard,created,No,Business workflow and domain data binding need verification; Authenticated browser and accessibility evidence is pending; Domain API authorization or schemas are incomplete,,POST /v1/caregiver/activity/log; POST /v1/caregiver/meds/acknowledge; GET /v1/governance/workspace,"- The CaregiverDashboardScreen route loads successfully within the Primecare Client workspace.
- The interface correctly displays all primary modules and active widgets.
- Role-based access control restricts unauthorized actions, permitting only Caregiver access.
- System telemetry and data tables refresh correctly upon user interaction."
chiropractor_dashboard,Chiropractor Dashboard,ci,chiropractor,/offices/clinical/roles/chiropractor/dashboard,created,No,Business workflow and domain data binding need verification; Authenticated browser and accessibility evidence is pending; No domain API is linked to this page,,GET /v1/governance/workspace,"- The ChiropractorDashboardScreen route loads successfully within the Primecare Clinic workspace.
- The interface correctly displays all primary modules and active widgets.
- Role-based access control restricts unauthorized actions, permitting only Chiropractor access.
- System telemetry and data tables refresh correctly upon user interaction."
clinic_dashboard,Clinic Dashboard,ci,clinical_director,/offices/clinical/roles/clinical_director/clinic-dashboard,created,No,Business workflow and domain data binding need verification; Authenticated browser and accessibility evidence is pending; No domain API is linked to this page,,GET /v1/governance/workspace,"- The ClinicDashboardScreen route loads successfully within the Primecare Clinic workspace.
- The interface correctly displays all primary modules and active widgets.
- Role-based access control restricts unauthorized actions, permitting only Clinical Director access.
- System telemetry and data tables refresh correctly upon user interaction."
course_architect_dashboard,Course Architect Dashboard,cl,training_director,/common/course-architect-dashboard,created,No,Business workflow and domain data binding need verification; Authenticated browser and accessibility evidence is pending; No domain API is linked to this page,,GET /v1/governance/workspace,"- The CourseArchitectDashboardScreen route loads successfully within the Primecare Client workspace.
- The interface correctly displays all primary modules and active widgets.
- Role-based access control restricts unauthorized actions, permitting only Training Director access.
- System telemetry and data tables refresh correctly upon user interaction."
customer_support_dashboard,Customer Support Dashboard,cl,dynamic,/common/customer-support-dashboard,created,No,Business workflow and domain data binding need verification; Authenticated browser and accessibility evidence is pending; No domain API is linked to this page,,GET /v1/governance/workspace,"- The CustomerSupportDashboardScreen route loads successfully within the Primecare Client workspace.
- The interface correctly displays all primary modules and active widgets.
- Role-based access control restricts unauthorized actions, permitting only Dynamic Screen Viewer access.
- System telemetry and data tables refresh correctly upon user interaction."
dynamic_screen_dashboard,Dynamic Screen Dashboard,cl,guest,/common/dynamic-dashboard,created,No,Business workflow and domain data binding need verification; Authenticated browser and accessibility evidence is pending; No domain API is linked to this page,,GET /v1/governance/workspace,"- The DynamicScreenDashboardScreen route loads successfully within the Primecare Client workspace.
- The interface correctly displays all primary modules and active widgets.
- Role-based access control restricts unauthorized actions, permitting only Guest access.
- System telemetry and data tables refresh correctly upon user interaction."
family_member_dashboard,Family Member Dashboard,cl,patient,/common/family-member-dashboard,created,No,Business workflow and domain data binding need verification; Authenticated browser and accessibility evidence is pending; No domain API is linked to this page,,GET /v1/governance/workspace,"- The FamilyMemberDashboardScreen route loads successfully within the Primecare Client workspace.
- The interface correctly displays all primary modules and active widgets.
- Role-based access control restricts unauthorized actions, permitting only Patient access.
- System telemetry and data tables refresh correctly upon user interaction."
franchise_dashboard,Franchise Dashboard,fr,owner,/common/franchise-dashboard,created,No,Business workflow and domain data binding need verification; Authenticated browser and accessibility evidence is pending; No domain API is linked to this page,,GET /v1/governance/workspace,"- The FranchiseDashboardScreen route loads successfully within the Primecare Franchise workspace.
- The interface correctly displays all primary modules and active widgets.
- Role-based access control restricts unauthorized actions, permitting only Franchise Owner access.
- System telemetry and data tables refresh correctly upon user interaction."
guest_dashboard,Guest Dashboard,cl,guest,/common/guest-dashboard,created,No,Business workflow and domain data binding need verification; Authenticated browser and accessibility evidence is pending; No domain API is linked to this page,,GET /v1/governance/workspace,"- The GuestDashboardScreen route loads successfully within the Primecare Client workspace.
- The interface correctly displays all primary modules and active widgets.
- Role-based access control restricts unauthorized actions, permitting only Guest access.
- System telemetry and data tables refresh correctly upon user interaction."
infrastructure_dashboard,Infrastructure Dashboard,cl,infrastructure,/common/infrastructure-dashboard,created,No,Business workflow and domain data binding need verification; Authenticated browser and accessibility evidence is pending; No domain API is linked to this page,,GET /v1/governance/workspace,"- The InfrastructureDashboardScreen route loads successfully within the Primecare Client workspace.
- The interface correctly displays all primary modules and active widgets.
- Role-based access control restricts unauthorized actions, permitting only Infrastructure Auditor access.
- System telemetry and data tables refresh correctly upon user interaction."
intake_dashboard,Intake Dashboard,ci,intake,/offices/clinical/roles/intake_coordinator/dashboard-dup-1,created,No,Business workflow and domain data binding need verification; Authenticated browser and accessibility evidence is pending; No domain API is linked to this page,,GET /v1/governance/workspace,"- The IntakeDashboardScreen route loads successfully within the Primecare Clinic workspace.
- The interface correctly displays all primary modules and active widgets.
- Role-based access control restricts unauthorized actions, permitting only Intake Coordinator access.
- System telemetry and data tables refresh correctly upon user interaction."
office_dashboard,Office Dashboard,cl,admin,/common/office-dashboard,created,No,Business workflow and domain data binding need verification; Authenticated browser and accessibility evidence is pending; No domain API is linked to this page,,GET /v1/governance/workspace,"- The OfficeDashboardScreen route loads successfully within the Primecare Client workspace.
- The interface correctly displays all primary modules and active widgets.
- Role-based access control restricts unauthorized actions, permitting only Administrative Assistant access.
- System telemetry and data tables refresh correctly upon user interaction."
patient_dashboard,Patient Dashboard,cl,patient,/offices/client/roles/client/dashboard,created,No,Business workflow and domain data binding need verification; Authenticated browser and accessibility evidence is pending; No domain API is linked to this page,,GET /v1/governance/workspace,"- The PatientDashboardScreen route loads successfully within the Primecare Client workspace.
- The interface correctly displays all primary modules and active widgets.
- Role-based access control restricts unauthorized actions, permitting only Patient access.
- System telemetry and data tables refresh correctly upon user interaction."
physiotherapist_dashboard,Physiotherapist Dashboard,ci,physio,/offices/clinical/roles/physiotherapist/dashboard,created,No,Business workflow and domain data binding need verification; Authenticated browser and accessibility evidence is pending; No domain API is linked to this page,,GET /v1/governance/workspace,"- The PhysiotherapistDashboardScreen route loads successfully within the Primecare Clinic workspace.
- The interface correctly displays all primary modules and active widgets.
- Role-based access control restricts unauthorized actions, permitting only Physiotherapist access.
- System telemetry and data tables refresh correctly upon user interaction."
portal_dashboard,Portal Dashboard,cl,portal,/common/portal-dashboard,created,No,Business workflow and domain data binding need verification; Authenticated browser and accessibility evidence is pending; No domain API is linked to this page,,GET /v1/governance/workspace,"- The PortalDashboardScreen route loads successfully within the Primecare Client workspace.
- The interface correctly displays all primary modules and active widgets.
- Role-based access control restricts unauthorized actions, permitting only Portal User access.
- System telemetry and data tables refresh correctly upon user interaction."
qa_dashboard,Qa Dashboard,cl,system_verification,/offices/support/roles/quality_assurance/dashboard,created,No,Business workflow and domain data binding need verification; Authenticated browser and accessibility evidence is pending; No domain API is linked to this page,,GET /v1/governance/workspace,"- The QaDashboardScreen route loads successfully within the Primecare Client workspace.
- The interface correctly displays all primary modules and active widgets.
- Role-based access control restricts unauthorized actions, permitting only System Verification Officer access.
- System telemetry and data tables refresh correctly upon user interaction."
social_worker_dashboard,Social Worker Dashboard,ci,social_worker,/offices/clinical/roles/social_worker/dashboard,created,No,Business workflow and domain data binding need verification; Authenticated browser and accessibility evidence is pending; No domain API is linked to this page,,GET /v1/governance/workspace,"- The SocialWorkerDashboardScreen route loads successfully within the Primecare Clinic workspace.
- The interface correctly displays all primary modules and active widgets.
- Role-based access control restricts unauthorized actions, permitting only Social Worker access.
- System telemetry and data tables refresh correctly upon user interaction."
support_dashboard,Support Dashboard,cl,dynamic,/common/support-dashboard,created,No,Business workflow and domain data binding need verification; Authenticated browser and accessibility evidence is pending; No domain API is linked to this page,,GET /v1/governance/workspace,"- The SupportDashboardScreen route loads successfully within the Primecare Client workspace.
- The interface correctly displays all primary modules and active widgets.
- Role-based access control restricts unauthorized actions, permitting only Dynamic Screen Viewer access.
- System telemetry and data tables refresh correctly upon user interaction."
system_dashboard,System Dashboard,go,governance,/common/system-dashboard,created,No,Business workflow and domain data binding need verification; Authenticated browser and accessibility evidence is pending; No domain API is linked to this page,,GET /v1/governance/workspace,"- The SystemDashboardScreen route loads successfully within the Primecare Governance workspace.
- The interface correctly displays all primary modules and active widgets.
- Role-based access control restricts unauthorized actions, permitting only Governance Officer access.
- System telemetry and data tables refresh correctly upon user interaction."
system_verification_dashboard,System Verification Dashboard,cl,system_verification,/common/system-verification-dashboard,created,No,Business workflow and domain data binding need verification; Authenticated browser and accessibility evidence is pending; No domain API is linked to this page,,GET /v1/governance/workspace,"- The SystemVerificationDashboardScreen route loads successfully within the Primecare Client workspace.
- The interface correctly displays all primary modules and active widgets.
- Role-based access control restricts unauthorized actions, permitting only System Verification Officer access.
- System telemetry and data tables refresh correctly upon user interaction."
training_hub_dashboard,Training Hub Dashboard,cl,training,/common/training-hub-dashboard,created,No,Business workflow and domain data binding need verification; Authenticated browser and accessibility evidence is pending; No domain API is linked to this page,,GET /v1/governance/workspace,"- The TrainingHubDashboardScreen route loads successfully within the Primecare Client workspace.
- The interface correctly displays all primary modules and active widgets.
- Role-based access control restricts unauthorized actions, permitting only Training Candidate access.
- System telemetry and data tables refresh correctly upon user interaction."
cfo_dashboard,Cfo Dashboard,co,cfo,/offices/corporate/roles/cfo/dashboard,created,No,Business workflow and domain data binding need verification; Authenticated browser and accessibility evidence is pending; No domain API is linked to this page,,GET /v1/governance/workspace,"- The CfoDashboardScreen route loads successfully within the Primecare Corporate workspace.
- The interface correctly displays all primary modules and active widgets.
- Role-based access control restricts unauthorized actions, permitting only Chief Financial Officer (CFO) access.
- System telemetry and data tables refresh correctly upon user interaction."
ciso_dashboard,Ciso Dashboard,co,ciso,/offices/corporate/roles/ciso/dashboard,created,No,Business workflow and domain data binding need verification; Authenticated browser and accessibility evidence is pending; No domain API is linked to this page,,GET /v1/governance/workspace,"- The CisoDashboardScreen route loads successfully within the Primecare Corporate workspace.
- The interface correctly displays all primary modules and active widgets.
- Role-based access control restricts unauthorized actions, permitting only Chief Information Security Officer (CISO) access.
- System telemetry and data tables refresh correctly upon user interaction."
coo_dashboard,Coo Dashboard,co,coo,/offices/corporate/roles/coo/dashboard,created,No,Business workflow and domain data binding need verification; Authenticated browser and accessibility evidence is pending; Domain API authorization or schemas are incomplete,,GET /v1/executive/coo/telemetry; GET /v1/governance/workspace,"- The CooDashboardScreen route loads successfully within the Primecare Corporate workspace.
- The interface correctly displays all primary modules and active widgets.
- Role-based access control restricts unauthorized actions, permitting only Chief Operating Officer (COO) access.
- System telemetry and data tables refresh correctly upon user interaction."
cto_dashboard,Cto Dashboard,co,cto,/offices/corporate/roles/cto/dashboard,created,No,Business workflow and domain data binding need verification; Authenticated browser and accessibility evidence is pending; No domain API is linked to this page,,GET /v1/governance/workspace,"- The CtoDashboardScreen route loads successfully within the Primecare Corporate workspace.
- The interface correctly displays all primary modules and active widgets.
- Role-based access control restricts unauthorized actions, permitting only Chief Technology Officer (CTO) access.
- System telemetry and data tables refresh correctly upon user interaction."
cx_director_dashboard,Cx Director Dashboard,co,cx_director,/offices/corporate/roles/cx_director/dashboard,created,No,Business workflow and domain data binding need verification; Authenticated browser and accessibility evidence is pending; No domain API is linked to this page,,GET /v1/governance/workspace,"- The CxDirectorDashboardScreen route loads successfully within the Primecare Client workspace.
- The interface correctly displays all primary modules and active widgets.
- Role-based access control restricts unauthorized actions, permitting only CX Director access.
- System telemetry and data tables refresh correctly upon user interaction."
finance_director_dashboard,Finance Director Dashboard,co,finance_director,/offices/corporate/roles/finance_director/dashboard,created,No,Business workflow and domain data binding need verification; Authenticated browser and accessibility evidence is pending; No domain API is linked to this page,,GET /v1/governance/workspace,"- The FinanceDirectorDashboardScreen route loads successfully within the Primecare Corporate workspace.
- The interface correctly displays all primary modules and active widgets.
- Role-based access control restricts unauthorized actions, permitting only Finance Director access.
- System telemetry and data tables refresh correctly upon user interaction."
hr_director_dashboard,Hr Director Dashboard,co,hr_director,/offices/corporate/roles/hr_director/dashboard,created,No,Business workflow and domain data binding need verification; Authenticated browser and accessibility evidence is pending; No domain API is linked to this page,,GET /v1/governance/workspace,"- The HrDirectorDashboardScreen route loads successfully within the Primecare Corporate workspace.
- The interface correctly displays all primary modules and active widgets.
- Role-based access control restricts unauthorized actions, permitting only HR Director access.
- System telemetry and data tables refresh correctly upon user interaction."
legal_dashboard,Legal Dashboard,co,legal,/offices/corporate/roles/legal/dashboard,created,No,Business workflow and domain data binding need verification; Authenticated browser and accessibility evidence is pending; No domain API is linked to this page,,GET /v1/governance/workspace,"- The LegalDashboardScreen route loads successfully within the Primecare Client workspace.
- The interface correctly displays all primary modules and active widgets.
- Role-based access control restricts unauthorized actions, permitting only Legal Counsel access.
- System telemetry and data tables refresh correctly upon user interaction."
owner_dashboard,Owner Dashboard,co,owner,/offices/corporate/roles/owner/dashboard,created,No,Business workflow and domain data binding need verification; Authenticated browser and accessibility evidence is pending; No domain API is linked to this page,,GET /v1/governance/workspace,"- The OwnerDashboardScreen route loads successfully within the Primecare Franchise workspace.
- The interface correctly displays all primary modules and active widgets.
- Role-based access control restricts unauthorized actions, permitting only Franchise Owner access.
- System telemetry and data tables refresh correctly upon user interaction."
shareholder_dashboard,Shareholder Dashboard,co,shareholder,/offices/corporate/roles/shareholder/dashboard,created,No,Business workflow and domain data binding need verification; Authenticated browser and accessibility evidence is pending; No domain API is linked to this page,,GET /v1/governance/workspace,"- The ShareholderDashboardScreen route loads successfully within the Primecare Client workspace.
- The interface correctly displays all primary modules and active widgets.
- Role-based access control restricts unauthorized actions, permitting only Shareholder access.
- System telemetry and data tables refresh correctly upon user interaction."
training_director_dashboard,Training Director Dashboard,co,training_director,/offices/corporate/roles/training_director/dashboard,created,No,Business workflow and domain data binding need verification; Authenticated browser and accessibility evidence is pending; No domain API is linked to this page,,GET /v1/governance/workspace,"- The TrainingDirectorDashboardScreen route loads successfully within the Primecare Client workspace.
- The interface correctly displays all primary modules and active widgets.
- Role-based access control restricts unauthorized actions, permitting only Training Director access.
- System telemetry and data tables refresh correctly upon user interaction."
community_outreach_dashboard,Community Outreach Dashboard,ma,community_outreach,/offices/marketing/roles/community_outreach/dashboard,created,No,Business workflow and domain data binding need verification; Authenticated browser and accessibility evidence is pending; No domain API is linked to this page,,GET /v1/governance/workspace,"- The CommunityOutreachDashboardScreen route loads successfully within the Primecare Client workspace.
- The interface correctly displays all primary modules and active widgets.
- Role-based access control restricts unauthorized actions, permitting only Community Outreach Lead access.
- System telemetry and data tables refresh correctly upon user interaction."
compliance_manager_dashboard,Compliance Manager Dashboard,go,compliance,/offices/corporate/roles/compliance_manager/dashboard,created,No,Business workflow and domain data binding need verification; Authenticated browser and accessibility evidence is pending,,GET /api/compliance/audits; POST /api/compliance/findings; GET /v1/governance/workspace,"- The ComplianceManagerDashboardScreen route loads successfully within the Primecare Governance workspace.
- The interface correctly displays all primary modules and active widgets.
- Role-based access control restricts unauthorized actions, permitting only Compliance Manager access.
- System telemetry and data tables refresh correctly upon user interaction."
franchise_sales_manager_dashboard,Franchise Sales Manager Dashboard,fr,franchise_sales,/offices/business_development/roles/franchise_sales_manager/dashboard,created,No,Business workflow and domain data binding need verification; Authenticated browser and accessibility evidence is pending; No domain API is linked to this page,,GET /v1/governance/workspace,"- The FranchiseSalesManagerDashboardScreen route loads successfully within the Primecare Franchise workspace.
- The interface correctly displays all primary modules and active widgets.
- Role-based access control restricts unauthorized actions, permitting only Franchise Sales Manager access.
- System telemetry and data tables refresh correctly upon user interaction."
general_manager_dashboard,General Manager Dashboard,cl,gm,/offices/business_development/roles/general_manager/dashboard,created,No,Business workflow and domain data binding need verification; Authenticated browser and accessibility evidence is pending; No domain API is linked to this page,,GET /v1/governance/workspace,"- The GeneralManagerDashboardScreen route loads successfully within the Primecare Client workspace.
- The interface correctly displays all primary modules and active widgets.
- Role-based access control restricts unauthorized actions, permitting only General Manager access.
- System telemetry and data tables refresh correctly upon user interaction."
governance_officer_dashboard,Governance Officer Dashboard,go,governance,/management/governance-officer-dashboard,created,No,Business workflow and domain data binding need verification; Authenticated browser and accessibility evidence is pending; No domain API is linked to this page,,GET /v1/governance/workspace,"- The GovernanceOfficerDashboardScreen route loads successfully within the Primecare Governance workspace.
- The interface correctly displays all primary modules and active widgets.
- Role-based access control restricts unauthorized actions, permitting only Governance Officer access.
- System telemetry and data tables refresh correctly upon user interaction."
head_of_bus_dev_dashboard,Head Of Bus Dev Dashboard,bd,bus_dev,/offices/corporate/roles/head_of_bus_dev/dashboard,created,No,Business workflow and domain data binding need verification; Authenticated browser and accessibility evidence is pending; No domain API is linked to this page,,GET /v1/governance/workspace,"- The HeadOfBusDevDashboardScreen route loads successfully within the Primecare Business Development workspace.
- The interface correctly displays all primary modules and active widgets.
- Role-based access control restricts unauthorized actions, permitting only Head of Business Development access.
- System telemetry and data tables refresh correctly upon user interaction."
head_of_marketing_dashboard,Head Of Marketing Dashboard,ma,marketing,/offices/corporate/roles/head_of_marketing/dashboard,created,No,Business workflow and domain data binding need verification; Authenticated browser and accessibility evidence is pending; No domain API is linked to this page,,GET /v1/governance/workspace,"- The HeadOfMarketingDashboardScreen route loads successfully within the Primecare Marketing workspace.
- The interface correctly displays all primary modules and active widgets.
- Role-based access control restricts unauthorized actions, permitting only Head of Marketing access.
- System telemetry and data tables refresh correctly upon user interaction."
local_marketing_manager_dashboard,Local Marketing Manager Dashboard,ma,local_marketing,/offices/marketing/roles/local_marketing_manager/dashboard,created,No,Business workflow and domain data binding need verification; Authenticated browser and accessibility evidence is pending; No domain API is linked to this page,,GET /v1/governance/workspace,"- The LocalMarketingManagerDashboardScreen route loads successfully within the Primecare Marketing workspace.
- The interface correctly displays all primary modules and active widgets.
- Role-based access control restricts unauthorized actions, permitting only Local Marketing Manager access.
- System telemetry and data tables refresh correctly upon user interaction."
operations_manager_dashboard,Operations Manager Dashboard,cl,ops_manager,/offices/franchise/roles/operations_manager/dashboard,created,No,Business workflow and domain data binding need verification; Authenticated browser and accessibility evidence is pending; No domain API is linked to this page,,GET /v1/governance/workspace,"- The OperationsManagerDashboardScreen route loads successfully within the Primecare Client workspace.
- The interface correctly displays all primary modules and active widgets.
- Role-based access control restricts unauthorized actions, permitting only Operations Manager access.
- System telemetry and data tables refresh correctly upon user interaction."
partnership_manager_dashboard,Partnership Manager Dashboard,cl,partnership,/offices/business_development/roles/partnership_manager/dashboard,created,No,Business workflow and domain data binding need verification; Authenticated browser and accessibility evidence is pending; No domain API is linked to this page,,GET /v1/governance/workspace,"- The PartnershipManagerDashboardScreen route loads successfully within the Primecare Client workspace.
- The interface correctly displays all primary modules and active widgets.
- Role-based access control restricts unauthorized actions, permitting only Partnership Manager access.
- System telemetry and data tables refresh correctly upon user interaction."
premium_concierge_dashboard,Premium Concierge Dashboard,su,premium_concierge,/management/premium-concierge-dashboard,created,No,Business workflow and domain data binding need verification; Authenticated browser and accessibility evidence is pending; Domain API authorization or schemas are incomplete,,POST /v1/concierge/providers/dispatch; POST /v1/concierge/vip/escalate; GET /v1/governance/workspace,"- The PremiumConciergeDashboardScreen route loads successfully within the Primecare Support workspace.
- The interface correctly displays all primary modules and active widgets.
- Role-based access control restricts unauthorized actions, permitting only Premium Concierge Care Coordinator access.
- System telemetry and data tables refresh correctly upon user interaction."
regional_bdm_dashboard,Regional Bdm Dashboard,cl,regional_bdm,/offices/business_development/roles/regional_bdm/dashboard,created,No,Business workflow and domain data binding need verification; Authenticated browser and accessibility evidence is pending; No domain API is linked to this page,,GET /v1/governance/workspace,"- The RegionalBdmDashboardScreen route loads successfully within the Primecare Client workspace.
- The interface correctly displays all primary modules and active widgets.
- Role-based access control restricts unauthorized actions, permitting only Regional BDM access.
- System telemetry and data tables refresh correctly upon user interaction."
regional_manager_usa_dashboard,Regional Manager Usa Dashboard,cl,regional_manager_usa,/offices/business_development/roles/regional_manager_usa/dashboard,created,No,Business workflow and domain data binding need verification; Authenticated browser and accessibility evidence is pending; No domain API is linked to this page,,GET /v1/governance/workspace,"- The RegionalManagerUsaDashboardScreen route loads successfully within the Primecare Client workspace.
- The interface correctly displays all primary modules and active widgets.
- Role-based access control restricts unauthorized actions, permitting only Regional Manager USA access.
- System telemetry and data tables refresh correctly upon user interaction."
scrum_master_dashboard,Scrum Master Dashboard,cl,scrum_master,/management/scrum-master-dashboard,created,No,Business workflow and domain data binding need verification; Authenticated browser and accessibility evidence is pending; No domain API is linked to this page,,GET /v1/governance/workspace,"- The ScrumMasterDashboardScreen route loads successfully within the Primecare Client workspace.
- The interface correctly displays all primary modules and active widgets.
- Role-based access control restricts unauthorized actions, permitting only Scrum Master access.
- System telemetry and data tables refresh correctly upon user interaction."
territory_expansion_manager_dashboard,Territory Expansion Manager Dashboard,cl,territory_expansion,/offices/business_development/roles/territory_expansion_manager/dashboard,created,No,Business workflow and domain data binding need verification; Authenticated browser and accessibility evidence is pending; No domain API is linked to this page,,GET /v1/governance/workspace,"- The TerritoryExpansionManagerDashboardScreen route loads successfully within the Primecare Client workspace.
- The interface correctly displays all primary modules and active widgets.
- Role-based access control restricts unauthorized actions, permitting only Territory Expansion Manager access.
- System telemetry and data tables refresh correctly upon user interaction."
territory_sales_manager_dashboard,Territory Sales Manager Dashboard,cl,territory_sales,/offices/marketing/roles/territory_sales_manager/dashboard,created,No,Business workflow and domain data binding need verification; Authenticated browser and accessibility evidence is pending; No domain API is linked to this page,,GET /v1/governance/workspace,"- The TerritorySalesManagerDashboardScreen route loads successfully within the Primecare Client workspace.
- The interface correctly displays all primary modules and active widgets.
- Role-based access control restricts unauthorized actions, permitting only Territory Sales Manager access.
- System telemetry and data tables refresh correctly upon user interaction."
vip_manager_dashboard,Vip Manager Dashboard,su,vip_manager,/management/vip-manager-dashboard,created,No,Business workflow and domain data binding need verification; Authenticated browser and accessibility evidence is pending; Domain API authorization or schemas are incomplete,,GET /v1/governance/workspace; POST /v1/vip/issues/resolve; POST /v1/vip/touchpoints/log,"- The VipManagerDashboardScreen route loads successfully within the Primecare Support workspace.
- The interface correctly displays all primary modules and active widgets.
- Role-based access control restricts unauthorized actions, permitting only VIP Client Manager access.
- System telemetry and data tables refresh correctly upon user interaction."
psw_dashboard,Care Dashboard,ci,psw,/offices/clinical/roles/psw/dashboard,created,No,Business workflow and domain data binding need verification; Authenticated browser and accessibility evidence is pending; No domain API is linked to this page; 3 required business actions are pending,Start/End Shift Action Button; Report Incident Action Button; Log Vitals Action Button,GET /v1/governance/workspace,"1. Render upcoming shifts list dynamically.
2. Allow interactive check-in/check-out button action to update shift state.
3. Display active alerts and a shortcut to log vitals or report incidents."
rn_dashboard,Rn Dashboard,ci,rn,/offices/clinical/roles/rn/dashboard,created,No,Business workflow and domain data binding need verification; Authenticated browser and accessibility evidence is pending; No domain API is linked to this page,,GET /v1/governance/workspace,"- The RnDashboardScreen route loads successfully within the Primecare Clinic workspace.
- The interface correctly displays all primary modules and active widgets.
- Role-based access control restricts unauthorized actions, permitting only Registered Nurse (RN) access.
- System telemetry and data tables refresh correctly upon user interaction."
rn_field_supervisor_dashboard,Rn Field Supervisor Dashboard,ci,rn_field_supervisor,/rn/rn-field-supervisor-dashboard,created,No,Business workflow and domain data binding need verification; Authenticated browser and accessibility evidence is pending; Domain API authorization or schemas are incomplete,,GET /v1/governance/workspace; POST /v1/rn/assessments/signoff; POST /v1/rn/audits/submit,"- The RnFieldSupervisorDashboardScreen route loads successfully within the Primecare Clinic workspace.
- The interface correctly displays all primary modules and active widgets.
- Role-based access control restricts unauthorized actions, permitting only Registered Nurse (RN) Field Supervisor access.
- System telemetry and data tables refresh correctly upon user interaction."
rpn_dashboard,Rpn Dashboard,ci,rpn,/offices/clinical/roles/rpn/dashboard,created,No,Business workflow and domain data binding need verification; Authenticated browser and accessibility evidence is pending; No domain API is linked to this page,,GET /v1/governance/workspace,"- The RpnDashboardScreen route loads successfully within the Primecare Clinic workspace.
- The interface correctly displays all primary modules and active widgets.
- Role-based access control restricts unauthorized actions, permitting only Registered Practical Nurse (RPN) access.
- System telemetry and data tables refresh correctly upon user interaction."
billing_admin_dashboard,Billing Admin Dashboard,cl,admin,/offices/franchise/roles/billing_admin/dashboard,created,No,Business workflow and domain data binding need verification; Authenticated browser and accessibility evidence is pending; No domain API is linked to this page,,GET /v1/governance/workspace,"- The BillingAdminDashboardScreen route loads successfully within the Primecare Client workspace.
- The interface correctly displays all primary modules and active widgets.
- Role-based access control restricts unauthorized actions, permitting only Administrative Assistant access.
- System telemetry and data tables refresh correctly upon user interaction."
employee_dashboard,Employee Dashboard,cl,employee,/staff/employee-dashboard,created,No,Business workflow and domain data binding need verification; Authenticated browser and accessibility evidence is pending; Domain API authorization or schemas are incomplete,,POST /v1/employee/pto/request; POST /v1/employee/tax/download; GET /v1/governance/workspace,"- The EmployeeDashboardScreen route loads successfully within the Primecare Client workspace.
- The interface correctly displays all primary modules and active widgets.
- Role-based access control restricts unauthorized actions, permitting only Employee access.
- System telemetry and data tables refresh correctly upon user interaction."
hr_hiring_dashboard,Hr Hiring Dashboard,co,hr_hiring,/offices/corporate/roles/hr_hiring/dashboard,created,No,Business workflow and domain data binding need verification; Authenticated browser and accessibility evidence is pending; No domain API is linked to this page,,GET /v1/governance/workspace,"- The HrHiringDashboardScreen route loads successfully within the Primecare Client workspace.
- The interface correctly displays all primary modules and active widgets.
- Role-based access control restricts unauthorized actions, permitting only Talent Acquisition Manager access.
- System telemetry and data tables refresh correctly upon user interaction."
hr_manager_dashboard,Hr Manager Dashboard,co,hr_director,/offices/corporate/roles/hr_manager/dashboard,created,No,Business workflow and domain data binding need verification; Authenticated browser and accessibility evidence is pending; No domain API is linked to this page,,GET /v1/governance/workspace,"- The HrManagerDashboardScreen route loads successfully within the Primecare Corporate workspace.
- The interface correctly displays all primary modules and active widgets.
- Role-based access control restricts unauthorized actions, permitting only HR Director access.
- System telemetry and data tables refresh correctly upon user interaction."
intake_coordinator_dashboard,Intake Coordinator Dashboard,ci,intake,/offices/clinical/roles/intake_coordinator/dashboard,created,No,Business workflow and domain data binding need verification; Authenticated browser and accessibility evidence is pending; No domain API is linked to this page,,GET /v1/governance/workspace,"- The IntakeCoordinatorDashboardScreen route loads successfully within the Primecare Clinic workspace.
- The interface correctly displays all primary modules and active widgets.
- Role-based access control restricts unauthorized actions, permitting only Intake Coordinator access.
- System telemetry and data tables refresh correctly upon user interaction."
quality_assurance_dashboard,Quality Assurance Dashboard,cl,system_verification,/staff/quality-assurance-dashboard,created,No,Business workflow and domain data binding need verification; Authenticated browser and accessibility evidence is pending; No domain API is linked to this page,,GET /v1/governance/workspace,"- The QualityAssuranceDashboardScreen route loads successfully within the Primecare Client workspace.
- The interface correctly displays all primary modules and active widgets.
- Role-based access control restricts unauthorized actions, permitting only System Verification Officer access.
- System telemetry and data tables refresh correctly upon user interaction."
receptionist_dashboard,Receptionist Dashboard,cl,admin,/staff/receptionist-dashboard,created,No,Business workflow and domain data binding need verification; Authenticated browser and accessibility evidence is pending; No domain API is linked to this page,,GET /v1/governance/workspace,"- The ReceptionistDashboardScreen route loads successfully within the Primecare Client workspace.
- The interface correctly displays all primary modules and active widgets.
- Role-based access control restricts unauthorized actions, permitting only Administrative Assistant access.
- System telemetry and data tables refresh correctly upon user interaction."
scheduler_dashboard,Scheduler Dashboard,fr,scheduler,/offices/franchise/roles/scheduler/dashboard,created,No,Business workflow and domain data binding need verification; Authenticated browser and accessibility evidence is pending; No domain API is linked to this page,,GET /v1/governance/workspace,"- The SchedulerDashboardScreen route loads successfully within the Primecare Client workspace.
- The interface correctly displays all primary modules and active widgets.
- Role-based access control restricts unauthorized actions, permitting only Shift Supervisor access.
- System telemetry and data tables refresh correctly upon user interaction."
training_coordinator_dashboard,Training Coordinator Dashboard,su,training_coordinator,/offices/support/roles/training_coordinator/dashboard,created,No,Business workflow and domain data binding need verification; Authenticated browser and accessibility evidence is pending; No domain API is linked to this page,,GET /v1/governance/workspace,"- The TrainingCoordinatorDashboardScreen route loads successfully within the Primecare Client workspace.
- The interface correctly displays all primary modules and active widgets.
- Role-based access control restricts unauthorized actions, permitting only Training Candidate access.
- System telemetry and data tables refresh correctly upon user interaction."
volunteer_coordinator_dashboard,Volunteer Coordinator Dashboard,co,volunteer_coordinator,/offices/corporate/roles/volunteer_coordinator/dashboard,created,No,Business workflow and domain data binding need verification; Authenticated browser and accessibility evidence is pending; No domain API is linked to this page,,GET /v1/governance/workspace,"- The VolunteerCoordinatorDashboardScreen route loads successfully within the Primecare Client workspace.
- The interface correctly displays all primary modules and active widgets.
- Role-based access control restricts unauthorized actions, permitting only Volunteer Coordinator access.
- System telemetry and data tables refresh correctly upon user interaction."
volunteer_dashboard,Volunteer Dashboard,cl,volunteer,/staff/volunteer-dashboard,created,No,Business workflow and domain data binding need verification; Authenticated browser and accessibility evidence is pending; Domain API authorization or schemas are incomplete,,GET /v1/governance/workspace; POST /v1/volunteer/shift/checkin; POST /v1/volunteer/visits/log,"- The VolunteerDashboardScreen route loads successfully within the Primecare Client workspace.
- The interface correctly displays all primary modules and active widgets.
- Role-based access control restricts unauthorized actions, permitting only Volunteer access.
- System telemetry and data tables refresh correctly upon user interaction."
rmt_analytics,Rmt Analytics,ci,rmt,/offices/clinical/roles/rmt/analytics,created,No,Business workflow and domain data binding need verification; Authenticated browser and accessibility evidence is pending; No domain API is linked to this page,,GET /v1/governance/workspace,"- The RmtAnalyticsScreen route loads successfully within the PrimeCare UI Client workspace.
- The interface correctly displays all primary modules and active widgets.
- Role-based access control restricts unauthorized actions, permitting only Registered Massage Therapist (RMT) access.
- System telemetry and data tables refresh correctly upon user interaction."
rmt_compliance,Rmt Compliance,ci,rmt,/offices/clinical/roles/rmt/compliance,created,No,Business workflow and domain data binding need verification; Authenticated browser and accessibility evidence is pending; No domain API is linked to this page,,GET /v1/governance/workspace,"- The RmtComplianceScreen route loads successfully within the PrimeCare UI Client workspace.
- The interface correctly displays all primary modules and active widgets.
- Role-based access control restricts unauthorized actions, permitting only Registered Massage Therapist (RMT) access.
- System telemetry and data tables refresh correctly upon user interaction."
rmt_workflow,Rmt Workflow,ci,rmt,/offices/clinical/roles/rmt/workflow,created,No,Business workflow and domain data binding need verification; Authenticated browser and accessibility evidence is pending; No domain API is linked to this page,,GET /v1/governance/workspace,"- The RmtWorkflowScreen route loads successfully within the PrimeCare UI Client workspace.
- The interface correctly displays all primary modules and active widgets.
- Role-based access control restricts unauthorized actions, permitting only Registered Massage Therapist (RMT) access.
- System telemetry and data tables refresh correctly upon user interaction."
clinical_analytics,Clinical Analytics,ci,clinical_director,/offices/clinical/roles/clinical_director/analytics,created,No,Business workflow and domain data binding need verification; Authenticated browser and accessibility evidence is pending; No domain API is linked to this page,,GET /v1/governance/workspace,"- The ClinicalAnalyticsScreen route loads successfully within the PrimeCare UI Client workspace.
- The interface correctly displays all primary modules and active widgets.
- Role-based access control restricts unauthorized actions, permitting only Clinical Director access.
- System telemetry and data tables refresh correctly upon user interaction."
clinical_compliance,Clinical Compliance,ci,clinical_director,/offices/clinical/roles/clinical_director/compliance,created,No,Business workflow and domain data binding need verification; Authenticated browser and accessibility evidence is pending; No domain API is linked to this page,,GET /v1/governance/workspace,"- The ClinicalComplianceScreen route loads successfully within the PrimeCare UI Client workspace.
- The interface correctly displays all primary modules and active widgets.
- Role-based access control restricts unauthorized actions, permitting only Clinical Director access.
- System telemetry and data tables refresh correctly upon user interaction."
clinical_workflow,Clinical Workflow,ci,clinical_director,/offices/clinical/roles/clinical_director/workflow,created,No,Business workflow and domain data binding need verification; Authenticated browser and accessibility evidence is pending; No domain API is linked to this page,,GET /v1/governance/workspace,"- The ClinicalWorkflowScreen route loads successfully within the PrimeCare UI Client workspace.
- The interface correctly displays all primary modules and active widgets.
- Role-based access control restricts unauthorized actions, permitting only Clinical Director access.
- System telemetry and data tables refresh correctly upon user interaction."
hsw_adl_logger,Hsw Adl Logger,ui,hsw,/clinical/hsw-adl-logger,created,No,Business workflow and domain data binding need verification; Authenticated browser and accessibility evidence is pending; No domain API is linked to this page,,GET /v1/governance/workspace,"- The HswAdlLoggerScreen route loads successfully within the PrimeCare UI Client workspace.
- The interface correctly displays all primary modules and active widgets.
- Role-based access control restricts unauthorized actions, permitting only Home Support Worker access.
- System telemetry and data tables refresh correctly upon user interaction."
hsw_care_plans,Hsw Care Plans,ui,hsw,/clinical/hsw-care-plans,created,No,Business workflow and domain data binding need verification; Authenticated browser and accessibility evidence is pending; No domain API is linked to this page,,GET /v1/governance/workspace,"- The HswCarePlansScreen route loads successfully within the PrimeCare UI Client workspace.
- The interface correctly displays all primary modules and active widgets.
- Role-based access control restricts unauthorized actions, permitting only Home Support Worker access.
- System telemetry and data tables refresh correctly upon user interaction."
hsw_incident_reports,Hsw Incident Reports,ui,hsw,/clinical/hsw-incident-reports,created,No,Business workflow and domain data binding need verification; Authenticated browser and accessibility evidence is pending; No domain API is linked to this page,,GET /v1/governance/workspace,"- The HswIncidentReportsScreen route loads successfully within the PrimeCare UI Client workspace.
- The interface correctly displays all primary modules and active widgets.
- Role-based access control restricts unauthorized actions, permitting only Home Support Worker access.
- System telemetry and data tables refresh correctly upon user interaction."
hsw_schedule,Hsw Schedule,ui,hsw,/clinical/hsw-schedule,created,No,Business workflow and domain data binding need verification; Authenticated browser and accessibility evidence is pending; No domain API is linked to this page,,GET /v1/governance/workspace,"- The HswScheduleScreen route loads successfully within the PrimeCare UI Client workspace.
- The interface correctly displays all primary modules and active widgets.
- Role-based access control restricts unauthorized actions, permitting only Home Support Worker access.
- System telemetry and data tables refresh correctly upon user interaction."
architecture_planning_analytics,Architecture Planning Analytics,ui,infrastructure,/common/architecture-planning-analytics,created,No,Business workflow and domain data binding need verification; Authenticated browser and accessibility evidence is pending; No domain API is linked to this page,,GET /v1/governance/workspace,"- The ArchitecturePlanningAnalyticsScreen route loads successfully within the PrimeCare UI Client workspace.
- The interface correctly displays all primary modules and active widgets.
- Role-based access control restricts unauthorized actions, permitting only Infrastructure Auditor access.
- System telemetry and data tables refresh correctly upon user interaction."
architecture_planning_compliance,Architecture Planning Compliance,ui,infrastructure,/common/architecture-planning-compliance,created,No,Business workflow and domain data binding need verification; Authenticated browser and accessibility evidence is pending; No domain API is linked to this page,,GET /v1/governance/workspace,"- The ArchitecturePlanningComplianceScreen route loads successfully within the PrimeCare UI Client workspace.
- The interface correctly displays all primary modules and active widgets.
- Role-based access control restricts unauthorized actions, permitting only Infrastructure Auditor access.
- System telemetry and data tables refresh correctly upon user interaction."
architecture_planning_workflow,Architecture Planning Workflow,ui,infrastructure,/common/architecture-planning-workflow,created,No,Business workflow and domain data binding need verification; Authenticated browser and accessibility evidence is pending; No domain API is linked to this page,,GET /v1/governance/workspace,"- The ArchitecturePlanningWorkflowScreen route loads successfully within the PrimeCare UI Client workspace.
- The interface correctly displays all primary modules and active widgets.
- Role-based access control restricts unauthorized actions, permitting only Infrastructure Auditor access.
- System telemetry and data tables refresh correctly upon user interaction."
business_development_analytics,Business Development Analytics,ui,bus_dev,/common/business-development-analytics,created,No,Business workflow and domain data binding need verification; Authenticated browser and accessibility evidence is pending; No domain API is linked to this page,,GET /v1/governance/workspace,"- The BusinessDevelopmentAnalyticsScreen route loads successfully within the PrimeCare UI Client workspace.
- The interface correctly displays all primary modules and active widgets.
- Role-based access control restricts unauthorized actions, permitting only Head of Business Development access.
- System telemetry and data tables refresh correctly upon user interaction."
business_development_compliance,Business Development Compliance,ui,bus_dev,/common/business-development-compliance,created,No,Business workflow and domain data binding need verification; Authenticated browser and accessibility evidence is pending; No domain API is linked to this page,,GET /v1/governance/workspace,"- The BusinessDevelopmentComplianceScreen route loads successfully within the PrimeCare UI Client workspace.
- The interface correctly displays all primary modules and active widgets.
- Role-based access control restricts unauthorized actions, permitting only Head of Business Development access.
- System telemetry and data tables refresh correctly upon user interaction."
business_development_workflow,Business Development Workflow,ui,bus_dev,/common/business-development-workflow,created,No,Business workflow and domain data binding need verification; Authenticated browser and accessibility evidence is pending; No domain API is linked to this page,,GET /v1/governance/workspace,"- The BusinessDevelopmentWorkflowScreen route loads successfully within the PrimeCare UI Client workspace.
- The interface correctly displays all primary modules and active widgets.
- Role-based access control restricts unauthorized actions, permitting only Head of Business Development access.
- System telemetry and data tables refresh correctly upon user interaction."
chiropractor_analytics,Chiropractor Analytics,ci,chiropractor,/offices/clinical/roles/chiropractor/analytics,created,No,Business workflow and domain data binding need verification; Authenticated browser and accessibility evidence is pending; No domain API is linked to this page,,GET /v1/governance/workspace,"- The ChiropractorAnalyticsScreen route loads successfully within the PrimeCare UI Client workspace.
- The interface correctly displays all primary modules and active widgets.
- Role-based access control restricts unauthorized actions, permitting only Chiropractor access.
- System telemetry and data tables refresh correctly upon user interaction."
chiropractor_compliance,Chiropractor Compliance,ci,chiropractor,/offices/clinical/roles/chiropractor/compliance,created,No,Business workflow and domain data binding need verification; Authenticated browser and accessibility evidence is pending; No domain API is linked to this page,,GET /v1/governance/workspace,"- The ChiropractorComplianceScreen route loads successfully within the PrimeCare UI Client workspace.
- The interface correctly displays all primary modules and active widgets.
- Role-based access control restricts unauthorized actions, permitting only Chiropractor access.
- System telemetry and data tables refresh correctly upon user interaction."
chiropractor_workflow,Chiropractor Workflow,ci,chiropractor,/offices/clinical/roles/chiropractor/workflow,created,No,Business workflow and domain data binding need verification; Authenticated browser and accessibility evidence is pending; No domain API is linked to this page,,GET /v1/governance/workspace,"- The ChiropractorWorkflowScreen route loads successfully within the PrimeCare UI Client workspace.
- The interface correctly displays all primary modules and active widgets.
- Role-based access control restricts unauthorized actions, permitting only Chiropractor access.
- System telemetry and data tables refresh correctly upon user interaction."
clinic_analytics,Clinic Analytics,ci,clinical_director,/offices/clinical/roles/clinical_director/clinic-analytics,created,No,Business workflow and domain data binding need verification; Authenticated browser and accessibility evidence is pending; No domain API is linked to this page,,GET /v1/governance/workspace,"- The ClinicAnalyticsScreen route loads successfully within the PrimeCare UI Client workspace.
- The interface correctly displays all primary modules and active widgets.
- Role-based access control restricts unauthorized actions, permitting only Clinical Director access.
- System telemetry and data tables refresh correctly upon user interaction."
clinic_compliance,Clinic Compliance,ci,clinical_director,/offices/clinical/roles/clinical_director/clinic-compliance,created,No,Business workflow and domain data binding need verification; Authenticated browser and accessibility evidence is pending; No domain API is linked to this page,,GET /v1/governance/workspace,"- The ClinicComplianceScreen route loads successfully within the PrimeCare UI Client workspace.
- The interface correctly displays all primary modules and active widgets.
- Role-based access control restricts unauthorized actions, permitting only Clinical Director access.
- System telemetry and data tables refresh correctly upon user interaction."
clinic_workflow,Clinic Workflow,ci,clinical_director,/offices/clinical/roles/clinical_director/clinic-workflow,created,No,Business workflow and domain data binding need verification; Authenticated browser and accessibility evidence is pending; No domain API is linked to this page,,GET /v1/governance/workspace,"- The ClinicWorkflowScreen route loads successfully within the PrimeCare UI Client workspace.
- The interface correctly displays all primary modules and active widgets.
- Role-based access control restricts unauthorized actions, permitting only Clinical Director access.
- System telemetry and data tables refresh correctly upon user interaction."
course_architect_analytics,Course Architect Analytics,ui,training_director,/common/course-architect-analytics,created,No,Business workflow and domain data binding need verification; Authenticated browser and accessibility evidence is pending; No domain API is linked to this page,,GET /v1/governance/workspace,"- The CourseArchitectAnalyticsScreen route loads successfully within the PrimeCare UI Client workspace.
- The interface correctly displays all primary modules and active widgets.
- Role-based access control restricts unauthorized actions, permitting only Training Director access.
- System telemetry and data tables refresh correctly upon user interaction."
course_architect_compliance,Course Architect Compliance,ui,training_director,/common/course-architect-compliance,created,No,Business workflow and domain data binding need verification; Authenticated browser and accessibility evidence is pending; No domain API is linked to this page,,GET /v1/governance/workspace,"- The CourseArchitectComplianceScreen route loads successfully within the PrimeCare UI Client workspace.
- The interface correctly displays all primary modules and active widgets.
- Role-based access control restricts unauthorized actions, permitting only Training Director access.
- System telemetry and data tables refresh correctly upon user interaction."
course_architect_workflow,Course Architect Workflow,ui,training_director,/common/course-architect-workflow,created,No,Business workflow and domain data binding need verification; Authenticated browser and accessibility evidence is pending; No domain API is linked to this page,,GET /v1/governance/workspace,"- The CourseArchitectWorkflowScreen route loads successfully within the PrimeCare UI Client workspace.
- The interface correctly displays all primary modules and active widgets.
- Role-based access control restricts unauthorized actions, permitting only Training Director access.
- System telemetry and data tables refresh correctly upon user interaction."
customer_support_analytics,Customer Support Analytics,ui,customer_support,/common/customer-support-analytics,created,No,Business workflow and domain data binding need verification; Authenticated browser and accessibility evidence is pending; No domain API is linked to this page,,GET /v1/governance/workspace,"- The CustomerSupportAnalyticsScreen route loads successfully within the PrimeCare UI Client workspace.
- The interface correctly displays all primary modules and active widgets.
- Role-based access control restricts unauthorized actions, permitting only Customer Support access.
- System telemetry and data tables refresh correctly upon user interaction."
customer_support_compliance,Customer Support Compliance,ui,customer_support,/common/customer-support-compliance,created,No,Business workflow and domain data binding need verification; Authenticated browser and accessibility evidence is pending; No domain API is linked to this page,,GET /v1/governance/workspace,"- The CustomerSupportComplianceScreen route loads successfully within the PrimeCare UI Client workspace.
- The interface correctly displays all primary modules and active widgets.
- Role-based access control restricts unauthorized actions, permitting only Customer Support access.
- System telemetry and data tables refresh correctly upon user interaction."
customer_support_workflow,Customer Support Workflow,ui,customer_support,/common/customer-support-workflow,created,No,Business workflow and domain data binding need verification; Authenticated browser and accessibility evidence is pending; No domain API is linked to this page,,GET /v1/governance/workspace,"- The CustomerSupportWorkflowScreen route loads successfully within the PrimeCare UI Client workspace.
- The interface correctly displays all primary modules and active widgets.
- Role-based access control restricts unauthorized actions, permitting only Customer Support access.
- System telemetry and data tables refresh correctly upon user interaction."
dynamic_analytics,Dynamic Screen Analytics,ui,dynamic,/common/dynamic-analytics,created,No,Business workflow and domain data binding need verification; Authenticated browser and accessibility evidence is pending; No domain API is linked to this page,,GET /v1/governance/workspace,"- The DynamicScreenAnalyticsScreen route loads successfully within the PrimeCare UI Client workspace.
- The interface correctly displays all primary modules and active widgets.
- Role-based access control restricts unauthorized actions, permitting only Dynamic Screen Viewer access.
- System telemetry and data tables refresh correctly upon user interaction."
dynamic_compliance,Dynamic Screen Compliance,ui,dynamic,/common/dynamic-compliance,created,No,Business workflow and domain data binding need verification; Authenticated browser and accessibility evidence is pending; No domain API is linked to this page,,GET /v1/governance/workspace,"- The DynamicScreenComplianceScreen route loads successfully within the PrimeCare UI Client workspace.
- The interface correctly displays all primary modules and active widgets.
- Role-based access control restricts unauthorized actions, permitting only Dynamic Screen Viewer access.
- System telemetry and data tables refresh correctly upon user interaction."
dynamic_workflow,Dynamic Screen Workflow,ui,dynamic,/common/dynamic-workflow,created,No,Business workflow and domain data binding need verification; Authenticated browser and accessibility evidence is pending; No domain API is linked to this page,,GET /v1/governance/workspace,"- The DynamicScreenWorkflowScreen route loads successfully within the PrimeCare UI Client workspace.
- The interface correctly displays all primary modules and active widgets.
- Role-based access control restricts unauthorized actions, permitting only Dynamic Screen Viewer access.
- System telemetry and data tables refresh correctly upon user interaction."
family_member_analytics,Family Member Analytics,ui,family,/common/family-member-analytics,created,No,Business workflow and domain data binding need verification; Authenticated browser and accessibility evidence is pending; No domain API is linked to this page,,GET /v1/governance/workspace,"- The FamilyMemberAnalyticsScreen route loads successfully within the PrimeCare UI Client workspace.
- The interface correctly displays all primary modules and active widgets.
- Role-based access control restricts unauthorized actions, permitting only Family Member access.
- System telemetry and data tables refresh correctly upon user interaction."
family_member_compliance,Family Member Compliance,ui,family,/common/family-member-compliance,created,No,Business workflow and domain data binding need verification; Authenticated browser and accessibility evidence is pending; No domain API is linked to this page,,GET /v1/governance/workspace,"- The FamilyMemberComplianceScreen route loads successfully within the PrimeCare UI Client workspace.
- The interface correctly displays all primary modules and active widgets.
- Role-based access control restricts unauthorized actions, permitting only Family Member access.
- System telemetry and data tables refresh correctly upon user interaction."
family_member_workflow,Family Member Workflow,ui,family,/common/family-member-workflow,created,No,Business workflow and domain data binding need verification; Authenticated browser and accessibility evidence is pending; No domain API is linked to this page,,GET /v1/governance/workspace,"- The FamilyMemberWorkflowScreen route loads successfully within the PrimeCare UI Client workspace.
- The interface correctly displays all primary modules and active widgets.
- Role-based access control restricts unauthorized actions, permitting only Family Member access.
- System telemetry and data tables refresh correctly upon user interaction."
franchise_analytics,Franchise Analytics,ui,owner,/common/franchise-analytics,created,No,Business workflow and domain data binding need verification; Authenticated browser and accessibility evidence is pending; No domain API is linked to this page,,GET /v1/governance/workspace,"- The FranchiseAnalyticsScreen route loads successfully within the PrimeCare UI Client workspace.
- The interface correctly displays all primary modules and active widgets.
- Role-based access control restricts unauthorized actions, permitting only Franchise Owner access.
- System telemetry and data tables refresh correctly upon user interaction."
franchise_compliance,Franchise Compliance,ui,owner,/common/franchise-compliance,created,No,Business workflow and domain data binding need verification; Authenticated browser and accessibility evidence is pending; No domain API is linked to this page,,GET /v1/governance/workspace,"- The FranchiseComplianceScreen route loads successfully within the PrimeCare UI Client workspace.
- The interface correctly displays all primary modules and active widgets.
- Role-based access control restricts unauthorized actions, permitting only Franchise Owner access.
- System telemetry and data tables refresh correctly upon user interaction."
franchise_workflow,Franchise Workflow,ui,owner,/common/franchise-workflow,created,No,Business workflow and domain data binding need verification; Authenticated browser and accessibility evidence is pending; No domain API is linked to this page,,GET /v1/governance/workspace,"- The FranchiseWorkflowScreen route loads successfully within the PrimeCare UI Client workspace.
- The interface correctly displays all primary modules and active widgets.
- Role-based access control restricts unauthorized actions, permitting only Franchise Owner access.
- System telemetry and data tables refresh correctly upon user interaction."
guest_analytics,Guest Analytics,ui,guest,/common/guest-analytics,created,No,Business workflow and domain data binding need verification; Authenticated browser and accessibility evidence is pending; No domain API is linked to this page,,GET /v1/governance/workspace,"- The GuestAnalyticsScreen route loads successfully within the PrimeCare UI Client workspace.
- The interface correctly displays all primary modules and active widgets.
- Role-based access control restricts unauthorized actions, permitting only Guest access.
- System telemetry and data tables refresh correctly upon user interaction."
guest_compliance,Guest Compliance,ui,guest,/common/guest-compliance,created,No,Business workflow and domain data binding need verification; Authenticated browser and accessibility evidence is pending; No domain API is linked to this page,,GET /v1/governance/workspace,"- The GuestComplianceScreen route loads successfully within the PrimeCare UI Client workspace.
- The interface correctly displays all primary modules and active widgets.
- Role-based access control restricts unauthorized actions, permitting only Guest access.
- System telemetry and data tables refresh correctly upon user interaction."
guest_workflow,Guest Workflow,ui,guest,/common/guest-workflow,created,No,Business workflow and domain data binding need verification; Authenticated browser and accessibility evidence is pending; No domain API is linked to this page,,GET /v1/governance/workspace,"- The GuestWorkflowScreen route loads successfully within the PrimeCare UI Client workspace.
- The interface correctly displays all primary modules and active widgets.
- Role-based access control restricts unauthorized actions, permitting only Guest access.
- System telemetry and data tables refresh correctly upon user interaction."
infrastructure_analytics,Infrastructure Analytics,ui,infrastructure,/common/infrastructure-analytics,created,No,Business workflow and domain data binding need verification; Authenticated browser and accessibility evidence is pending; No domain API is linked to this page,,GET /v1/governance/workspace,"- The InfrastructureAnalyticsScreen route loads successfully within the PrimeCare UI Client workspace.
- The interface correctly displays all primary modules and active widgets.
- Role-based access control restricts unauthorized actions, permitting only Infrastructure Auditor access.
- System telemetry and data tables refresh correctly upon user interaction."
infrastructure_compliance,Infrastructure Compliance,ui,infrastructure,/common/infrastructure-compliance,created,No,Business workflow and domain data binding need verification; Authenticated browser and accessibility evidence is pending; No domain API is linked to this page,,GET /v1/governance/workspace,"- The InfrastructureComplianceScreen route loads successfully within the PrimeCare UI Client workspace.
- The interface correctly displays all primary modules and active widgets.
- Role-based access control restricts unauthorized actions, permitting only Infrastructure Auditor access.
- System telemetry and data tables refresh correctly upon user interaction."
infrastructure_workflow,Infrastructure Workflow,ui,infrastructure,/common/infrastructure-workflow,created,No,Business workflow and domain data binding need verification; Authenticated browser and accessibility evidence is pending; No domain API is linked to this page,,GET /v1/governance/workspace,"- The InfrastructureWorkflowScreen route loads successfully within the PrimeCare UI Client workspace.
- The interface correctly displays all primary modules and active widgets.
- Role-based access control restricts unauthorized actions, permitting only Infrastructure Auditor access.
- System telemetry and data tables refresh correctly upon user interaction."
intake_analytics,Intake Analytics,ui,intake,/offices/clinical/roles/intake_coordinator/analytics,created,No,Business workflow and domain data binding need verification; Authenticated browser and accessibility evidence is pending; No domain API is linked to this page,,GET /v1/governance/workspace,"- The IntakeAnalyticsScreen route loads successfully within the PrimeCare UI Client workspace.
- The interface correctly displays all primary modules and active widgets.
- Role-based access control restricts unauthorized actions, permitting only Intake Coordinator access.
- System telemetry and data tables refresh correctly upon user interaction."
intake_compliance,Intake Compliance,ui,intake,/offices/clinical/roles/intake_coordinator/compliance,created,No,Business workflow and domain data binding need verification; Authenticated browser and accessibility evidence is pending; No domain API is linked to this page,,GET /v1/governance/workspace,"- The IntakeComplianceScreen route loads successfully within the PrimeCare UI Client workspace.
- The interface correctly displays all primary modules and active widgets.
- Role-based access control restricts unauthorized actions, permitting only Intake Coordinator access.
- System telemetry and data tables refresh correctly upon user interaction."
intake_workflow,Intake Workflow,ui,intake,/offices/clinical/roles/intake_coordinator/workflow,created,No,Business workflow and domain data binding need verification; Authenticated browser and accessibility evidence is pending; No domain API is linked to this page,,GET /v1/governance/workspace,"- The IntakeWorkflowScreen route loads successfully within the PrimeCare UI Client workspace.
- The interface correctly displays all primary modules and active widgets.
- Role-based access control restricts unauthorized actions, permitting only Intake Coordinator access.
- System telemetry and data tables refresh correctly upon user interaction."
office_analytics,Office Analytics,ui,admin,/common/office-analytics,created,No,Business workflow and domain data binding need verification; Authenticated browser and accessibility evidence is pending; No domain API is linked to this page,,GET /v1/governance/workspace,"- The OfficeAnalyticsScreen route loads successfully within the PrimeCare UI Client workspace.
- The interface correctly displays all primary modules and active widgets.
- Role-based access control restricts unauthorized actions, permitting only Administrative Assistant access.
- System telemetry and data tables refresh correctly upon user interaction."
office_compliance,Office Compliance,ui,admin,/common/office-compliance,created,No,Business workflow and domain data binding need verification; Authenticated browser and accessibility evidence is pending; No domain API is linked to this page,,GET /v1/governance/workspace,"- The OfficeComplianceScreen route loads successfully within the PrimeCare UI Client workspace.
- The interface correctly displays all primary modules and active widgets.
- Role-based access control restricts unauthorized actions, permitting only Administrative Assistant access.
- System telemetry and data tables refresh correctly upon user interaction."
office_workflow,Office Workflow,ui,admin,/common/office-workflow,created,No,Business workflow and domain data binding need verification; Authenticated browser and accessibility evidence is pending; No domain API is linked to this page,,GET /v1/governance/workspace,"- The OfficeWorkflowScreen route loads successfully within the PrimeCare UI Client workspace.
- The interface correctly displays all primary modules and active widgets.
- Role-based access control restricts unauthorized actions, permitting only Administrative Assistant access.
- System telemetry and data tables refresh correctly upon user interaction."
patient_analytics,Patient Analytics,ui,patient,/common/patient-analytics,created,No,Business workflow and domain data binding need verification; Authenticated browser and accessibility evidence is pending; No domain API is linked to this page,,GET /v1/governance/workspace,"- The PatientAnalyticsScreen route loads successfully within the PrimeCare UI Client workspace.
- The interface correctly displays all primary modules and active widgets.
- Role-based access control restricts unauthorized actions, permitting only Patient access.
- System telemetry and data tables refresh correctly upon user interaction."
patient_compliance,Patient Compliance,ui,patient,/common/patient-compliance,created,No,Business workflow and domain data binding need verification; Authenticated browser and accessibility evidence is pending; No domain API is linked to this page,,GET /v1/governance/workspace,"- The PatientComplianceScreen route loads successfully within the PrimeCare UI Client workspace.
- The interface correctly displays all primary modules and active widgets.
- Role-based access control restricts unauthorized actions, permitting only Patient access.
- System telemetry and data tables refresh correctly upon user interaction."
patient_workflow,Patient Workflow,ui,patient,/common/patient-workflow,created,No,Business workflow and domain data binding need verification; Authenticated browser and accessibility evidence is pending; No domain API is linked to this page,,GET /v1/governance/workspace,"- The PatientWorkflowScreen route loads successfully within the PrimeCare UI Client workspace.
- The interface correctly displays all primary modules and active widgets.
- Role-based access control restricts unauthorized actions, permitting only Patient access.
- System telemetry and data tables refresh correctly upon user interaction."
physiotherapist_analytics,Physiotherapist Analytics,ui,physio,/offices/clinical/roles/physiotherapist/analytics,created,No,Business workflow and domain data binding need verification; Authenticated browser and accessibility evidence is pending; No domain API is linked to this page,,GET /v1/governance/workspace,"- The PhysiotherapistAnalyticsScreen route loads successfully within the PrimeCare UI Client workspace.
- The interface correctly displays all primary modules and active widgets.
- Role-based access control restricts unauthorized actions, permitting only Physiotherapist access.
- System telemetry and data tables refresh correctly upon user interaction."
physiotherapist_compliance,Physiotherapist Compliance,ui,physio,/offices/clinical/roles/physiotherapist/compliance,created,No,Business workflow and domain data binding need verification; Authenticated browser and accessibility evidence is pending; No domain API is linked to this page,,GET /v1/governance/workspace,"- The PhysiotherapistComplianceScreen route loads successfully within the PrimeCare UI Client workspace.
- The interface correctly displays all primary modules and active widgets.
- Role-based access control restricts unauthorized actions, permitting only Physiotherapist access.
- System telemetry and data tables refresh correctly upon user interaction."
physiotherapist_workflow,Physiotherapist Workflow,ui,physio,/offices/clinical/roles/physiotherapist/workflow,created,No,Business workflow and domain data binding need verification; Authenticated browser and accessibility evidence is pending; No domain API is linked to this page,,GET /v1/governance/workspace,"- The PhysiotherapistWorkflowScreen route loads successfully within the PrimeCare UI Client workspace.
- The interface correctly displays all primary modules and active widgets.
- Role-based access control restricts unauthorized actions, permitting only Physiotherapist access.
- System telemetry and data tables refresh correctly upon user interaction."
portal_analytics,Portal Analytics,ui,portal,/common/portal-analytics,created,No,Business workflow and domain data binding need verification; Authenticated browser and accessibility evidence is pending; No domain API is linked to this page,,GET /v1/governance/workspace,"- The PortalAnalyticsScreen route loads successfully within the PrimeCare UI Client workspace.
- The interface correctly displays all primary modules and active widgets.
- Role-based access control restricts unauthorized actions, permitting only Portal User access.
- System telemetry and data tables refresh correctly upon user interaction."
portal_compliance,Portal Compliance,ui,portal,/common/portal-compliance,created,No,Business workflow and domain data binding need verification; Authenticated browser and accessibility evidence is pending; No domain API is linked to this page,,GET /v1/governance/workspace,"- The PortalComplianceScreen route loads successfully within the PrimeCare UI Client workspace.
- The interface correctly displays all primary modules and active widgets.
- Role-based access control restricts unauthorized actions, permitting only Portal User access.
- System telemetry and data tables refresh correctly upon user interaction."
portal_workflow,Portal Workflow,ui,portal,/common/portal-workflow,created,No,Business workflow and domain data binding need verification; Authenticated browser and accessibility evidence is pending; No domain API is linked to this page,,GET /v1/governance/workspace,"- The PortalWorkflowScreen route loads successfully within the PrimeCare UI Client workspace.
- The interface correctly displays all primary modules and active widgets.
- Role-based access control restricts unauthorized actions, permitting only Portal User access.
- System telemetry and data tables refresh correctly upon user interaction."
qa_analytics,Qa Analytics,ui,qa_specialist,/common/qa-analytics,created,No,Business workflow and domain data binding need verification; Authenticated browser and accessibility evidence is pending; No domain API is linked to this page,,GET /v1/governance/workspace,"- The QaAnalyticsScreen route loads successfully within the PrimeCare UI Client workspace.
- The interface correctly displays all primary modules and active widgets.
- Role-based access control restricts unauthorized actions, permitting only QA Specialist access.
- System telemetry and data tables refresh correctly upon user interaction."
qa_compliance,Qa Compliance,ui,qa_specialist,/common/qa-compliance,created,No,Business workflow and domain data binding need verification; Authenticated browser and accessibility evidence is pending; No domain API is linked to this page,,GET /v1/governance/workspace,"- The QaComplianceScreen route loads successfully within the PrimeCare UI Client workspace.
- The interface correctly displays all primary modules and active widgets.
- Role-based access control restricts unauthorized actions, permitting only QA Specialist access.
- System telemetry and data tables refresh correctly upon user interaction."
qa_workflow,Qa Workflow,ui,qa_specialist,/common/qa-workflow,created,No,Business workflow and domain data binding need verification; Authenticated browser and accessibility evidence is pending; No domain API is linked to this page,,GET /v1/governance/workspace,"- The QaWorkflowScreen route loads successfully within the PrimeCare UI Client workspace.
- The interface correctly displays all primary modules and active widgets.
- Role-based access control restricts unauthorized actions, permitting only QA Specialist access.
- System telemetry and data tables refresh correctly upon user interaction."
shared_stubs,Shared Screen Stubs,ui,dynamic,/common/shared-stubs,created,No,Business workflow and domain data binding need verification; Authenticated browser and accessibility evidence is pending; No domain API is linked to this page,,GET /v1/governance/workspace,"- The SharedScreenStubs route loads successfully within the PrimeCare UI Client workspace.
- The interface correctly displays all primary modules and active widgets.
- Role-based access control restricts unauthorized actions, permitting only Dynamic Screen Viewer access.
- System telemetry and data tables refresh correctly upon user interaction."
social_worker_analytics,Social Worker Analytics,ci,social_worker,/offices/clinical/roles/social_worker/analytics,created,No,Business workflow and domain data binding need verification; Authenticated browser and accessibility evidence is pending; No domain API is linked to this page,,GET /v1/governance/workspace,"- The SocialWorkerAnalyticsScreen route loads successfully within the PrimeCare UI Client workspace.
- The interface correctly displays all primary modules and active widgets.
- Role-based access control restricts unauthorized actions, permitting only Social Worker access.
- System telemetry and data tables refresh correctly upon user interaction."
social_worker_compliance,Social Worker Compliance,ci,social_worker,/offices/clinical/roles/social_worker/compliance,created,No,Business workflow and domain data binding need verification; Authenticated browser and accessibility evidence is pending; No domain API is linked to this page,,GET /v1/governance/workspace,"- The SocialWorkerComplianceScreen route loads successfully within the PrimeCare UI Client workspace.
- The interface correctly displays all primary modules and active widgets.
- Role-based access control restricts unauthorized actions, permitting only Social Worker access.
- System telemetry and data tables refresh correctly upon user interaction."
social_worker_workflow,Social Worker Workflow,ci,social_worker,/offices/clinical/roles/social_worker/workflow,created,No,Business workflow and domain data binding need verification; Authenticated browser and accessibility evidence is pending; No domain API is linked to this page,,GET /v1/governance/workspace,"- The SocialWorkerWorkflowScreen route loads successfully within the PrimeCare UI Client workspace.
- The interface correctly displays all primary modules and active widgets.
- Role-based access control restricts unauthorized actions, permitting only Social Worker access.
- System telemetry and data tables refresh correctly upon user interaction."
support_analytics,Support Analytics,ui,customer_support,/common/support-analytics,created,No,Business workflow and domain data binding need verification; Authenticated browser and accessibility evidence is pending; No domain API is linked to this page,,GET /v1/governance/workspace,"- The SupportAnalyticsScreen route loads successfully within the PrimeCare UI Client workspace.
- The interface correctly displays all primary modules and active widgets.
- Role-based access control restricts unauthorized actions, permitting only Customer Support access.
- System telemetry and data tables refresh correctly upon user interaction."
support_compliance,Support Compliance,ui,customer_support,/common/support-compliance,created,No,Business workflow and domain data binding need verification; Authenticated browser and accessibility evidence is pending; No domain API is linked to this page,,GET /v1/governance/workspace,"- The SupportComplianceScreen route loads successfully within the PrimeCare UI Client workspace.
- The interface correctly displays all primary modules and active widgets.
- Role-based access control restricts unauthorized actions, permitting only Customer Support access.
- System telemetry and data tables refresh correctly upon user interaction."
support_workflow,Support Workflow,ui,customer_support,/common/support-workflow,created,No,Business workflow and domain data binding need verification; Authenticated browser and accessibility evidence is pending; No domain API is linked to this page,,GET /v1/governance/workspace,"- The SupportWorkflowScreen route loads successfully within the PrimeCare UI Client workspace.
- The interface correctly displays all primary modules and active widgets.
- Role-based access control restricts unauthorized actions, permitting only Customer Support access.
- System telemetry and data tables refresh correctly upon user interaction."
system_analytics,System Analytics,ui,system_verification,/common/system-analytics,created,No,Business workflow and domain data binding need verification; Authenticated browser and accessibility evidence is pending; No domain API is linked to this page,,GET /v1/governance/workspace,"- The SystemAnalyticsScreen route loads successfully within the PrimeCare UI Client workspace.
- The interface correctly displays all primary modules and active widgets.
- Role-based access control restricts unauthorized actions, permitting only System Verification Officer access.
- System telemetry and data tables refresh correctly upon user interaction."
system_compliance,System Compliance,ui,system_verification,/common/system-compliance,created,No,Business workflow and domain data binding need verification; Authenticated browser and accessibility evidence is pending; No domain API is linked to this page,,GET /v1/governance/workspace,"- The SystemComplianceScreen route loads successfully within the PrimeCare UI Client workspace.
- The interface correctly displays all primary modules and active widgets.
- Role-based access control restricts unauthorized actions, permitting only System Verification Officer access.
- System telemetry and data tables refresh correctly upon user interaction."
system_verification_analytics,System Verification Analytics,ui,system_verification,/common/system-verification-analytics,created,No,Business workflow and domain data binding need verification; Authenticated browser and accessibility evidence is pending; No domain API is linked to this page,,GET /v1/governance/workspace,"- The SystemVerificationAnalyticsScreen route loads successfully within the PrimeCare UI Client workspace.
- The interface correctly displays all primary modules and active widgets.
- Role-based access control restricts unauthorized actions, permitting only System Verification Officer access.
- System telemetry and data tables refresh correctly upon user interaction."
system_verification_compliance,System Verification Compliance,ui,system_verification,/common/system-verification-compliance,created,No,Business workflow and domain data binding need verification; Authenticated browser and accessibility evidence is pending; No domain API is linked to this page,,GET /v1/governance/workspace,"- The SystemVerificationComplianceScreen route loads successfully within the PrimeCare UI Client workspace.
- The interface correctly displays all primary modules and active widgets.
- Role-based access control restricts unauthorized actions, permitting only System Verification Officer access.
- System telemetry and data tables refresh correctly upon user interaction."
system_verification_workflow,System Verification Workflow,ui,system_verification,/common/system-verification-workflow,created,No,Business workflow and domain data binding need verification; Authenticated browser and accessibility evidence is pending; No domain API is linked to this page,,GET /v1/governance/workspace,"- The SystemVerificationWorkflowScreen route loads successfully within the PrimeCare UI Client workspace.
- The interface correctly displays all primary modules and active widgets.
- Role-based access control restricts unauthorized actions, permitting only System Verification Officer access.
- System telemetry and data tables refresh correctly upon user interaction."
system_workflow,System Workflow,ui,system_verification,/common/system-workflow,created,No,Business workflow and domain data binding need verification; Authenticated browser and accessibility evidence is pending; No domain API is linked to this page,,GET /v1/governance/workspace,"- The SystemWorkflowScreen route loads successfully within the PrimeCare UI Client workspace.
- The interface correctly displays all primary modules and active widgets.
- Role-based access control restricts unauthorized actions, permitting only System Verification Officer access.
- System telemetry and data tables refresh correctly upon user interaction."
training_hub_analytics,Training Hub Analytics,ui,training,/common/training-hub-analytics,created,No,Business workflow and domain data binding need verification; Authenticated browser and accessibility evidence is pending; No domain API is linked to this page,,GET /v1/governance/workspace,"- The TrainingHubAnalyticsScreen route loads successfully within the PrimeCare UI Client workspace.
- The interface correctly displays all primary modules and active widgets.
- Role-based access control restricts unauthorized actions, permitting only Training Candidate access.
- System telemetry and data tables refresh correctly upon user interaction."
training_hub_compliance,Training Hub Compliance,ui,training,/common/training-hub-compliance,created,No,Business workflow and domain data binding need verification; Authenticated browser and accessibility evidence is pending; No domain API is linked to this page,,GET /v1/governance/workspace,"- The TrainingHubComplianceScreen route loads successfully within the PrimeCare UI Client workspace.
- The interface correctly displays all primary modules and active widgets.
- Role-based access control restricts unauthorized actions, permitting only Training Candidate access.
- System telemetry and data tables refresh correctly upon user interaction."
training_hub_workflow,Training Hub Workflow,ui,training,/common/training-hub-workflow,created,No,Business workflow and domain data binding need verification; Authenticated browser and accessibility evidence is pending; No domain API is linked to this page,,GET /v1/governance/workspace,"- The TrainingHubWorkflowScreen route loads successfully within the PrimeCare UI Client workspace.
- The interface correctly displays all primary modules and active widgets.
- Role-based access control restricts unauthorized actions, permitting only Training Candidate access.
- System telemetry and data tables refresh correctly upon user interaction."
cfo_analytics,Cfo Analytics,ui,cfo,/executive/cfo-analytics,created,No,Business workflow and domain data binding need verification; Authenticated browser and accessibility evidence is pending; No domain API is linked to this page,,GET /v1/governance/workspace,"- The CfoAnalyticsScreen route loads successfully within the PrimeCare UI Client workspace.
- The interface correctly displays all primary modules and active widgets.
- Role-based access control restricts unauthorized actions, permitting only Chief Financial Officer (CFO) access.
- System telemetry and data tables refresh correctly upon user interaction."
cfo_compliance,Cfo Compliance,ui,cfo,/executive/cfo-compliance,created,No,Business workflow and domain data binding need verification; Authenticated browser and accessibility evidence is pending; No domain API is linked to this page,,GET /v1/governance/workspace,"- The CfoComplianceScreen route loads successfully within the PrimeCare UI Client workspace.
- The interface correctly displays all primary modules and active widgets.
- Role-based access control restricts unauthorized actions, permitting only Chief Financial Officer (CFO) access.
- System telemetry and data tables refresh correctly upon user interaction."
cfo_workflow,Cfo Workflow,ui,cfo,/executive/cfo-workflow,created,No,Business workflow and domain data binding need verification; Authenticated browser and accessibility evidence is pending; No domain API is linked to this page,,GET /v1/governance/workspace,"- The CfoWorkflowScreen route loads successfully within the PrimeCare UI Client workspace.
- The interface correctly displays all primary modules and active widgets.
- Role-based access control restricts unauthorized actions, permitting only Chief Financial Officer (CFO) access.
- System telemetry and data tables refresh correctly upon user interaction."
ciso_analytics,Ciso Analytics,ui,ciso,/executive/ciso-analytics,created,No,Business workflow and domain data binding need verification; Authenticated browser and accessibility evidence is pending; No domain API is linked to this page,,GET /v1/governance/workspace,"- The CisoAnalyticsScreen route loads successfully within the PrimeCare UI Client workspace.
- The interface correctly displays all primary modules and active widgets.
- Role-based access control restricts unauthorized actions, permitting only Chief Information Security Officer (CISO) access.
- System telemetry and data tables refresh correctly upon user interaction."
ciso_compliance,Ciso Compliance,ui,ciso,/executive/ciso-compliance,created,No,Business workflow and domain data binding need verification; Authenticated browser and accessibility evidence is pending; No domain API is linked to this page,,GET /v1/governance/workspace,"- The CisoComplianceScreen route loads successfully within the PrimeCare UI Client workspace.
- The interface correctly displays all primary modules and active widgets.
- Role-based access control restricts unauthorized actions, permitting only Chief Information Security Officer (CISO) access.
- System telemetry and data tables refresh correctly upon user interaction."
ciso_workflow,Ciso Workflow,ui,ciso,/executive/ciso-workflow,created,No,Business workflow and domain data binding need verification; Authenticated browser and accessibility evidence is pending; No domain API is linked to this page,,GET /v1/governance/workspace,"- The CisoWorkflowScreen route loads successfully within the PrimeCare UI Client workspace.
- The interface correctly displays all primary modules and active widgets.
- Role-based access control restricts unauthorized actions, permitting only Chief Information Security Officer (CISO) access.
- System telemetry and data tables refresh correctly upon user interaction."
coo_analytics,Coo Analytics,ui,coo,/executive/coo-analytics,created,No,Business workflow and domain data binding need verification; Authenticated browser and accessibility evidence is pending; No domain API is linked to this page,,GET /v1/governance/workspace,"- The CooAnalyticsScreen route loads successfully within the PrimeCare UI Client workspace.
- The interface correctly displays all primary modules and active widgets.
- Role-based access control restricts unauthorized actions, permitting only Chief Operating Officer (COO) access.
- System telemetry and data tables refresh correctly upon user interaction."
coo_compliance,Coo Compliance,co,coo,/offices/corporate/roles/coo/compliance-view,created,No,Business workflow and domain data binding need verification; Authenticated browser and accessibility evidence is pending; No domain API is linked to this page,,GET /v1/governance/workspace,"- The CooComplianceScreen route loads successfully within the PrimeCare UI Client workspace.
- The interface correctly displays all primary modules and active widgets.
- Role-based access control restricts unauthorized actions, permitting only Chief Operating Officer (COO) access.
- System telemetry and data tables refresh correctly upon user interaction."
coo_workflow,Coo Workflow,ui,coo,/executive/coo-workflow,created,No,Business workflow and domain data binding need verification; Authenticated browser and accessibility evidence is pending; No domain API is linked to this page,,GET /v1/governance/workspace,"- The CooWorkflowScreen route loads successfully within the PrimeCare UI Client workspace.
- The interface correctly displays all primary modules and active widgets.
- Role-based access control restricts unauthorized actions, permitting only Chief Operating Officer (COO) access.
- System telemetry and data tables refresh correctly upon user interaction."
cto_analytics,Cto Analytics,ui,cto,/executive/cto-analytics,created,No,Business workflow and domain data binding need verification; Authenticated browser and accessibility evidence is pending; No domain API is linked to this page,,GET /v1/governance/workspace,"- The CtoAnalyticsScreen route loads successfully within the PrimeCare UI Client workspace.
- The interface correctly displays all primary modules and active widgets.
- Role-based access control restricts unauthorized actions, permitting only Chief Technology Officer (CTO) access.
- System telemetry and data tables refresh correctly upon user interaction."
cto_compliance,Cto Compliance,ui,cto,/executive/cto-compliance,created,No,Business workflow and domain data binding need verification; Authenticated browser and accessibility evidence is pending; No domain API is linked to this page,,GET /v1/governance/workspace,"- The CtoComplianceScreen route loads successfully within the PrimeCare UI Client workspace.
- The interface correctly displays all primary modules and active widgets.
- Role-based access control restricts unauthorized actions, permitting only Chief Technology Officer (CTO) access.
- System telemetry and data tables refresh correctly upon user interaction."
cto_workflow,Cto Workflow,ui,cto,/executive/cto-workflow,created,No,Business workflow and domain data binding need verification; Authenticated browser and accessibility evidence is pending; No domain API is linked to this page,,GET /v1/governance/workspace,"- The CtoWorkflowScreen route loads successfully within the PrimeCare UI Client workspace.
- The interface correctly displays all primary modules and active widgets.
- Role-based access control restricts unauthorized actions, permitting only Chief Technology Officer (CTO) access.
- System telemetry and data tables refresh correctly upon user interaction."
cx_director_analytics,Cx Director Analytics,ui,cx_director,/executive/cx-director-analytics,created,No,Business workflow and domain data binding need verification; Authenticated browser and accessibility evidence is pending; No domain API is linked to this page,,GET /v1/governance/workspace,"- The CxDirectorAnalyticsScreen route loads successfully within the PrimeCare UI Client workspace.
- The interface correctly displays all primary modules and active widgets.
- Role-based access control restricts unauthorized actions, permitting only CX Director access.
- System telemetry and data tables refresh correctly upon user interaction."
cx_director_compliance,Cx Director Compliance,ui,cx_director,/executive/cx-director-compliance,created,No,Business workflow and domain data binding need verification; Authenticated browser and accessibility evidence is pending; No domain API is linked to this page,,GET /v1/governance/workspace,"- The CxDirectorComplianceScreen route loads successfully within the PrimeCare UI Client workspace.
- The interface correctly displays all primary modules and active widgets.
- Role-based access control restricts unauthorized actions, permitting only CX Director access.
- System telemetry and data tables refresh correctly upon user interaction."
cx_director_workflow,Cx Director Workflow,ui,cx_director,/executive/cx-director-workflow,created,No,Business workflow and domain data binding need verification; Authenticated browser and accessibility evidence is pending; No domain API is linked to this page,,GET /v1/governance/workspace,"- The CxDirectorWorkflowScreen route loads successfully within the PrimeCare UI Client workspace.
- The interface correctly displays all primary modules and active widgets.
- Role-based access control restricts unauthorized actions, permitting only CX Director access.
- System telemetry and data tables refresh correctly upon user interaction."
finance_director_analytics,Finance Director Analytics,ui,finance_director,/executive/finance-director-analytics,created,No,Business workflow and domain data binding need verification; Authenticated browser and accessibility evidence is pending; No domain API is linked to this page,,GET /v1/governance/workspace,"- The FinanceDirectorAnalyticsScreen route loads successfully within the PrimeCare UI Client workspace.
- The interface correctly displays all primary modules and active widgets.
- Role-based access control restricts unauthorized actions, permitting only Finance Director access.
- System telemetry and data tables refresh correctly upon user interaction."
finance_director_compliance,Finance Director Compliance,ui,finance_director,/executive/finance-director-compliance,created,No,Business workflow and domain data binding need verification; Authenticated browser and accessibility evidence is pending; No domain API is linked to this page,,GET /v1/governance/workspace,"- The FinanceDirectorComplianceScreen route loads successfully within the PrimeCare UI Client workspace.
- The interface correctly displays all primary modules and active widgets.
- Role-based access control restricts unauthorized actions, permitting only Finance Director access.
- System telemetry and data tables refresh correctly upon user interaction."
finance_director_workflow,Finance Director Workflow,ui,finance_director,/executive/finance-director-workflow,created,No,Business workflow and domain data binding need verification; Authenticated browser and accessibility evidence is pending; No domain API is linked to this page,,GET /v1/governance/workspace,"- The FinanceDirectorWorkflowScreen route loads successfully within the PrimeCare UI Client workspace.
- The interface correctly displays all primary modules and active widgets.
- Role-based access control restricts unauthorized actions, permitting only Finance Director access.
- System telemetry and data tables refresh correctly upon user interaction."
hr_director_analytics,Hr Director Analytics,ui,hr_director,/executive/hr-director-analytics,created,No,Business workflow and domain data binding need verification; Authenticated browser and accessibility evidence is pending; No domain API is linked to this page,,GET /v1/governance/workspace,"- The HrDirectorAnalyticsScreen route loads successfully within the PrimeCare UI Client workspace.
- The interface correctly displays all primary modules and active widgets.
- Role-based access control restricts unauthorized actions, permitting only HR Director access.
- System telemetry and data tables refresh correctly upon user interaction."
hr_director_compliance,Hr Director Compliance,ui,hr_director,/executive/hr-director-compliance,created,No,Business workflow and domain data binding need verification; Authenticated browser and accessibility evidence is pending; No domain API is linked to this page,,GET /v1/governance/workspace,"- The HrDirectorComplianceScreen route loads successfully within the PrimeCare UI Client workspace.
- The interface correctly displays all primary modules and active widgets.
- Role-based access control restricts unauthorized actions, permitting only HR Director access.
- System telemetry and data tables refresh correctly upon user interaction."
hr_director_workflow,Hr Director Workflow,ui,hr_director,/executive/hr-director-workflow,created,No,Business workflow and domain data binding need verification; Authenticated browser and accessibility evidence is pending; No domain API is linked to this page,,GET /v1/governance/workspace,"- The HrDirectorWorkflowScreen route loads successfully within the PrimeCare UI Client workspace.
- The interface correctly displays all primary modules and active widgets.
- Role-based access control restricts unauthorized actions, permitting only HR Director access.
- System telemetry and data tables refresh correctly upon user interaction."
legal_analytics,Legal Analytics,ui,legal,/executive/legal-analytics,created,No,Business workflow and domain data binding need verification; Authenticated browser and accessibility evidence is pending; No domain API is linked to this page,,GET /v1/governance/workspace,"- The LegalAnalyticsScreen route loads successfully within the PrimeCare UI Client workspace.
- The interface correctly displays all primary modules and active widgets.
- Role-based access control restricts unauthorized actions, permitting only Legal Counsel access.
- System telemetry and data tables refresh correctly upon user interaction."
legal_compliance,Legal Compliance,ui,legal,/executive/legal-compliance,created,No,Business workflow and domain data binding need verification; Authenticated browser and accessibility evidence is pending; No domain API is linked to this page,,GET /v1/governance/workspace,"- The LegalComplianceScreen route loads successfully within the PrimeCare UI Client workspace.
- The interface correctly displays all primary modules and active widgets.
- Role-based access control restricts unauthorized actions, permitting only Legal Counsel access.
- System telemetry and data tables refresh correctly upon user interaction."
legal_workflow,Legal Workflow,ui,legal,/executive/legal-workflow,created,No,Business workflow and domain data binding need verification; Authenticated browser and accessibility evidence is pending; No domain API is linked to this page,,GET /v1/governance/workspace,"- The LegalWorkflowScreen route loads successfully within the PrimeCare UI Client workspace.
- The interface correctly displays all primary modules and active widgets.
- Role-based access control restricts unauthorized actions, permitting only Legal Counsel access.
- System telemetry and data tables refresh correctly upon user interaction."
owner_analytics,Owner Analytics,ui,owner,/executive/owner-analytics,created,No,Business workflow and domain data binding need verification; Authenticated browser and accessibility evidence is pending; No domain API is linked to this page,,GET /v1/governance/workspace,"- The OwnerAnalyticsScreen route loads successfully within the PrimeCare UI Client workspace.
- The interface correctly displays all primary modules and active widgets.
- Role-based access control restricts unauthorized actions, permitting only Franchise Owner access.
- System telemetry and data tables refresh correctly upon user interaction."
owner_compliance,Owner Compliance,ui,owner,/executive/owner-compliance,created,No,Business workflow and domain data binding need verification; Authenticated browser and accessibility evidence is pending; No domain API is linked to this page,,GET /v1/governance/workspace,"- The OwnerComplianceScreen route loads successfully within the PrimeCare UI Client workspace.
- The interface correctly displays all primary modules and active widgets.
- Role-based access control restricts unauthorized actions, permitting only Franchise Owner access.
- System telemetry and data tables refresh correctly upon user interaction."
owner_workflow,Owner Workflow,ui,owner,/executive/owner-workflow,created,No,Business workflow and domain data binding need verification; Authenticated browser and accessibility evidence is pending; No domain API is linked to this page,,GET /v1/governance/workspace,"- The OwnerWorkflowScreen route loads successfully within the PrimeCare UI Client workspace.
- The interface correctly displays all primary modules and active widgets.
- Role-based access control restricts unauthorized actions, permitting only Franchise Owner access.
- System telemetry and data tables refresh correctly upon user interaction."
shareholder_analytics,Shareholder Analytics,ui,shareholder,/executive/shareholder-analytics,created,No,Business workflow and domain data binding need verification; Authenticated browser and accessibility evidence is pending; No domain API is linked to this page,,GET /v1/governance/workspace,"- The ShareholderAnalyticsScreen route loads successfully within the PrimeCare UI Client workspace.
- The interface correctly displays all primary modules and active widgets.
- Role-based access control restricts unauthorized actions, permitting only Shareholder access.
- System telemetry and data tables refresh correctly upon user interaction."
shareholder_compliance,Shareholder Compliance,ui,shareholder,/executive/shareholder-compliance,created,No,Business workflow and domain data binding need verification; Authenticated browser and accessibility evidence is pending; No domain API is linked to this page,,GET /v1/governance/workspace,"- The ShareholderComplianceScreen route loads successfully within the PrimeCare UI Client workspace.
- The interface correctly displays all primary modules and active widgets.
- Role-based access control restricts unauthorized actions, permitting only Shareholder access.
- System telemetry and data tables refresh correctly upon user interaction."
shareholder_workflow,Shareholder Workflow,ui,shareholder,/executive/shareholder-workflow,created,No,Business workflow and domain data binding need verification; Authenticated browser and accessibility evidence is pending; No domain API is linked to this page,,GET /v1/governance/workspace,"- The ShareholderWorkflowScreen route loads successfully within the PrimeCare UI Client workspace.
- The interface correctly displays all primary modules and active widgets.
- Role-based access control restricts unauthorized actions, permitting only Shareholder access.
- System telemetry and data tables refresh correctly upon user interaction."
training_director_analytics,Training Director Analytics,co,training_director,/offices/corporate/roles/training_director/analytics,created,No,Business workflow and domain data binding need verification; Authenticated browser and accessibility evidence is pending; No domain API is linked to this page,,GET /v1/governance/workspace,"- The TrainingDirectorAnalyticsScreen route loads successfully within the PrimeCare UI Client workspace.
- The interface correctly displays all primary modules and active widgets.
- Role-based access control restricts unauthorized actions, permitting only Training Candidate access.
- System telemetry and data tables refresh correctly upon user interaction."
training_director_compliance,Training Director Compliance,ui,training,/executive/training-director-compliance,created,No,Business workflow and domain data binding need verification; Authenticated browser and accessibility evidence is pending; No domain API is linked to this page,,GET /v1/governance/workspace,"- The TrainingDirectorComplianceScreen route loads successfully within the PrimeCare UI Client workspace.
- The interface correctly displays all primary modules and active widgets.
- Role-based access control restricts unauthorized actions, permitting only Training Candidate access.
- System telemetry and data tables refresh correctly upon user interaction."
training_director_workflow,Training Director Workflow,ui,training,/executive/training-director-workflow,created,No,Business workflow and domain data binding need verification; Authenticated browser and accessibility evidence is pending; No domain API is linked to this page,,GET /v1/governance/workspace,"- The TrainingDirectorWorkflowScreen route loads successfully within the PrimeCare UI Client workspace.
- The interface correctly displays all primary modules and active widgets.
- Role-based access control restricts unauthorized actions, permitting only Training Candidate access.
- System telemetry and data tables refresh correctly upon user interaction."
community_outreach_analytics,Community Outreach Analytics,ui,community_outreach,/management/community-outreach-analytics,created,No,Business workflow and domain data binding need verification; Authenticated browser and accessibility evidence is pending; No domain API is linked to this page,,GET /v1/governance/workspace,"- The CommunityOutreachAnalyticsScreen route loads successfully within the PrimeCare UI Client workspace.
- The interface correctly displays all primary modules and active widgets.
- Role-based access control restricts unauthorized actions, permitting only Community Outreach Lead access.
- System telemetry and data tables refresh correctly upon user interaction."
community_outreach_compliance,Community Outreach Compliance,ui,community_outreach,/management/community-outreach-compliance,created,No,Business workflow and domain data binding need verification; Authenticated browser and accessibility evidence is pending; No domain API is linked to this page,,GET /v1/governance/workspace,"- The CommunityOutreachComplianceScreen route loads successfully within the PrimeCare UI Client workspace.
- The interface correctly displays all primary modules and active widgets.
- Role-based access control restricts unauthorized actions, permitting only Community Outreach Lead access.
- System telemetry and data tables refresh correctly upon user interaction."
community_outreach_workflow,Community Outreach Workflow,ui,community_outreach,/management/community-outreach-workflow,created,No,Business workflow and domain data binding need verification; Authenticated browser and accessibility evidence is pending; No domain API is linked to this page,,GET /v1/governance/workspace,"- The CommunityOutreachWorkflowScreen route loads successfully within the PrimeCare UI Client workspace.
- The interface correctly displays all primary modules and active widgets.
- Role-based access control restricts unauthorized actions, permitting only Community Outreach Lead access.
- System telemetry and data tables refresh correctly upon user interaction."
compliance_manager_analytics,Compliance Manager Analytics,ui,compliance,/management/compliance-manager-analytics,created,No,Business workflow and domain data binding need verification; Authenticated browser and accessibility evidence is pending; No domain API is linked to this page,,GET /v1/governance/workspace,"- The ComplianceManagerAnalyticsScreen route loads successfully within the PrimeCare UI Client workspace.
- The interface correctly displays all primary modules and active widgets.
- Role-based access control restricts unauthorized actions, permitting only Compliance Manager access.
- System telemetry and data tables refresh correctly upon user interaction."
compliance_manager_compliance,Compliance Manager Compliance,ui,compliance,/management/compliance-manager-compliance,created,No,Business workflow and domain data binding need verification; Authenticated browser and accessibility evidence is pending; No domain API is linked to this page,,GET /v1/governance/workspace,"- The ComplianceManagerComplianceScreen route loads successfully within the PrimeCare UI Client workspace.
- The interface correctly displays all primary modules and active widgets.
- Role-based access control restricts unauthorized actions, permitting only Compliance Manager access.
- System telemetry and data tables refresh correctly upon user interaction."
compliance_manager_workflow,Compliance Manager Workflow,ui,compliance,/management/compliance-manager-workflow,created,No,Business workflow and domain data binding need verification; Authenticated browser and accessibility evidence is pending; No domain API is linked to this page,,GET /v1/governance/workspace,"- The ComplianceManagerWorkflowScreen route loads successfully within the PrimeCare UI Client workspace.
- The interface correctly displays all primary modules and active widgets.
- Role-based access control restricts unauthorized actions, permitting only Compliance Manager access.
- System telemetry and data tables refresh correctly upon user interaction."
franchise_sales_manager_analytics,Franchise Sales Manager Analytics,ui,owner,/management/franchise-sales-manager-analytics,created,No,Business workflow and domain data binding need verification; Authenticated browser and accessibility evidence is pending; No domain API is linked to this page,,GET /v1/governance/workspace,"- The FranchiseSalesManagerAnalyticsScreen route loads successfully within the PrimeCare UI Client workspace.
- The interface correctly displays all primary modules and active widgets.
- Role-based access control restricts unauthorized actions, permitting only Franchise Owner access.
- System telemetry and data tables refresh correctly upon user interaction."
franchise_sales_manager_compliance,Franchise Sales Manager Compliance,ui,owner,/management/franchise-sales-manager-compliance,created,No,Business workflow and domain data binding need verification; Authenticated browser and accessibility evidence is pending; No domain API is linked to this page,,GET /v1/governance/workspace,"- The FranchiseSalesManagerComplianceScreen route loads successfully within the PrimeCare UI Client workspace.
- The interface correctly displays all primary modules and active widgets.
- Role-based access control restricts unauthorized actions, permitting only Franchise Owner access.
- System telemetry and data tables refresh correctly upon user interaction."
franchise_sales_manager_workflow,Franchise Sales Manager Workflow,ui,owner,/management/franchise-sales-manager-workflow,created,No,Business workflow and domain data binding need verification; Authenticated browser and accessibility evidence is pending; No domain API is linked to this page,,GET /v1/governance/workspace,"- The FranchiseSalesManagerWorkflowScreen route loads successfully within the PrimeCare UI Client workspace.
- The interface correctly displays all primary modules and active widgets.
- Role-based access control restricts unauthorized actions, permitting only Franchise Owner access.
- System telemetry and data tables refresh correctly upon user interaction."
general_manager_analytics,General Manager Analytics,ui,gm,/management/general-manager-analytics,created,No,Business workflow and domain data binding need verification; Authenticated browser and accessibility evidence is pending; No domain API is linked to this page,,GET /v1/governance/workspace,"- The GeneralManagerAnalyticsScreen route loads successfully within the PrimeCare UI Client workspace.
- The interface correctly displays all primary modules and active widgets.
- Role-based access control restricts unauthorized actions, permitting only General Manager access.
- System telemetry and data tables refresh correctly upon user interaction."
general_manager_compliance,General Manager Compliance,ui,gm,/management/general-manager-compliance,created,No,Business workflow and domain data binding need verification; Authenticated browser and accessibility evidence is pending; No domain API is linked to this page,,GET /v1/governance/workspace,"- The GeneralManagerComplianceScreen route loads successfully within the PrimeCare UI Client workspace.
- The interface correctly displays all primary modules and active widgets.
- Role-based access control restricts unauthorized actions, permitting only General Manager access.
- System telemetry and data tables refresh correctly upon user interaction."
general_manager_workflow,General Manager Workflow,ui,gm,/management/general-manager-workflow,created,No,Business workflow and domain data binding need verification; Authenticated browser and accessibility evidence is pending; No domain API is linked to this page,,GET /v1/governance/workspace,"- The GeneralManagerWorkflowScreen route loads successfully within the PrimeCare UI Client workspace.
- The interface correctly displays all primary modules and active widgets.
- Role-based access control restricts unauthorized actions, permitting only General Manager access.
- System telemetry and data tables refresh correctly upon user interaction."
governance_officer_analytics,Governance Officer Analytics,ui,governance,/management/governance-officer-analytics,created,No,Business workflow and domain data binding need verification; Authenticated browser and accessibility evidence is pending; No domain API is linked to this page,,GET /v1/governance/workspace,"- The GovernanceOfficerAnalyticsScreen route loads successfully within the PrimeCare UI Client workspace.
- The interface correctly displays all primary modules and active widgets.
- Role-based access control restricts unauthorized actions, permitting only Governance Officer access.
- System telemetry and data tables refresh correctly upon user interaction."
governance_officer_compliance,Governance Officer Compliance,ui,governance,/management/governance-officer-compliance,created,No,Business workflow and domain data binding need verification; Authenticated browser and accessibility evidence is pending; No domain API is linked to this page,,GET /v1/governance/workspace,"- The GovernanceOfficerComplianceScreen route loads successfully within the PrimeCare UI Client workspace.
- The interface correctly displays all primary modules and active widgets.
- Role-based access control restricts unauthorized actions, permitting only Governance Officer access.
- System telemetry and data tables refresh correctly upon user interaction."
governance_officer_workflow,Governance Officer Workflow,ui,governance,/management/governance-officer-workflow,created,No,Business workflow and domain data binding need verification; Authenticated browser and accessibility evidence is pending; No domain API is linked to this page,,GET /v1/governance/workspace,"- The GovernanceOfficerWorkflowScreen route loads successfully within the PrimeCare UI Client workspace.
- The interface correctly displays all primary modules and active widgets.
- Role-based access control restricts unauthorized actions, permitting only Governance Officer access.
- System telemetry and data tables refresh correctly upon user interaction."
head_of_bus_dev_analytics,Head Of Bus Dev Analytics,ui,bus_dev,/management/head-of-bus-dev-analytics,created,No,Business workflow and domain data binding need verification; Authenticated browser and accessibility evidence is pending; No domain API is linked to this page,,GET /v1/governance/workspace,"- The HeadOfBusDevAnalyticsScreen route loads successfully within the PrimeCare UI Client workspace.
- The interface correctly displays all primary modules and active widgets.
- Role-based access control restricts unauthorized actions, permitting only Head of Business Development access.
- System telemetry and data tables refresh correctly upon user interaction."
head_of_bus_dev_compliance,Head Of Bus Dev Compliance,ui,bus_dev,/management/head-of-bus-dev-compliance,created,No,Business workflow and domain data binding need verification; Authenticated browser and accessibility evidence is pending; No domain API is linked to this page,,GET /v1/governance/workspace,"- The HeadOfBusDevComplianceScreen route loads successfully within the PrimeCare UI Client workspace.
- The interface correctly displays all primary modules and active widgets.
- Role-based access control restricts unauthorized actions, permitting only Head of Business Development access.
- System telemetry and data tables refresh correctly upon user interaction."
head_of_bus_dev_workflow,Head Of Bus Dev Workflow,ui,bus_dev,/management/head-of-bus-dev-workflow,created,No,Business workflow and domain data binding need verification; Authenticated browser and accessibility evidence is pending; No domain API is linked to this page,,GET /v1/governance/workspace,"- The HeadOfBusDevWorkflowScreen route loads successfully within the PrimeCare UI Client workspace.
- The interface correctly displays all primary modules and active widgets.
- Role-based access control restricts unauthorized actions, permitting only Head of Business Development access.
- System telemetry and data tables refresh correctly upon user interaction."
head_of_marketing_analytics,Head Of Marketing Analytics,ui,marketing,/management/head-of-marketing-analytics,created,No,Business workflow and domain data binding need verification; Authenticated browser and accessibility evidence is pending; No domain API is linked to this page,,GET /v1/governance/workspace,"- The HeadOfMarketingAnalyticsScreen route loads successfully within the PrimeCare UI Client workspace.
- The interface correctly displays all primary modules and active widgets.
- Role-based access control restricts unauthorized actions, permitting only Head of Marketing access.
- System telemetry and data tables refresh correctly upon user interaction."
head_of_marketing_compliance,Head Of Marketing Compliance,ui,marketing,/management/head-of-marketing-compliance,created,No,Business workflow and domain data binding need verification; Authenticated browser and accessibility evidence is pending; No domain API is linked to this page,,GET /v1/governance/workspace,"- The HeadOfMarketingComplianceScreen route loads successfully within the PrimeCare UI Client workspace.
- The interface correctly displays all primary modules and active widgets.
- Role-based access control restricts unauthorized actions, permitting only Head of Marketing access.
- System telemetry and data tables refresh correctly upon user interaction."
head_of_marketing_workflow,Head Of Marketing Workflow,ui,marketing,/management/head-of-marketing-workflow,created,No,Business workflow and domain data binding need verification; Authenticated browser and accessibility evidence is pending; No domain API is linked to this page,,GET /v1/governance/workspace,"- The HeadOfMarketingWorkflowScreen route loads successfully within the PrimeCare UI Client workspace.
- The interface correctly displays all primary modules and active widgets.
- Role-based access control restricts unauthorized actions, permitting only Head of Marketing access.
- System telemetry and data tables refresh correctly upon user interaction."
local_marketing_manager_analytics,Local Marketing Manager Analytics,ui,local_marketing,/management/local-marketing-manager-analytics,created,No,Business workflow and domain data binding need verification; Authenticated browser and accessibility evidence is pending; No domain API is linked to this page,,GET /v1/governance/workspace,"- The LocalMarketingManagerAnalyticsScreen route loads successfully within the PrimeCare UI Client workspace.
- The interface correctly displays all primary modules and active widgets.
- Role-based access control restricts unauthorized actions, permitting only Local Marketing Manager access.
- System telemetry and data tables refresh correctly upon user interaction."
local_marketing_manager_compliance,Local Marketing Manager Compliance,ui,local_marketing,/management/local-marketing-manager-compliance,created,No,Business workflow and domain data binding need verification; Authenticated browser and accessibility evidence is pending; No domain API is linked to this page,,GET /v1/governance/workspace,"- The LocalMarketingManagerComplianceScreen route loads successfully within the PrimeCare UI Client workspace.
- The interface correctly displays all primary modules and active widgets.
- Role-based access control restricts unauthorized actions, permitting only Local Marketing Manager access.
- System telemetry and data tables refresh correctly upon user interaction."
local_marketing_manager_workflow,Local Marketing Manager Workflow,ui,local_marketing,/management/local-marketing-manager-workflow,created,No,Business workflow and domain data binding need verification; Authenticated browser and accessibility evidence is pending; No domain API is linked to this page,,GET /v1/governance/workspace,"- The LocalMarketingManagerWorkflowScreen route loads successfully within the PrimeCare UI Client workspace.
- The interface correctly displays all primary modules and active widgets.
- Role-based access control restricts unauthorized actions, permitting only Local Marketing Manager access.
- System telemetry and data tables refresh correctly upon user interaction."
operations_manager_analytics,Operations Manager Analytics,ui,ops_manager,/management/operations-manager-analytics,created,No,Business workflow and domain data binding need verification; Authenticated browser and accessibility evidence is pending; No domain API is linked to this page,,GET /v1/governance/workspace,"- The OperationsManagerAnalyticsScreen route loads successfully within the PrimeCare UI Client workspace.
- The interface correctly displays all primary modules and active widgets.
- Role-based access control restricts unauthorized actions, permitting only Operations Manager access.
- System telemetry and data tables refresh correctly upon user interaction."
operations_manager_compliance,Operations Manager Compliance,ui,ops_manager,/management/operations-manager-compliance,created,No,Business workflow and domain data binding need verification; Authenticated browser and accessibility evidence is pending; No domain API is linked to this page,,GET /v1/governance/workspace,"- The OperationsManagerComplianceScreen route loads successfully within the PrimeCare UI Client workspace.
- The interface correctly displays all primary modules and active widgets.
- Role-based access control restricts unauthorized actions, permitting only Operations Manager access.
- System telemetry and data tables refresh correctly upon user interaction."
operations_manager_workflow,Operations Manager Workflow,ui,ops_manager,/management/operations-manager-workflow,created,No,Business workflow and domain data binding need verification; Authenticated browser and accessibility evidence is pending; No domain API is linked to this page,,GET /v1/governance/workspace,"- The OperationsManagerWorkflowScreen route loads successfully within the PrimeCare UI Client workspace.
- The interface correctly displays all primary modules and active widgets.
- Role-based access control restricts unauthorized actions, permitting only Operations Manager access.
- System telemetry and data tables refresh correctly upon user interaction."
partnership_manager_analytics,Partnership Manager Analytics,ui,partnership,/management/partnership-manager-analytics,created,No,Business workflow and domain data binding need verification; Authenticated browser and accessibility evidence is pending; No domain API is linked to this page,,GET /v1/governance/workspace,"- The PartnershipManagerAnalyticsScreen route loads successfully within the PrimeCare UI Client workspace.
- The interface correctly displays all primary modules and active widgets.
- Role-based access control restricts unauthorized actions, permitting only Partnership Manager access.
- System telemetry and data tables refresh correctly upon user interaction."
partnership_manager_compliance,Partnership Manager Compliance,ui,partnership,/management/partnership-manager-compliance,created,No,Business workflow and domain data binding need verification; Authenticated browser and accessibility evidence is pending; No domain API is linked to this page,,GET /v1/governance/workspace,"- The PartnershipManagerComplianceScreen route loads successfully within the PrimeCare UI Client workspace.
- The interface correctly displays all primary modules and active widgets.
- Role-based access control restricts unauthorized actions, permitting only Partnership Manager access.
- System telemetry and data tables refresh correctly upon user interaction."
partnership_manager_workflow,Partnership Manager Workflow,ui,partnership,/management/partnership-manager-workflow,created,No,Business workflow and domain data binding need verification; Authenticated browser and accessibility evidence is pending; No domain API is linked to this page,,GET /v1/governance/workspace,"- The PartnershipManagerWorkflowScreen route loads successfully within the PrimeCare UI Client workspace.
- The interface correctly displays all primary modules and active widgets.
- Role-based access control restricts unauthorized actions, permitting only Partnership Manager access.
- System telemetry and data tables refresh correctly upon user interaction."
regional_bdm_analytics,Regional Bdm Analytics,ui,regional_bdm,/management/regional-bdm-analytics,created,No,Business workflow and domain data binding need verification; Authenticated browser and accessibility evidence is pending; No domain API is linked to this page,,GET /v1/governance/workspace,"- The RegionalBdmAnalyticsScreen route loads successfully within the PrimeCare UI Client workspace.
- The interface correctly displays all primary modules and active widgets.
- Role-based access control restricts unauthorized actions, permitting only Regional BDM access.
- System telemetry and data tables refresh correctly upon user interaction."
regional_bdm_compliance,Regional Bdm Compliance,ui,regional_bdm,/management/regional-bdm-compliance,created,No,Business workflow and domain data binding need verification; Authenticated browser and accessibility evidence is pending; No domain API is linked to this page,,GET /v1/governance/workspace,"- The RegionalBdmComplianceScreen route loads successfully within the PrimeCare UI Client workspace.
- The interface correctly displays all primary modules and active widgets.
- Role-based access control restricts unauthorized actions, permitting only Regional BDM access.
- System telemetry and data tables refresh correctly upon user interaction."
regional_bdm_workflow,Regional Bdm Workflow,ui,regional_bdm,/management/regional-bdm-workflow,created,No,Business workflow and domain data binding need verification; Authenticated browser and accessibility evidence is pending; No domain API is linked to this page,,GET /v1/governance/workspace,"- The RegionalBdmWorkflowScreen route loads successfully within the PrimeCare UI Client workspace.
- The interface correctly displays all primary modules and active widgets.
- Role-based access control restricts unauthorized actions, permitting only Regional BDM access.
- System telemetry and data tables refresh correctly upon user interaction."
regional_manager_usa_analytics,Regional Manager Usa Analytics,ui,regional_manager_usa,/management/regional-manager-usa-analytics,created,No,Business workflow and domain data binding need verification; Authenticated browser and accessibility evidence is pending; No domain API is linked to this page,,GET /v1/governance/workspace,"- The RegionalManagerUsaAnalyticsScreen route loads successfully within the PrimeCare UI Client workspace.
- The interface correctly displays all primary modules and active widgets.
- Role-based access control restricts unauthorized actions, permitting only Regional Manager USA access.
- System telemetry and data tables refresh correctly upon user interaction."
regional_manager_usa_compliance,Regional Manager Usa Compliance,ui,regional_manager_usa,/management/regional-manager-usa-compliance,created,No,Business workflow and domain data binding need verification; Authenticated browser and accessibility evidence is pending; No domain API is linked to this page,,GET /v1/governance/workspace,"- The RegionalManagerUsaComplianceScreen route loads successfully within the PrimeCare UI Client workspace.
- The interface correctly displays all primary modules and active widgets.
- Role-based access control restricts unauthorized actions, permitting only Regional Manager USA access.
- System telemetry and data tables refresh correctly upon user interaction."
regional_manager_usa_workflow,Regional Manager Usa Workflow,ui,regional_manager_usa,/management/regional-manager-usa-workflow,created,No,Business workflow and domain data binding need verification; Authenticated browser and accessibility evidence is pending; No domain API is linked to this page,,GET /v1/governance/workspace,"- The RegionalManagerUsaWorkflowScreen route loads successfully within the PrimeCare UI Client workspace.
- The interface correctly displays all primary modules and active widgets.
- Role-based access control restricts unauthorized actions, permitting only Regional Manager USA access.
- System telemetry and data tables refresh correctly upon user interaction."
scrum_master_analytics,Scrum Master Analytics,ui,scrum_master,/management/scrum-master-analytics,created,No,Business workflow and domain data binding need verification; Authenticated browser and accessibility evidence is pending; No domain API is linked to this page,,GET /v1/governance/workspace,"- The ScrumMasterAnalyticsScreen route loads successfully within the PrimeCare UI Client workspace.
- The interface correctly displays all primary modules and active widgets.
- Role-based access control restricts unauthorized actions, permitting only Scrum Master access.
- System telemetry and data tables refresh correctly upon user interaction."
scrum_master_compliance,Scrum Master Compliance,ui,scrum_master,/management/scrum-master-compliance,created,No,Business workflow and domain data binding need verification; Authenticated browser and accessibility evidence is pending; No domain API is linked to this page,,GET /v1/governance/workspace,"- The ScrumMasterComplianceScreen route loads successfully within the PrimeCare UI Client workspace.
- The interface correctly displays all primary modules and active widgets.
- Role-based access control restricts unauthorized actions, permitting only Scrum Master access.
- System telemetry and data tables refresh correctly upon user interaction."
scrum_master_workflow,Scrum Master Workflow,ui,scrum_master,/management/scrum-master-workflow,created,No,Business workflow and domain data binding need verification; Authenticated browser and accessibility evidence is pending; No domain API is linked to this page,,GET /v1/governance/workspace,"- The ScrumMasterWorkflowScreen route loads successfully within the PrimeCare UI Client workspace.
- The interface correctly displays all primary modules and active widgets.
- Role-based access control restricts unauthorized actions, permitting only Scrum Master access.
- System telemetry and data tables refresh correctly upon user interaction."
territory_expansion_manager_analytics,Territory Expansion Manager Analytics,ui,territory_expansion,/management/territory-expansion-manager-analytics,created,No,Business workflow and domain data binding need verification; Authenticated browser and accessibility evidence is pending; No domain API is linked to this page,,GET /v1/governance/workspace,"- The TerritoryExpansionManagerAnalyticsScreen route loads successfully within the PrimeCare UI Client workspace.
- The interface correctly displays all primary modules and active widgets.
- Role-based access control restricts unauthorized actions, permitting only Territory Expansion Manager access.
- System telemetry and data tables refresh correctly upon user interaction."
territory_expansion_manager_compliance,Territory Expansion Manager Compliance,ui,territory_expansion,/management/territory-expansion-manager-compliance,created,No,Business workflow and domain data binding need verification; Authenticated browser and accessibility evidence is pending; No domain API is linked to this page,,GET /v1/governance/workspace,"- The TerritoryExpansionManagerComplianceScreen route loads successfully within the PrimeCare UI Client workspace.
- The interface correctly displays all primary modules and active widgets.
- Role-based access control restricts unauthorized actions, permitting only Territory Expansion Manager access.
- System telemetry and data tables refresh correctly upon user interaction."
territory_expansion_manager_workflow,Territory Expansion Manager Workflow,ui,territory_expansion,/management/territory-expansion-manager-workflow,created,No,Business workflow and domain data binding need verification; Authenticated browser and accessibility evidence is pending; No domain API is linked to this page,,GET /v1/governance/workspace,"- The TerritoryExpansionManagerWorkflowScreen route loads successfully within the PrimeCare UI Client workspace.
- The interface correctly displays all primary modules and active widgets.
- Role-based access control restricts unauthorized actions, permitting only Territory Expansion Manager access.
- System telemetry and data tables refresh correctly upon user interaction."
territory_sales_manager_analytics,Territory Sales Manager Analytics,ui,territory_sales,/management/territory-sales-manager-analytics,created,No,Business workflow and domain data binding need verification; Authenticated browser and accessibility evidence is pending; No domain API is linked to this page,,GET /v1/governance/workspace,"- The TerritorySalesManagerAnalyticsScreen route loads successfully within the PrimeCare UI Client workspace.
- The interface correctly displays all primary modules and active widgets.
- Role-based access control restricts unauthorized actions, permitting only Territory Sales Manager access.
- System telemetry and data tables refresh correctly upon user interaction."
territory_sales_manager_compliance,Territory Sales Manager Compliance,ui,territory_sales,/management/territory-sales-manager-compliance,created,No,Business workflow and domain data binding need verification; Authenticated browser and accessibility evidence is pending; No domain API is linked to this page,,GET /v1/governance/workspace,"- The TerritorySalesManagerComplianceScreen route loads successfully within the PrimeCare UI Client workspace.
- The interface correctly displays all primary modules and active widgets.
- Role-based access control restricts unauthorized actions, permitting only Territory Sales Manager access.
- System telemetry and data tables refresh correctly upon user interaction."
territory_sales_manager_workflow,Territory Sales Manager Workflow,ui,territory_sales,/management/territory-sales-manager-workflow,created,No,Business workflow and domain data binding need verification; Authenticated browser and accessibility evidence is pending; No domain API is linked to this page,,GET /v1/governance/workspace,"- The TerritorySalesManagerWorkflowScreen route loads successfully within the PrimeCare UI Client workspace.
- The interface correctly displays all primary modules and active widgets.
- Role-based access control restricts unauthorized actions, permitting only Territory Sales Manager access.
- System telemetry and data tables refresh correctly upon user interaction."
psw_analytics,Psw Analytics,ci,psw,/offices/clinical/roles/psw/reports,created,No,Business workflow and domain data binding need verification; Authenticated browser and accessibility evidence is pending; No domain API is linked to this page,,GET /v1/governance/workspace,"- The PswAnalyticsScreen route loads successfully within the PrimeCare UI Client workspace.
- The interface correctly displays all primary modules and active widgets.
- Role-based access control restricts unauthorized actions, permitting only Personal Support Worker (PSW) access.
- System telemetry and data tables refresh correctly upon user interaction."
psw_clients,My Clients,ci,psw,/offices/clinical/roles/psw/patient-profile,created,No,Business workflow and domain data binding need verification; Authenticated browser and accessibility evidence is pending; No domain API is linked to this page,,GET /v1/governance/workspace,"- The PswClientsScreen route loads successfully within the PrimeCare UI Client workspace.
- The interface correctly displays all primary modules and active widgets.
- Role-based access control restricts unauthorized actions, permitting only Personal Support Worker (PSW) access.
- System telemetry and data tables refresh correctly upon user interaction."
psw_compliance,Psw Compliance,ci,psw,/offices/clinical/roles/psw/help-support,created,No,Business workflow and domain data binding need verification; Authenticated browser and accessibility evidence is pending; No domain API is linked to this page,,GET /v1/governance/workspace,"- The PswComplianceScreen route loads successfully within the PrimeCare UI Client workspace.
- The interface correctly displays all primary modules and active widgets.
- Role-based access control restricts unauthorized actions, permitting only Personal Support Worker (PSW) access.
- System telemetry and data tables refresh correctly upon user interaction."
psw_messages,Messages,ci,psw,/offices/clinical/roles/psw/messages,created,No,Business workflow and domain data binding need verification; Authenticated browser and accessibility evidence is pending; No domain API is linked to this page,,GET /v1/governance/workspace,"- The PswMessagesScreen route loads successfully within the PrimeCare UI Client workspace.
- The interface correctly displays all primary modules and active widgets.
- Role-based access control restricts unauthorized actions, permitting only Personal Support Worker (PSW) access.
- System telemetry and data tables refresh correctly upon user interaction."
psw_shift_tracker,Shift Tracker,ci,psw,/offices/clinical/roles/psw/schedule,created,No,Business workflow and domain data binding need verification; Authenticated browser and accessibility evidence is pending; No domain API is linked to this page,,GET /v1/governance/workspace,"- The PswShiftTrackerScreen route loads successfully within the PrimeCare UI Client workspace.
- The interface correctly displays all primary modules and active widgets.
- Role-based access control restricts unauthorized actions, permitting only Personal Support Worker (PSW) access.
- System telemetry and data tables refresh correctly upon user interaction."
psw_tasks,Task List,ci,psw,/offices/clinical/roles/psw/visit-checklist,created,No,Business workflow and domain data binding need verification; Authenticated browser and accessibility evidence is pending; No domain API is linked to this page,,GET /v1/governance/workspace,"- The PswTasksScreen route loads successfully within the PrimeCare UI Client workspace.
- The interface correctly displays all primary modules and active widgets.
- Role-based access control restricts unauthorized actions, permitting only Personal Support Worker (PSW) access.
- System telemetry and data tables refresh correctly upon user interaction."
psw_visit_notes,Visit Notes,ci,psw,/offices/clinical/roles/psw/visit-notes,created,No,Business workflow and domain data binding need verification; Authenticated browser and accessibility evidence is pending; No domain API is linked to this page; 1 required business actions are pending,Save Button,GET /v1/governance/workspace,"- The PswVisitNotesScreen route loads successfully within the PrimeCare UI Client workspace.
- The interface correctly displays all primary modules and active widgets.
- Role-based access control restricts unauthorized actions, permitting only Personal Support Worker (PSW) access.
- System telemetry and data tables refresh correctly upon user interaction."
psw_workflow,Psw Workflow,ci,psw,/offices/clinical/roles/psw/psw-workflow,created,No,Business workflow and domain data binding need verification; Authenticated browser and accessibility evidence is pending; No domain API is linked to this page,,GET /v1/governance/workspace,"- The PswWorkflowScreen route loads successfully within the PrimeCare UI Client workspace.
- The interface correctly displays all primary modules and active widgets.
- Role-based access control restricts unauthorized actions, permitting only Personal Support Worker (PSW) access.
- System telemetry and data tables refresh correctly upon user interaction."
rn_analytics,Rn Analytics,ci,rn,/offices/clinical/roles/rn/rn-analytics,created,No,Business workflow and domain data binding need verification; Authenticated browser and accessibility evidence is pending; No domain API is linked to this page,,GET /v1/governance/workspace,"- The RnAnalyticsScreen route loads successfully within the PrimeCare UI Client workspace.
- The interface correctly displays all primary modules and active widgets.
- Role-based access control restricts unauthorized actions, permitting only Registered Nurse (RN) access.
- System telemetry and data tables refresh correctly upon user interaction."
rn_assessments,Rn Assessments,ci,rn,/offices/clinical/roles/rn/rn-assessments,created,No,Business workflow and domain data binding need verification; Authenticated browser and accessibility evidence is pending; No domain API is linked to this page,,GET /v1/governance/workspace,"- The RnAssessmentsScreen route loads successfully within the PrimeCare UI Client workspace.
- The interface correctly displays all primary modules and active widgets.
- Role-based access control restricts unauthorized actions, permitting only Registered Nurse (RN) access.
- System telemetry and data tables refresh correctly upon user interaction."
rn_care_plans,Rn Care Plans,ci,rn,/offices/clinical/roles/rn/rn-care-plans,created,No,Business workflow and domain data binding need verification; Authenticated browser and accessibility evidence is pending; No domain API is linked to this page,,GET /v1/governance/workspace,"- The RnCarePlansScreen route loads successfully within the PrimeCare UI Client workspace.
- The interface correctly displays all primary modules and active widgets.
- Role-based access control restricts unauthorized actions, permitting only Registered Nurse (RN) access.
- System telemetry and data tables refresh correctly upon user interaction."
rn_compliance,Rn Compliance,ci,rn,/offices/clinical/roles/rn/rn-compliance,created,No,Business workflow and domain data binding need verification; Authenticated browser and accessibility evidence is pending; No domain API is linked to this page,,GET /v1/governance/workspace,"- The RnComplianceScreen route loads successfully within the PrimeCare UI Client workspace.
- The interface correctly displays all primary modules and active widgets.
- Role-based access control restricts unauthorized actions, permitting only Registered Nurse (RN) access.
- System telemetry and data tables refresh correctly upon user interaction."
rn_workflow,Rn Workflow,ci,rn,/offices/clinical/roles/rn/rn-workflow,created,No,Business workflow and domain data binding need verification; Authenticated browser and accessibility evidence is pending; No domain API is linked to this page,,GET /v1/governance/workspace,"- The RnWorkflowScreen route loads successfully within the PrimeCare UI Client workspace.
- The interface correctly displays all primary modules and active widgets.
- Role-based access control restricts unauthorized actions, permitting only Registered Nurse (RN) access.
- System telemetry and data tables refresh correctly upon user interaction."
rpn_analytics,Rpn Analytics,ci,rpn,/offices/clinical/roles/rpn/rpn-analytics,created,No,Business workflow and domain data binding need verification; Authenticated browser and accessibility evidence is pending; No domain API is linked to this page,,GET /v1/governance/workspace,"- The RpnAnalyticsScreen route loads successfully within the PrimeCare UI Client workspace.
- The interface correctly displays all primary modules and active widgets.
- Role-based access control restricts unauthorized actions, permitting only Registered Practical Nurse (RPN) access.
- System telemetry and data tables refresh correctly upon user interaction."
rpn_compliance,Rpn Compliance,ci,rpn,/offices/clinical/roles/rpn/rpn-compliance,created,No,Business workflow and domain data binding need verification; Authenticated browser and accessibility evidence is pending; No domain API is linked to this page,,GET /v1/governance/workspace,"- The RpnComplianceScreen route loads successfully within the PrimeCare UI Client workspace.
- The interface correctly displays all primary modules and active widgets.
- Role-based access control restricts unauthorized actions, permitting only Registered Practical Nurse (RPN) access.
- System telemetry and data tables refresh correctly upon user interaction."
rpn_workflow,Rpn Workflow,ci,rpn,/offices/clinical/roles/rpn/rpn-workflow,created,No,Business workflow and domain data binding need verification; Authenticated browser and accessibility evidence is pending; No domain API is linked to this page,,GET /v1/governance/workspace,"- The RpnWorkflowScreen route loads successfully within the PrimeCare UI Client workspace.
- The interface correctly displays all primary modules and active widgets.
- Role-based access control restricts unauthorized actions, permitting only Registered Practical Nurse (RPN) access.
- System telemetry and data tables refresh correctly upon user interaction."
billing_admin_analytics,Billing Admin Analytics,ui,admin,/staff/billing-admin-analytics,created,No,Business workflow and domain data binding need verification; Authenticated browser and accessibility evidence is pending; No domain API is linked to this page,,GET /v1/governance/workspace,"- The BillingAdminAnalyticsScreen route loads successfully within the PrimeCare UI Client workspace.
- The interface correctly displays all primary modules and active widgets.
- Role-based access control restricts unauthorized actions, permitting only Administrative Assistant access.
- System telemetry and data tables refresh correctly upon user interaction."
billing_admin_compliance,Billing Admin Compliance,ui,admin,/staff/billing-admin-compliance,created,No,Business workflow and domain data binding need verification; Authenticated browser and accessibility evidence is pending; No domain API is linked to this page,,GET /v1/governance/workspace,"- The BillingAdminComplianceScreen route loads successfully within the PrimeCare UI Client workspace.
- The interface correctly displays all primary modules and active widgets.
- Role-based access control restricts unauthorized actions, permitting only Administrative Assistant access.
- System telemetry and data tables refresh correctly upon user interaction."
billing_admin_workflow,Billing Admin Workflow,ui,admin,/staff/billing-admin-workflow,created,No,Business workflow and domain data binding need verification; Authenticated browser and accessibility evidence is pending; No domain API is linked to this page,,GET /v1/governance/workspace,"- The BillingAdminWorkflowScreen route loads successfully within the PrimeCare UI Client workspace.
- The interface correctly displays all primary modules and active widgets.
- Role-based access control restricts unauthorized actions, permitting only Administrative Assistant access.
- System telemetry and data tables refresh correctly upon user interaction."
coordinator_dispatch_map,Coordinator Dispatch Map,ui,scheduler,/staff/coordinator-dispatch-map,created,No,Business workflow and domain data binding need verification; Authenticated browser and accessibility evidence is pending; No domain API is linked to this page,,GET /v1/governance/workspace,"- The CoordinatorDispatchMapScreen route loads successfully within the PrimeCare UI Client workspace.
- The interface correctly displays all primary modules and active widgets.
- Role-based access control restricts unauthorized actions, permitting only Shift Supervisor access.
- System telemetry and data tables refresh correctly upon user interaction."
coordinator_hub,Coordinator Hub,ui,scheduler,/staff/coordinator-hub,created,No,Business workflow and domain data binding need verification; Authenticated browser and accessibility evidence is pending; No domain API is linked to this page,,GET /v1/governance/workspace,"- The CoordinatorHubScreen route loads successfully within the PrimeCare UI Client workspace.
- The interface correctly displays all primary modules and active widgets.
- Role-based access control restricts unauthorized actions, permitting only Shift Supervisor access.
- System telemetry and data tables refresh correctly upon user interaction."
coordinator_sos,Coordinator Sos,ui,scheduler,/staff/coordinator-sos,created,No,Business workflow and domain data binding need verification; Authenticated browser and accessibility evidence is pending; No domain API is linked to this page,,GET /v1/governance/workspace,"- The CoordinatorSosScreen route loads successfully within the PrimeCare UI Client workspace.
- The interface correctly displays all primary modules and active widgets.
- Role-based access control restricts unauthorized actions, permitting only Shift Supervisor access.
- System telemetry and data tables refresh correctly upon user interaction."
coordinator_waitlist,Coordinator Waitlist,ui,scheduler,/staff/coordinator-waitlist,created,No,Business workflow and domain data binding need verification; Authenticated browser and accessibility evidence is pending; No domain API is linked to this page,,GET /v1/governance/workspace,"- The CoordinatorWaitlistScreen route loads successfully within the PrimeCare UI Client workspace.
- The interface correctly displays all primary modules and active widgets.
- Role-based access control restricts unauthorized actions, permitting only Shift Supervisor access.
- System telemetry and data tables refresh correctly upon user interaction."
hr_hiring_analytics,Hr Hiring Analytics,ui,hr_hiring,/staff/hr-hiring-analytics,created,No,Business workflow and domain data binding need verification; Authenticated browser and accessibility evidence is pending; No domain API is linked to this page,,GET /v1/governance/workspace,"- The HrHiringAnalyticsScreen route loads successfully within the PrimeCare UI Client workspace.
- The interface correctly displays all primary modules and active widgets.
- Role-based access control restricts unauthorized actions, permitting only Talent Acquisition Manager access.
- System telemetry and data tables refresh correctly upon user interaction."
hr_hiring_compliance,Hr Hiring Compliance,ui,hr_hiring,/staff/hr-hiring-compliance,created,No,Business workflow and domain data binding need verification; Authenticated browser and accessibility evidence is pending; No domain API is linked to this page,,GET /v1/governance/workspace,"- The HrHiringComplianceScreen route loads successfully within the PrimeCare UI Client workspace.
- The interface correctly displays all primary modules and active widgets.
- Role-based access control restricts unauthorized actions, permitting only Talent Acquisition Manager access.
- System telemetry and data tables refresh correctly upon user interaction."
hr_hiring_workflow,Hr Hiring Workflow,ui,hr_hiring,/staff/hr-hiring-workflow,created,No,Business workflow and domain data binding need verification; Authenticated browser and accessibility evidence is pending; No domain API is linked to this page,,GET /v1/governance/workspace,"- The HrHiringWorkflowScreen route loads successfully within the PrimeCare UI Client workspace.
- The interface correctly displays all primary modules and active widgets.
- Role-based access control restricts unauthorized actions, permitting only Talent Acquisition Manager access.
- System telemetry and data tables refresh correctly upon user interaction."
hr_manager_analytics,Hr Manager Analytics,ui,hr_director,/staff/hr-manager-analytics,created,No,Business workflow and domain data binding need verification; Authenticated browser and accessibility evidence is pending; No domain API is linked to this page,,GET /v1/governance/workspace,"- The HrManagerAnalyticsScreen route loads successfully within the PrimeCare UI Client workspace.
- The interface correctly displays all primary modules and active widgets.
- Role-based access control restricts unauthorized actions, permitting only HR Director access.
- System telemetry and data tables refresh correctly upon user interaction."
hr_manager_compliance,Hr Manager Compliance,ui,hr_director,/staff/hr-manager-compliance,created,No,Business workflow and domain data binding need verification; Authenticated browser and accessibility evidence is pending; No domain API is linked to this page,,GET /v1/governance/workspace,"- The HrManagerComplianceScreen route loads successfully within the PrimeCare UI Client workspace.
- The interface correctly displays all primary modules and active widgets.
- Role-based access control restricts unauthorized actions, permitting only HR Director access.
- System telemetry and data tables refresh correctly upon user interaction."
hr_manager_workflow,Hr Manager Workflow,ui,hr_director,/staff/hr-manager-workflow,created,No,Business workflow and domain data binding need verification; Authenticated browser and accessibility evidence is pending; No domain API is linked to this page,,GET /v1/governance/workspace,"- The HrManagerWorkflowScreen route loads successfully within the PrimeCare UI Client workspace.
- The interface correctly displays all primary modules and active widgets.
- Role-based access control restricts unauthorized actions, permitting only HR Director access.
- System telemetry and data tables refresh correctly upon user interaction."
intake_coordinator_analytics,Intake Coordinator Analytics,ui,intake,/offices/clinical/roles/intake_coordinator/coordinator-analytics,created,No,Business workflow and domain data binding need verification; Authenticated browser and accessibility evidence is pending; No domain API is linked to this page,,GET /v1/governance/workspace,"- The IntakeCoordinatorAnalyticsScreen route loads successfully within the PrimeCare UI Client workspace.
- The interface correctly displays all primary modules and active widgets.
- Role-based access control restricts unauthorized actions, permitting only Intake Coordinator access.
- System telemetry and data tables refresh correctly upon user interaction."
intake_coordinator_compliance,Intake Coordinator Compliance,ui,intake,/offices/clinical/roles/intake_coordinator/coordinator-compliance,created,No,Business workflow and domain data binding need verification; Authenticated browser and accessibility evidence is pending; No domain API is linked to this page,,GET /v1/governance/workspace,"- The IntakeCoordinatorComplianceScreen route loads successfully within the PrimeCare UI Client workspace.
- The interface correctly displays all primary modules and active widgets.
- Role-based access control restricts unauthorized actions, permitting only Intake Coordinator access.
- System telemetry and data tables refresh correctly upon user interaction."
intake_coordinator_workflow,Intake Coordinator Workflow,ui,intake,/offices/clinical/roles/intake_coordinator/coordinator-workflow,created,No,Business workflow and domain data binding need verification; Authenticated browser and accessibility evidence is pending; No domain API is linked to this page,,GET /v1/governance/workspace,"- The IntakeCoordinatorWorkflowScreen route loads successfully within the PrimeCare UI Client workspace.
- The interface correctly displays all primary modules and active widgets.
- Role-based access control restricts unauthorized actions, permitting only Intake Coordinator access.
- System telemetry and data tables refresh correctly upon user interaction."
quality_assurance_analytics,Quality Assurance Analytics,ui,qa_specialist,/staff/quality-assurance-analytics,created,No,Business workflow and domain data binding need verification; Authenticated browser and accessibility evidence is pending; No domain API is linked to this page,,GET /v1/governance/workspace,"- The QualityAssuranceAnalyticsScreen route loads successfully within the PrimeCare UI Client workspace.
- The interface correctly displays all primary modules and active widgets.
- Role-based access control restricts unauthorized actions, permitting only QA Specialist access.
- System telemetry and data tables refresh correctly upon user interaction."
quality_assurance_compliance,Quality Assurance Compliance,ui,qa_specialist,/staff/quality-assurance-compliance,created,No,Business workflow and domain data binding need verification; Authenticated browser and accessibility evidence is pending; No domain API is linked to this page,,GET /v1/governance/workspace,"- The QualityAssuranceComplianceScreen route loads successfully within the PrimeCare UI Client workspace.
- The interface correctly displays all primary modules and active widgets.
- Role-based access control restricts unauthorized actions, permitting only QA Specialist access.
- System telemetry and data tables refresh correctly upon user interaction."
quality_assurance_workflow,Quality Assurance Workflow,ui,qa_specialist,/staff/quality-assurance-workflow,created,No,Business workflow and domain data binding need verification; Authenticated browser and accessibility evidence is pending; No domain API is linked to this page,,GET /v1/governance/workspace,"- The QualityAssuranceWorkflowScreen route loads successfully within the PrimeCare UI Client workspace.
- The interface correctly displays all primary modules and active widgets.
- Role-based access control restricts unauthorized actions, permitting only QA Specialist access.
- System telemetry and data tables refresh correctly upon user interaction."
receptionist_analytics,Receptionist Analytics,ui,admin,/staff/receptionist-analytics,created,No,Business workflow and domain data binding need verification; Authenticated browser and accessibility evidence is pending; No domain API is linked to this page,,GET /v1/governance/workspace,"- The ReceptionistAnalyticsScreen route loads successfully within the PrimeCare UI Client workspace.
- The interface correctly displays all primary modules and active widgets.
- Role-based access control restricts unauthorized actions, permitting only Administrative Assistant access.
- System telemetry and data tables refresh correctly upon user interaction."
receptionist_compliance,Receptionist Compliance,ui,admin,/staff/receptionist-compliance,created,No,Business workflow and domain data binding need verification; Authenticated browser and accessibility evidence is pending; No domain API is linked to this page,,GET /v1/governance/workspace,"- The ReceptionistComplianceScreen route loads successfully within the PrimeCare UI Client workspace.
- The interface correctly displays all primary modules and active widgets.
- Role-based access control restricts unauthorized actions, permitting only Administrative Assistant access.
- System telemetry and data tables refresh correctly upon user interaction."
receptionist_workflow,Receptionist Workflow,ui,admin,/staff/receptionist-workflow,created,No,Business workflow and domain data binding need verification; Authenticated browser and accessibility evidence is pending; No domain API is linked to this page,,GET /v1/governance/workspace,"- The ReceptionistWorkflowScreen route loads successfully within the PrimeCare UI Client workspace.
- The interface correctly displays all primary modules and active widgets.
- Role-based access control restricts unauthorized actions, permitting only Administrative Assistant access.
- System telemetry and data tables refresh correctly upon user interaction."
scheduler_analytics,Scheduler Analytics,ui,scheduler,/staff/scheduler-analytics,created,No,Business workflow and domain data binding need verification; Authenticated browser and accessibility evidence is pending; No domain API is linked to this page,,GET /v1/governance/workspace,"- The SchedulerAnalyticsScreen route loads successfully within the PrimeCare UI Client workspace.
- The interface correctly displays all primary modules and active widgets.
- Role-based access control restricts unauthorized actions, permitting only Shift Supervisor access.
- System telemetry and data tables refresh correctly upon user interaction."
scheduler_compliance,Scheduler Compliance,ui,scheduler,/staff/scheduler-compliance,created,No,Business workflow and domain data binding need verification; Authenticated browser and accessibility evidence is pending; No domain API is linked to this page,,GET /v1/governance/workspace,"- The SchedulerComplianceScreen route loads successfully within the PrimeCare UI Client workspace.
- The interface correctly displays all primary modules and active widgets.
- Role-based access control restricts unauthorized actions, permitting only Shift Supervisor access.
- System telemetry and data tables refresh correctly upon user interaction."
scheduler_workflow,Scheduler Workflow,ui,scheduler,/staff/scheduler-workflow,created,No,Business workflow and domain data binding need verification; Authenticated browser and accessibility evidence is pending; No domain API is linked to this page,,GET /v1/governance/workspace,"- The SchedulerWorkflowScreen route loads successfully within the PrimeCare UI Client workspace.
- The interface correctly displays all primary modules and active widgets.
- Role-based access control restricts unauthorized actions, permitting only Shift Supervisor access.
- System telemetry and data tables refresh correctly upon user interaction."
training_coordinator_analytics,Training Coordinator Analytics,ui,training,/staff/training-coordinator-analytics,created,No,Business workflow and domain data binding need verification; Authenticated browser and accessibility evidence is pending; No domain API is linked to this page,,GET /v1/governance/workspace,"- The TrainingCoordinatorAnalyticsScreen route loads successfully within the PrimeCare UI Client workspace.
- The interface correctly displays all primary modules and active widgets.
- Role-based access control restricts unauthorized actions, permitting only Training Candidate access.
- System telemetry and data tables refresh correctly upon user interaction."
training_coordinator_compliance,Training Coordinator Compliance,ui,training,/staff/training-coordinator-compliance,created,No,Business workflow and domain data binding need verification; Authenticated browser and accessibility evidence is pending; No domain API is linked to this page,,GET /v1/governance/workspace,"- The TrainingCoordinatorComplianceScreen route loads successfully within the PrimeCare UI Client workspace.
- The interface correctly displays all primary modules and active widgets.
- Role-based access control restricts unauthorized actions, permitting only Training Candidate access.
- System telemetry and data tables refresh correctly upon user interaction."
training_coordinator_workflow,Training Coordinator Workflow,ui,training,/staff/training-coordinator-workflow,created,No,Business workflow and domain data binding need verification; Authenticated browser and accessibility evidence is pending; No domain API is linked to this page,,GET /v1/governance/workspace,"- The TrainingCoordinatorWorkflowScreen route loads successfully within the PrimeCare UI Client workspace.
- The interface correctly displays all primary modules and active widgets.
- Role-based access control restricts unauthorized actions, permitting only Training Candidate access.
- System telemetry and data tables refresh correctly upon user interaction."
volunteer_coordinator_analytics,Volunteer Coordinator Analytics,ui,volunteer,/staff/volunteer-coordinator-analytics,created,No,Business workflow and domain data binding need verification; Authenticated browser and accessibility evidence is pending; No domain API is linked to this page,,GET /v1/governance/workspace,"- The VolunteerCoordinatorAnalyticsScreen route loads successfully within the PrimeCare UI Client workspace.
- The interface correctly displays all primary modules and active widgets.
- Role-based access control restricts unauthorized actions, permitting only Volunteer access.
- System telemetry and data tables refresh correctly upon user interaction."
volunteer_coordinator_compliance,Volunteer Coordinator Compliance,ui,volunteer,/staff/volunteer-coordinator-compliance,created,No,Business workflow and domain data binding need verification; Authenticated browser and accessibility evidence is pending; No domain API is linked to this page,,GET /v1/governance/workspace,"- The VolunteerCoordinatorComplianceScreen route loads successfully within the PrimeCare UI Client workspace.
- The interface correctly displays all primary modules and active widgets.
- Role-based access control restricts unauthorized actions, permitting only Volunteer access.
- System telemetry and data tables refresh correctly upon user interaction."
volunteer_coordinator_workflow,Volunteer Coordinator Workflow,ui,volunteer,/staff/volunteer-coordinator-workflow,created,No,Business workflow and domain data binding need verification; Authenticated browser and accessibility evidence is pending; No domain API is linked to this page,,GET /v1/governance/workspace,"- The VolunteerCoordinatorWorkflowScreen route loads successfully within the PrimeCare UI Client workspace.
- The interface correctly displays all primary modules and active widgets.
- Role-based access control restricts unauthorized actions, permitting only Volunteer access.
- System telemetry and data tables refresh correctly upon user interaction."
caregiver_tasks,Caregiver Tasks,ci,caregiver,/offices/clinical/roles/caregiver/tasks,created,No,Business workflow and domain data binding need verification; Authenticated browser and accessibility evidence is pending; No domain API is linked to this page,,GET /v1/governance/workspace,"- The CaregiverTasksScreen route loads successfully within the Primecare Client workspace.
- The interface correctly displays all primary modules and active widgets.
- Role-based access control restricts unauthorized actions, permitting only Caregiver access.
- System telemetry and data tables refresh correctly upon user interaction."
caregiver_client_profile,Caregiver Client Profile,ci,caregiver,/offices/clinical/roles/caregiver/client-profile,created,No,Business workflow and domain data binding need verification; Authenticated browser and accessibility evidence is pending; No domain API is linked to this page,,GET /v1/governance/workspace,"- The CaregiverClientProfileScreen route loads successfully within the Primecare Client workspace.
- The interface correctly displays all primary modules and active widgets.
- Role-based access control restricts unauthorized actions, permitting only Caregiver access.
- System telemetry and data tables refresh correctly upon user interaction."
caregiver_visit_notes,Caregiver Visit Notes,ci,caregiver,/offices/clinical/roles/caregiver/visit-notes,created,No,Business workflow and domain data binding need verification; Authenticated browser and accessibility evidence is pending; No domain API is linked to this page,,GET /v1/governance/workspace,"- The CaregiverVisitNotesScreen route loads successfully within the Primecare Client workspace.
- The interface correctly displays all primary modules and active widgets.
- Role-based access control restricts unauthorized actions, permitting only Caregiver access.
- System telemetry and data tables refresh correctly upon user interaction."
caregiver_schedule,Caregiver Schedule,ci,caregiver,/offices/clinical/roles/caregiver/schedule,created,No,Business workflow and domain data binding need verification; Authenticated browser and accessibility evidence is pending; No domain API is linked to this page,,GET /v1/governance/workspace,"- The CaregiverScheduleScreen route loads successfully within the Primecare Client workspace.
- The interface correctly displays all primary modules and active widgets.
- Role-based access control restricts unauthorized actions, permitting only Caregiver access.
- System telemetry and data tables refresh correctly upon user interaction."
caregiver_incident_report,Caregiver Incident Report,ci,caregiver,/offices/clinical/roles/caregiver/incident-report,created,No,Business workflow and domain data binding need verification; Authenticated browser and accessibility evidence is pending; No domain API is linked to this page,,GET /v1/governance/workspace,"- The CaregiverIncidentReportScreen route loads successfully within the Primecare Client workspace.
- The interface correctly displays all primary modules and active widgets.
- Role-based access control restricts unauthorized actions, permitting only Caregiver access.
- System telemetry and data tables refresh correctly upon user interaction."
cfo_revenue,Cfo Revenue,co,cfo,/offices/corporate/roles/cfo/revenue,created,No,Business workflow and domain data binding need verification; Authenticated browser and accessibility evidence is pending; No domain API is linked to this page,,GET /v1/governance/workspace,"- The CfoRevenueScreen route loads successfully within the Primecare Corporate workspace.
- The interface correctly displays all primary modules and active widgets.
- Role-based access control restricts unauthorized actions, permitting only Chief Financial Officer (CFO) access.
- System telemetry and data tables refresh correctly upon user interaction."
cfo_expenses,Cfo Expenses,co,cfo,/offices/corporate/roles/cfo/expenses,created,No,Business workflow and domain data binding need verification; Authenticated browser and accessibility evidence is pending; No domain API is linked to this page,,GET /v1/governance/workspace,"- The CfoExpensesScreen route loads successfully within the Primecare Corporate workspace.
- The interface correctly displays all primary modules and active widgets.
- Role-based access control restricts unauthorized actions, permitting only Chief Financial Officer (CFO) access.
- System telemetry and data tables refresh correctly upon user interaction."
cfo_payroll,Cfo Payroll,co,cfo,/offices/corporate/roles/cfo/payroll,created,No,Business workflow and domain data binding need verification; Authenticated browser and accessibility evidence is pending; No domain API is linked to this page,,GET /v1/governance/workspace,"- The CfoPayrollScreen route loads successfully within the Primecare Corporate workspace.
- The interface correctly displays all primary modules and active widgets.
- Role-based access control restricts unauthorized actions, permitting only Chief Financial Officer (CFO) access.
- System telemetry and data tables refresh correctly upon user interaction."
cfo_invoices,Cfo Invoices,co,cfo,/offices/corporate/roles/cfo/invoices,created,No,Business workflow and domain data binding need verification; Authenticated browser and accessibility evidence is pending; No domain API is linked to this page,,GET /v1/governance/workspace,"- The CfoInvoicesScreen route loads successfully within the Primecare Corporate workspace.
- The interface correctly displays all primary modules and active widgets.
- Role-based access control restricts unauthorized actions, permitting only Chief Financial Officer (CFO) access.
- System telemetry and data tables refresh correctly upon user interaction."
cfo_tax,Cfo Tax,co,cfo,/executive/cfo-tax,created,No,Business workflow and domain data binding need verification; Authenticated browser and accessibility evidence is pending; No domain API is linked to this page,,GET /v1/governance/workspace,"- The CfoTaxScreen route loads successfully within the Primecare Corporate workspace.
- The interface correctly displays all primary modules and active widgets.
- Role-based access control restricts unauthorized actions, permitting only Chief Financial Officer (CFO) access.
- System telemetry and data tables refresh correctly upon user interaction."
cfo_profitability,Cfo Profitability,co,cfo,/offices/corporate/roles/cfo/profitability,created,No,Business workflow and domain data binding need verification; Authenticated browser and accessibility evidence is pending; No domain API is linked to this page,,GET /v1/governance/workspace,"- The CfoProfitabilityScreen route loads successfully within the Primecare Corporate workspace.
- The interface correctly displays all primary modules and active widgets.
- Role-based access control restricts unauthorized actions, permitting only Chief Financial Officer (CFO) access.
- System telemetry and data tables refresh correctly upon user interaction."
cfo_cashflow,Cfo Cashflow,co,cfo,/executive/cfo-cashflow,created,No,Business workflow and domain data binding need verification; Authenticated browser and accessibility evidence is pending; No domain API is linked to this page,,GET /v1/governance/workspace,"- The CfoCashflowScreen route loads successfully within the Primecare Corporate workspace.
- The interface correctly displays all primary modules and active widgets.
- Role-based access control restricts unauthorized actions, permitting only Chief Financial Officer (CFO) access.
- System telemetry and data tables refresh correctly upon user interaction."
chiropractor_command_center,Chiropractor Command Center,ci,chiropractor,/offices/clinical/roles/chiropractor/command-center,created,No,Business workflow and domain data binding need verification; Authenticated browser and accessibility evidence is pending; No domain API is linked to this page,,GET /v1/governance/workspace,"- The ChiropractorCommandCenterScreen route loads successfully within the Primecare Clinic workspace.
- The interface correctly displays all primary modules and active widgets.
- Role-based access control restricts unauthorized actions, permitting only Chiropractor access.
- System telemetry and data tables refresh correctly upon user interaction."
chiropractor_appointments,Chiropractor Appointments,ci,chiropractor,/offices/clinical/roles/chiropractor/appointments,created,No,Business workflow and domain data binding need verification; Authenticated browser and accessibility evidence is pending; No domain API is linked to this page,,GET /v1/governance/workspace,"- The ChiropractorAppointmentsScreen route loads successfully within the Primecare Clinic workspace.
- The interface correctly displays all primary modules and active widgets.
- Role-based access control restricts unauthorized actions, permitting only Chiropractor access.
- System telemetry and data tables refresh correctly upon user interaction."
chiropractor_client_intake,Chiropractor Client Intake,ci,chiropractor,/offices/clinical/roles/chiropractor/client-intake,created,No,Business workflow and domain data binding need verification; Authenticated browser and accessibility evidence is pending; No domain API is linked to this page,,GET /v1/governance/workspace,"- The ChiropractorClientIntakeScreen route loads successfully within the Primecare Clinic workspace.
- The interface correctly displays all primary modules and active widgets.
- Role-based access control restricts unauthorized actions, permitting only Chiropractor access.
- System telemetry and data tables refresh correctly upon user interaction."
chiropractor_assessment,Chiropractor Assessment,ci,chiropractor,/offices/clinical/roles/chiropractor/assessment,created,No,Business workflow and domain data binding need verification; Authenticated browser and accessibility evidence is pending; No domain API is linked to this page,,GET /v1/governance/workspace,"- The ChiropractorAssessmentScreen route loads successfully within the Primecare Clinic workspace.
- The interface correctly displays all primary modules and active widgets.
- Role-based access control restricts unauthorized actions, permitting only Chiropractor access.
- System telemetry and data tables refresh correctly upon user interaction."
chiropractor_treatment_notes,Chiropractor Treatment Notes,ci,chiropractor,/offices/clinical/roles/chiropractor/treatment-notes,created,No,Business workflow and domain data binding need verification; Authenticated browser and accessibility evidence is pending; No domain API is linked to this page,,GET /v1/governance/workspace,"- The ChiropractorTreatmentNotesScreen route loads successfully within the Primecare Clinic workspace.
- The interface correctly displays all primary modules and active widgets.
- Role-based access control restricts unauthorized actions, permitting only Chiropractor access.
- System telemetry and data tables refresh correctly upon user interaction."
chiropractor_exercise_plan,Chiropractor Exercise Plan,ci,chiropractor,/offices/clinical/roles/chiropractor/exercise-plan,created,No,Business workflow and domain data binding need verification; Authenticated browser and accessibility evidence is pending; No domain API is linked to this page,,GET /v1/governance/workspace,"- The ChiropractorExercisePlanScreen route loads successfully within the Primecare Clinic workspace.
- The interface correctly displays all primary modules and active widgets.
- Role-based access control restricts unauthorized actions, permitting only Chiropractor access.
- System telemetry and data tables refresh correctly upon user interaction."
chiropractor_billing_link,Chiropractor Billing Link,ci,chiropractor,/offices/clinical/roles/chiropractor/billing-link,created,No,Business workflow and domain data binding need verification; Authenticated browser and accessibility evidence is pending; No domain API is linked to this page,,GET /v1/governance/workspace,"- The ChiropractorBillingLinkScreen route loads successfully within the Primecare Clinic workspace.
- The interface correctly displays all primary modules and active widgets.
- Role-based access control restricts unauthorized actions, permitting only Chiropractor access.
- System telemetry and data tables refresh correctly upon user interaction."
chiropractor_reports,Chiropractor Reports,ci,chiropractor,/offices/clinical/roles/chiropractor/reports,created,No,Business workflow and domain data binding need verification; Authenticated browser and accessibility evidence is pending; No domain API is linked to this page,,GET /v1/governance/workspace,"- The ChiropractorReportsScreen route loads successfully within the Primecare Clinic workspace.
- The interface correctly displays all primary modules and active widgets.
- Role-based access control restricts unauthorized actions, permitting only Chiropractor access.
- System telemetry and data tables refresh correctly upon user interaction."
clinical_director_staff_quality,Clinical Director Staff Quality,ci,clinical_director,/offices/clinical/roles/clinical_director/staff-quality,created,No,Business workflow and domain data binding need verification; Authenticated browser and accessibility evidence is pending; No domain API is linked to this page,,GET /v1/governance/workspace,"- The ClinicalDirectorStaffQualityScreen route loads successfully within the Primecare Clinic workspace.
- The interface correctly displays all primary modules and active widgets.
- Role-based access control restricts unauthorized actions, permitting only Clinical Director access.
- System telemetry and data tables refresh correctly upon user interaction."
clinical_director_incident_review,Clinical Director Incident Review,ci,clinical_director,/offices/clinical/roles/clinical_director/incident-review,created,No,Business workflow and domain data binding need verification; Authenticated browser and accessibility evidence is pending; No domain API is linked to this page,,GET /v1/governance/workspace,"- The ClinicalDirectorIncidentReviewScreen route loads successfully within the Primecare Clinic workspace.
- The interface correctly displays all primary modules and active widgets.
- Role-based access control restricts unauthorized actions, permitting only Clinical Director access.
- System telemetry and data tables refresh correctly upon user interaction."
clinical_director_compliance,Clinical Director Compliance,ci,clinical_director,/offices/clinical/roles/clinical_director/compliance-director,created,No,Business workflow and domain data binding need verification; Authenticated browser and accessibility evidence is pending; No domain API is linked to this page,,GET /v1/governance/workspace,"- The ClinicalDirectorComplianceScreen route loads successfully within the Primecare Clinic workspace.
- The interface correctly displays all primary modules and active widgets.
- Role-based access control restricts unauthorized actions, permitting only Clinical Director access.
- System telemetry and data tables refresh correctly upon user interaction."
clinical_director_reports,Clinical Director Reports,ci,clinical_director,/offices/clinical/roles/clinical_director/reports,created,No,Business workflow and domain data binding need verification; Authenticated browser and accessibility evidence is pending; No domain API is linked to this page,,GET /v1/governance/workspace,"- The ClinicalDirectorReportsScreen route loads successfully within the Primecare Clinic workspace.
- The interface correctly displays all primary modules and active widgets.
- Role-based access control restricts unauthorized actions, permitting only Clinical Director access.
- System telemetry and data tables refresh correctly upon user interaction."
clinical_director_approvals,Clinical Director Approvals,ci,clinical_director,/offices/clinical/roles/clinical_director/approvals,created,No,Business workflow and domain data binding need verification; Authenticated browser and accessibility evidence is pending; No domain API is linked to this page,,GET /v1/governance/workspace,"- The ClinicalDirectorApprovalsScreen route loads successfully within the Primecare Clinic workspace.
- The interface correctly displays all primary modules and active widgets.
- Role-based access control restricts unauthorized actions, permitting only Clinical Director access.
- System telemetry and data tables refresh correctly upon user interaction."
clinical_director_performance,Clinical Director Performance,ci,clinical_director,/offices/clinical/roles/clinical_director/performance,created,No,Business workflow and domain data binding need verification; Authenticated browser and accessibility evidence is pending; No domain API is linked to this page,,GET /v1/governance/workspace,"- The ClinicalDirectorPerformanceScreen route loads successfully within the Primecare Clinic workspace.
- The interface correctly displays all primary modules and active widgets.
- Role-based access control restricts unauthorized actions, permitting only Clinical Director access.
- System telemetry and data tables refresh correctly upon user interaction."
coo_command_center,Coo Command Center,co,coo,/executive/coo-command-center,created,No,Business workflow and domain data binding need verification; Authenticated browser and accessibility evidence is pending; No domain API is linked to this page,,GET /v1/governance/workspace,"- The CooCommandCenterScreen route loads successfully within the Primecare Corporate workspace.
- The interface correctly displays all primary modules and active widgets.
- Role-based access control restricts unauthorized actions, permitting only Chief Operating Officer (COO) access.
- System telemetry and data tables refresh correctly upon user interaction."
coo_operations_overview,Coo Operations Overview,co,coo,/offices/corporate/roles/coo/operations-overview,created,No,Business workflow and domain data binding need verification; Authenticated browser and accessibility evidence is pending; No domain API is linked to this page,,GET /v1/governance/workspace,"- The CooOperationsOverviewScreen route loads successfully within the Primecare Corporate workspace.
- The interface correctly displays all primary modules and active widgets.
- Role-based access control restricts unauthorized actions, permitting only Chief Operating Officer (COO) access.
- System telemetry and data tables refresh correctly upon user interaction."
coo_staffing,Coo Staffing,co,coo,/executive/coo-staffing,created,No,Business workflow and domain data binding need verification; Authenticated browser and accessibility evidence is pending; No domain API is linked to this page,,GET /v1/governance/workspace,"- The CooStaffingScreen route loads successfully within the Primecare Corporate workspace.
- The interface correctly displays all primary modules and active widgets.
- Role-based access control restricts unauthorized actions, permitting only Chief Operating Officer (COO) access.
- System telemetry and data tables refresh correctly upon user interaction."
coo_scheduling_health,Coo Scheduling Health,co,coo,/offices/corporate/roles/coo/scheduling-health,created,No,Business workflow and domain data binding need verification; Authenticated browser and accessibility evidence is pending; No domain API is linked to this page,,GET /v1/governance/workspace,"- The CooSchedulingHealthScreen route loads successfully within the Primecare Corporate workspace.
- The interface correctly displays all primary modules and active widgets.
- Role-based access control restricts unauthorized actions, permitting only Chief Operating Officer (COO) access.
- System telemetry and data tables refresh correctly upon user interaction."
coo_workflow_issues,Coo Workflow Issues,co,coo,/executive/coo-workflow-issues,created,No,Business workflow and domain data binding need verification; Authenticated browser and accessibility evidence is pending; No domain API is linked to this page,,GET /v1/governance/workspace,"- The CooWorkflowIssuesScreen route loads successfully within the Primecare Corporate workspace.
- The interface correctly displays all primary modules and active widgets.
- Role-based access control restricts unauthorized actions, permitting only Chief Operating Officer (COO) access.
- System telemetry and data tables refresh correctly upon user interaction."
coo_branch_comparison,Coo Branch Comparison,co,coo,/offices/corporate/roles/coo/branch-comparison,created,No,Business workflow and domain data binding need verification; Authenticated browser and accessibility evidence is pending; No domain API is linked to this page,,GET /v1/governance/workspace,"- The CooBranchComparisonScreen route loads successfully within the Primecare Corporate workspace.
- The interface correctly displays all primary modules and active widgets.
- Role-based access control restricts unauthorized actions, permitting only Chief Operating Officer (COO) access.
- System telemetry and data tables refresh correctly upon user interaction."
hr_director_hiring_pipeline,Hr Director Hiring Pipeline,co,hr_director,/executive/hr-director-hiring-pipeline,created,No,Business workflow and domain data binding need verification; Authenticated browser and accessibility evidence is pending; No domain API is linked to this page,,GET /v1/governance/workspace,"- The HrDirectorHiringPipelineScreen route loads successfully within the Primecare Corporate workspace.
- The interface correctly displays all primary modules and active widgets.
- Role-based access control restricts unauthorized actions, permitting only HR Director access.
- System telemetry and data tables refresh correctly upon user interaction."
hr_director_staff_files,Hr Director Staff Files,co,hr_director,/executive/hr-director-staff-files,created,No,Business workflow and domain data binding need verification; Authenticated browser and accessibility evidence is pending; No domain API is linked to this page,,GET /v1/governance/workspace,"- The HrDirectorStaffFilesScreen route loads successfully within the Primecare Corporate workspace.
- The interface correctly displays all primary modules and active widgets.
- Role-based access control restricts unauthorized actions, permitting only HR Director access.
- System telemetry and data tables refresh correctly upon user interaction."
hr_director_training,Hr Director Training,co,hr_director,/executive/hr-director-training,created,No,Business workflow and domain data binding need verification; Authenticated browser and accessibility evidence is pending; No domain API is linked to this page,,GET /v1/governance/workspace,"- The HrDirectorTrainingScreen route loads successfully within the Primecare Corporate workspace.
- The interface correctly displays all primary modules and active widgets.
- Role-based access control restricts unauthorized actions, permitting only HR Director access.
- System telemetry and data tables refresh correctly upon user interaction."
hr_director_credential_expiry,Hr Director Credential Expiry,co,hr_director,/executive/hr-director-credential-expiry,created,No,Business workflow and domain data binding need verification; Authenticated browser and accessibility evidence is pending; No domain API is linked to this page,,GET /v1/governance/workspace,"- The HrDirectorCredentialExpiryScreen route loads successfully within the Primecare Corporate workspace.
- The interface correctly displays all primary modules and active widgets.
- Role-based access control restricts unauthorized actions, permitting only HR Director access.
- System telemetry and data tables refresh correctly upon user interaction."
hr_director_onboarding,Hr Director Onboarding,co,hr_director,/executive/hr-director-onboarding,created,No,Business workflow and domain data binding need verification; Authenticated browser and accessibility evidence is pending; No domain API is linked to this page,,GET /v1/governance/workspace,"- The HrDirectorOnboardingScreen route loads successfully within the Primecare Corporate workspace.
- The interface correctly displays all primary modules and active widgets.
- Role-based access control restricts unauthorized actions, permitting only HR Director access.
- System telemetry and data tables refresh correctly upon user interaction."
hr_hiring_applicants,Hr Hiring Applicants,fr,hr_hiring,/offices/franchise/roles/hr_hiring/applicants,created,No,Business workflow and domain data binding need verification; Authenticated browser and accessibility evidence is pending; No domain API is linked to this page,,GET /v1/governance/workspace,"- The HrHiringApplicantsScreen route loads successfully within the Primecare Client workspace.
- The interface correctly displays all primary modules and active widgets.
- Role-based access control restricts unauthorized actions, permitting only Talent Acquisition Manager access.
- System telemetry and data tables refresh correctly upon user interaction."
hr_hiring_interviews,Hr Hiring Interviews,fr,hr_hiring,/offices/franchise/roles/hr_hiring/interviews,created,No,Business workflow and domain data binding need verification; Authenticated browser and accessibility evidence is pending; No domain API is linked to this page,,GET /v1/governance/workspace,"- The HrHiringInterviewsScreen route loads successfully within the Primecare Client workspace.
- The interface correctly displays all primary modules and active widgets.
- Role-based access control restricts unauthorized actions, permitting only Talent Acquisition Manager access.
- System telemetry and data tables refresh correctly upon user interaction."
hr_hiring_offers,Hr Hiring Offers,fr,hr_hiring,/offices/franchise/roles/hr_hiring/offers,created,No,Business workflow and domain data binding need verification; Authenticated browser and accessibility evidence is pending; No domain API is linked to this page,,GET /v1/governance/workspace,"- The HrHiringOffersScreen route loads successfully within the Primecare Client workspace.
- The interface correctly displays all primary modules and active widgets.
- Role-based access control restricts unauthorized actions, permitting only Talent Acquisition Manager access.
- System telemetry and data tables refresh correctly upon user interaction."
hr_hiring_onboarding,Hr Hiring Onboarding,fr,hr_hiring,/offices/franchise/roles/hr_hiring/onboarding,created,No,Business workflow and domain data binding need verification; Authenticated browser and accessibility evidence is pending; No domain API is linked to this page,,GET /v1/governance/workspace,"- The HrHiringOnboardingScreen route loads successfully within the Primecare Client workspace.
- The interface correctly displays all primary modules and active widgets.
- Role-based access control restricts unauthorized actions, permitting only Talent Acquisition Manager access.
- System telemetry and data tables refresh correctly upon user interaction."
hr_hiring_credentials,Hr Hiring Credentials,fr,hr_hiring,/offices/franchise/roles/hr_hiring/credentials,created,No,Business workflow and domain data binding need verification; Authenticated browser and accessibility evidence is pending; No domain API is linked to this page,,GET /v1/governance/workspace,"- The HrHiringCredentialsScreen route loads successfully within the Primecare Client workspace.
- The interface correctly displays all primary modules and active widgets.
- Role-based access control restricts unauthorized actions, permitting only Talent Acquisition Manager access.
- System telemetry and data tables refresh correctly upon user interaction."
franchise_owner_command_center,Franchise Owner Command Center,fr,owner,/executive/franchise-owner-command-center,created,No,Business workflow and domain data binding need verification; Authenticated browser and accessibility evidence is pending; No domain API is linked to this page,,GET /v1/governance/workspace,"- The FranchiseOwnerCommandCenterScreen route loads successfully within the Primecare Franchise workspace.
- The interface correctly displays all primary modules and active widgets.
- Role-based access control restricts unauthorized actions, permitting only Franchise Owner access.
- System telemetry and data tables refresh correctly upon user interaction."
franchise_owner_branch_overview,Franchise Owner Branch Overview,fr,owner,/offices/franchise/roles/franchise_owner/branch-overview,created,No,Business workflow and domain data binding need verification; Authenticated browser and accessibility evidence is pending; No domain API is linked to this page,,GET /v1/governance/workspace,"- The FranchiseOwnerBranchOverviewScreen route loads successfully within the Primecare Franchise workspace.
- The interface correctly displays all primary modules and active widgets.
- Role-based access control restricts unauthorized actions, permitting only Franchise Owner access.
- System telemetry and data tables refresh correctly upon user interaction."
franchise_owner_staff,Franchise Owner Staff,fr,owner,/offices/franchise/roles/franchise_owner/staff,created,No,Business workflow and domain data binding need verification; Authenticated browser and accessibility evidence is pending; No domain API is linked to this page,,GET /v1/governance/workspace,"- The FranchiseOwnerStaffScreen route loads successfully within the Primecare Franchise workspace.
- The interface correctly displays all primary modules and active widgets.
- Role-based access control restricts unauthorized actions, permitting only Franchise Owner access.
- System telemetry and data tables refresh correctly upon user interaction."
franchise_owner_clients,Franchise Owner Clients,fr,owner,/offices/franchise/roles/franchise_owner/clients,created,No,Business workflow and domain data binding need verification; Authenticated browser and accessibility evidence is pending; No domain API is linked to this page,,GET /v1/governance/workspace,"- The FranchiseOwnerClientsScreen route loads successfully within the Primecare Franchise workspace.
- The interface correctly displays all primary modules and active widgets.
- Role-based access control restricts unauthorized actions, permitting only Franchise Owner access.
- System telemetry and data tables refresh correctly upon user interaction."
franchise_owner_appointments,Franchise Owner Appointments,fr,owner,/offices/franchise/roles/franchise_owner/appointments,created,No,Business workflow and domain data binding need verification; Authenticated browser and accessibility evidence is pending; No domain API is linked to this page,,GET /v1/governance/workspace,"- The FranchiseOwnerAppointmentsScreen route loads successfully within the Primecare Franchise workspace.
- The interface correctly displays all primary modules and active widgets.
- Role-based access control restricts unauthorized actions, permitting only Franchise Owner access.
- System telemetry and data tables refresh correctly upon user interaction."
franchise_owner_finance_snapshot,Franchise Owner Finance Snapshot,fr,owner,/executive/franchise-owner-finance-snapshot,created,No,Business workflow and domain data binding need verification; Authenticated browser and accessibility evidence is pending; No domain API is linked to this page,,GET /v1/governance/workspace,"- The FranchiseOwnerFinanceSnapshotScreen route loads successfully within the Primecare Franchise workspace.
- The interface correctly displays all primary modules and active widgets.
- Role-based access control restricts unauthorized actions, permitting only Franchise Owner access.
- System telemetry and data tables refresh correctly upon user interaction."
franchise_owner_compliance,Franchise Owner Compliance,fr,owner,/offices/franchise/roles/franchise_owner/compliance,created,No,Business workflow and domain data binding need verification; Authenticated browser and accessibility evidence is pending; No domain API is linked to this page,,GET /v1/governance/workspace,"- The FranchiseOwnerComplianceScreen route loads successfully within the Primecare Franchise workspace.
- The interface correctly displays all primary modules and active widgets.
- Role-based access control restricts unauthorized actions, permitting only Franchise Owner access.
- System telemetry and data tables refresh correctly upon user interaction."
franchise_owner_reports,Franchise Owner Reports,fr,owner,/offices/franchise/roles/franchise_owner/reports,created,No,Business workflow and domain data binding need verification; Authenticated browser and accessibility evidence is pending; No domain API is linked to this page,,GET /v1/governance/workspace,"- The FranchiseOwnerReportsScreen route loads successfully within the Primecare Franchise workspace.
- The interface correctly displays all primary modules and active widgets.
- Role-based access control restricts unauthorized actions, permitting only Franchise Owner access.
- System telemetry and data tables refresh correctly upon user interaction."
patient_command_center,Patient Command Center,cl,patient,/common/patient-command-center,created,No,Business workflow and domain data binding need verification; Authenticated browser and accessibility evidence is pending; No domain API is linked to this page,,GET /v1/governance/workspace,"- The PatientCommandCenterScreen route loads successfully within the Primecare Client workspace.
- The interface correctly displays all primary modules and active widgets.
- Role-based access control restricts unauthorized actions, permitting only Patient access.
- System telemetry and data tables refresh correctly upon user interaction."
patient_appointments,Patient Appointments,cl,patient,/common/patient-appointments,created,No,Business workflow and domain data binding need verification; Authenticated browser and accessibility evidence is pending; No domain API is linked to this page,,GET /v1/governance/workspace,"- The PatientAppointmentsScreen route loads successfully within the Primecare Client workspace.
- The interface correctly displays all primary modules and active widgets.
- Role-based access control restricts unauthorized actions, permitting only Patient access.
- System telemetry and data tables refresh correctly upon user interaction."
patient_care_plan,Patient Care Plan,cl,patient,/common/patient-care-plan,created,No,Business workflow and domain data binding need verification; Authenticated browser and accessibility evidence is pending; No domain API is linked to this page,,GET /v1/governance/workspace,"- The PatientCarePlanScreen route loads successfully within the Primecare Client workspace.
- The interface correctly displays all primary modules and active widgets.
- Role-based access control restricts unauthorized actions, permitting only Patient access.
- System telemetry and data tables refresh correctly upon user interaction."
patient_messages,Patient Messages,cl,patient,/common/patient-messages,created,No,Business workflow and domain data binding need verification; Authenticated browser and accessibility evidence is pending; No domain API is linked to this page,,GET /v1/governance/workspace,"- The PatientMessagesScreen route loads successfully within the Primecare Client workspace.
- The interface correctly displays all primary modules and active widgets.
- Role-based access control restricts unauthorized actions, permitting only Patient access.
- System telemetry and data tables refresh correctly upon user interaction."
patient_documents,Patient Documents,cl,patient,/common/patient-documents,created,No,Business workflow and domain data binding need verification; Authenticated browser and accessibility evidence is pending; No domain API is linked to this page,,GET /v1/governance/workspace,"- The PatientDocumentsScreen route loads successfully within the Primecare Client workspace.
- The interface correctly displays all primary modules and active widgets.
- Role-based access control restricts unauthorized actions, permitting only Patient access.
- System telemetry and data tables refresh correctly upon user interaction."
patient_billing,Patient Billing,cl,patient,/common/patient-billing,created,No,Business workflow and domain data binding need verification; Authenticated browser and accessibility evidence is pending; No domain API is linked to this page,,GET /v1/governance/workspace,"- The PatientBillingScreen route loads successfully within the Primecare Client workspace.
- The interface correctly displays all primary modules and active widgets.
- Role-based access control restricts unauthorized actions, permitting only Patient access.
- System telemetry and data tables refresh correctly upon user interaction."
patient_profile,Patient Profile,cl,patient,/offices/client/roles/client/profile,created,No,Business workflow and domain data binding need verification; Authenticated browser and accessibility evidence is pending; No domain API is linked to this page,,GET /v1/governance/workspace,"- The PatientProfileScreen route loads successfully within the Primecare Client workspace.
- The interface correctly displays all primary modules and active widgets.
- Role-based access control restricts unauthorized actions, permitting only Patient access.
- System telemetry and data tables refresh correctly upon user interaction."
physiotherapist_command_center,Physiotherapist Command Center,ci,physio,/offices/clinical/roles/physiotherapist/command-center,created,No,Business workflow and domain data binding need verification; Authenticated browser and accessibility evidence is pending; No domain API is linked to this page,,GET /v1/governance/workspace,"- The PhysiotherapistCommandCenterScreen route loads successfully within the Primecare Clinic workspace.
- The interface correctly displays all primary modules and active widgets.
- Role-based access control restricts unauthorized actions, permitting only Physiotherapist access.
- System telemetry and data tables refresh correctly upon user interaction."
physiotherapist_appointments,Physiotherapist Appointments,ci,physio,/offices/clinical/roles/physiotherapist/appointments,created,No,Business workflow and domain data binding need verification; Authenticated browser and accessibility evidence is pending; No domain API is linked to this page,,GET /v1/governance/workspace,"- The PhysiotherapistAppointmentsScreen route loads successfully within the Primecare Clinic workspace.
- The interface correctly displays all primary modules and active widgets.
- Role-based access control restricts unauthorized actions, permitting only Physiotherapist access.
- System telemetry and data tables refresh correctly upon user interaction."
physiotherapist_client_intake,Physiotherapist Client Intake,ci,physio,/offices/clinical/roles/physiotherapist/client-intake,created,No,Business workflow and domain data binding need verification; Authenticated browser and accessibility evidence is pending; No domain API is linked to this page,,GET /v1/governance/workspace,"- The PhysiotherapistClientIntakeScreen route loads successfully within the Primecare Clinic workspace.
- The interface correctly displays all primary modules and active widgets.
- Role-based access control restricts unauthorized actions, permitting only Physiotherapist access.
- System telemetry and data tables refresh correctly upon user interaction."
physiotherapist_assessment,Physiotherapist Assessment,ci,physio,/offices/clinical/roles/physiotherapist/assessment,created,No,Business workflow and domain data binding need verification; Authenticated browser and accessibility evidence is pending; No domain API is linked to this page,,GET /v1/governance/workspace,"- The PhysiotherapistAssessmentScreen route loads successfully within the Primecare Clinic workspace.
- The interface correctly displays all primary modules and active widgets.
- Role-based access control restricts unauthorized actions, permitting only Physiotherapist access.
- System telemetry and data tables refresh correctly upon user interaction."
physiotherapist_treatment_notes,Physiotherapist Treatment Notes,ci,physio,/offices/clinical/roles/physiotherapist/treatment-notes,created,No,Business workflow and domain data binding need verification; Authenticated browser and accessibility evidence is pending; No domain API is linked to this page,,GET /v1/governance/workspace,"- The PhysiotherapistTreatmentNotesScreen route loads successfully within the Primecare Clinic workspace.
- The interface correctly displays all primary modules and active widgets.
- Role-based access control restricts unauthorized actions, permitting only Physiotherapist access.
- System telemetry and data tables refresh correctly upon user interaction."
physiotherapist_exercise_plan,Physiotherapist Exercise Plan,ci,physio,/offices/clinical/roles/physiotherapist/exercise-plan,created,No,Business workflow and domain data binding need verification; Authenticated browser and accessibility evidence is pending; No domain API is linked to this page,,GET /v1/governance/workspace,"- The PhysiotherapistExercisePlanScreen route loads successfully within the Primecare Clinic workspace.
- The interface correctly displays all primary modules and active widgets.
- Role-based access control restricts unauthorized actions, permitting only Physiotherapist access.
- System telemetry and data tables refresh correctly upon user interaction."
physiotherapist_billing_link,Physiotherapist Billing Link,ci,physio,/offices/clinical/roles/physiotherapist/billing-link,created,No,Business workflow and domain data binding need verification; Authenticated browser and accessibility evidence is pending; No domain API is linked to this page,,GET /v1/governance/workspace,"- The PhysiotherapistBillingLinkScreen route loads successfully within the Primecare Clinic workspace.
- The interface correctly displays all primary modules and active widgets.
- Role-based access control restricts unauthorized actions, permitting only Physiotherapist access.
- System telemetry and data tables refresh correctly upon user interaction."
physiotherapist_reports,Physiotherapist Reports,ci,physio,/offices/clinical/roles/physiotherapist/reports,created,No,Business workflow and domain data binding need verification; Authenticated browser and accessibility evidence is pending; No domain API is linked to this page,,GET /v1/governance/workspace,"- The PhysiotherapistReportsScreen route loads successfully within the Primecare Clinic workspace.
- The interface correctly displays all primary modules and active widgets.
- Role-based access control restricts unauthorized actions, permitting only Physiotherapist access.
- System telemetry and data tables refresh correctly upon user interaction."
psw_command_center,Psw Command Center,ci,psw,/offices/clinical/roles/psw/system-logs,created,No,Business workflow and domain data binding need verification; Authenticated browser and accessibility evidence is pending; No domain API is linked to this page,,GET /v1/governance/workspace,"- The PswCommandCenterScreen route loads successfully within the Primecare Clinic workspace.
- The interface correctly displays all primary modules and active widgets.
- Role-based access control restricts unauthorized actions, permitting only Personal Support Worker (PSW) access.
- System telemetry and data tables refresh correctly upon user interaction."
psw_my_shifts,Psw My Shifts,ci,psw,/offices/clinical/roles/psw/psw-my-shifts,created,No,Business workflow and domain data binding need verification; Authenticated browser and accessibility evidence is pending; No domain API is linked to this page,,GET /v1/governance/workspace,"- The PswMyShiftsScreen route loads successfully within the Primecare Clinic workspace.
- The interface correctly displays all primary modules and active widgets.
- Role-based access control restricts unauthorized actions, permitting only Personal Support Worker (PSW) access.
- System telemetry and data tables refresh correctly upon user interaction."
psw_client_profile,Psw Client Profile,ci,psw,/offices/clinical/roles/psw/profile,created,No,Business workflow and domain data binding need verification; Authenticated browser and accessibility evidence is pending; No domain API is linked to this page,,GET /v1/governance/workspace,"- The PswClientProfileScreen route loads successfully within the Primecare Clinic workspace.
- The interface correctly displays all primary modules and active widgets.
- Role-based access control restricts unauthorized actions, permitting only Personal Support Worker (PSW) access.
- System telemetry and data tables refresh correctly upon user interaction."
psw_vitals_log,Vitals Entry,ci,psw,/offices/clinical/roles/psw/observation-vitals-log,created,No,Business workflow and domain data binding need verification; Authenticated browser and accessibility evidence is pending; No domain API is linked to this page,,GET /v1/governance/workspace,"- The PswVitalsLogScreen route loads successfully within the Primecare Clinic workspace.
- The interface correctly displays all primary modules and active widgets.
- Role-based access control restricts unauthorized actions, permitting only Personal Support Worker (PSW) access.
- System telemetry and data tables refresh correctly upon user interaction."
psw_incident_report,Report Incident,ci,psw,/offices/clinical/roles/psw/incident-report,created,No,Business workflow and domain data binding need verification; Authenticated browser and accessibility evidence is pending; No domain API is linked to this page,,GET /v1/governance/workspace,"- The PswIncidentReportScreen route loads successfully within the Primecare Clinic workspace.
- The interface correctly displays all primary modules and active widgets.
- Role-based access control restricts unauthorized actions, permitting only Personal Support Worker (PSW) access.
- System telemetry and data tables refresh correctly upon user interaction."
psw_care_plan,Psw Care Plan,ci,psw,/offices/clinical/roles/psw/care-plan,created,No,Business workflow and domain data binding need verification; Authenticated browser and accessibility evidence is pending; No domain API is linked to this page,,GET /v1/governance/workspace,"- The PswCarePlanScreen route loads successfully within the Primecare Clinic workspace.
- The interface correctly displays all primary modules and active widgets.
- Role-based access control restricts unauthorized actions, permitting only Personal Support Worker (PSW) access.
- System telemetry and data tables refresh correctly upon user interaction."
psw_documents,Documents,ci,psw,/offices/clinical/roles/psw/documents,created,No,Business workflow and domain data binding need verification; Authenticated browser and accessibility evidence is pending; No domain API is linked to this page,,GET /v1/governance/workspace,"- The PswDocumentsScreen route loads successfully within the Primecare Clinic workspace.
- The interface correctly displays all primary modules and active widgets.
- Role-based access control restricts unauthorized actions, permitting only Personal Support Worker (PSW) access.
- System telemetry and data tables refresh correctly upon user interaction."
rmt_command_center,Rmt Command Center,ci,rmt,/offices/clinical/roles/rmt/command-center,created,No,Business workflow and domain data binding need verification; Authenticated browser and accessibility evidence is pending; No domain API is linked to this page,,GET /v1/governance/workspace,"- The RmtCommandCenterScreen route loads successfully within the Primecare Clinic workspace.
- The interface correctly displays all primary modules and active widgets.
- Role-based access control restricts unauthorized actions, permitting only Registered Massage Therapist (RMT) access.
- System telemetry and data tables refresh correctly upon user interaction."
rmt_appointments,Rmt Appointments,ci,rmt,/offices/clinical/roles/rmt/appointments,created,No,Business workflow and domain data binding need verification; Authenticated browser and accessibility evidence is pending; No domain API is linked to this page,,GET /v1/governance/workspace,"- The RmtAppointmentsScreen route loads successfully within the Primecare Clinic workspace.
- The interface correctly displays all primary modules and active widgets.
- Role-based access control restricts unauthorized actions, permitting only Registered Massage Therapist (RMT) access.
- System telemetry and data tables refresh correctly upon user interaction."
rmt_client_intake,Rmt Client Intake,ci,rmt,/offices/clinical/roles/rmt/client-intake,created,No,Business workflow and domain data binding need verification; Authenticated browser and accessibility evidence is pending; No domain API is linked to this page,,GET /v1/governance/workspace,"- The RmtClientIntakeScreen route loads successfully within the Primecare Clinic workspace.
- The interface correctly displays all primary modules and active widgets.
- Role-based access control restricts unauthorized actions, permitting only Registered Massage Therapist (RMT) access.
- System telemetry and data tables refresh correctly upon user interaction."
rmt_assessment,Rmt Assessment,ci,rmt,/offices/clinical/roles/rmt/assessment,created,No,Business workflow and domain data binding need verification; Authenticated browser and accessibility evidence is pending; No domain API is linked to this page,,GET /v1/governance/workspace,"- The RmtAssessmentScreen route loads successfully within the Primecare Clinic workspace.
- The interface correctly displays all primary modules and active widgets.
- Role-based access control restricts unauthorized actions, permitting only Registered Massage Therapist (RMT) access.
- System telemetry and data tables refresh correctly upon user interaction."
rmt_treatment_notes,Rmt Treatment Notes,ci,rmt,/offices/clinical/roles/rmt/treatment-notes,created,No,Business workflow and domain data binding need verification; Authenticated browser and accessibility evidence is pending; No domain API is linked to this page,,GET /v1/governance/workspace,"- The RmtTreatmentNotesScreen route loads successfully within the Primecare Clinic workspace.
- The interface correctly displays all primary modules and active widgets.
- Role-based access control restricts unauthorized actions, permitting only Registered Massage Therapist (RMT) access.
- System telemetry and data tables refresh correctly upon user interaction."
rmt_exercise_plan,Rmt Exercise Plan,ci,rmt,/offices/clinical/roles/rmt/exercise-plan,created,No,Business workflow and domain data binding need verification; Authenticated browser and accessibility evidence is pending; No domain API is linked to this page,,GET /v1/governance/workspace,"- The RmtExercisePlanScreen route loads successfully within the Primecare Clinic workspace.
- The interface correctly displays all primary modules and active widgets.
- Role-based access control restricts unauthorized actions, permitting only Registered Massage Therapist (RMT) access.
- System telemetry and data tables refresh correctly upon user interaction."
rmt_billing_link,Rmt Billing Link,ci,rmt,/offices/clinical/roles/rmt/billing-link,created,No,Business workflow and domain data binding need verification; Authenticated browser and accessibility evidence is pending; No domain API is linked to this page,,GET /v1/governance/workspace,"- The RmtBillingLinkScreen route loads successfully within the Primecare Clinic workspace.
- The interface correctly displays all primary modules and active widgets.
- Role-based access control restricts unauthorized actions, permitting only Registered Massage Therapist (RMT) access.
- System telemetry and data tables refresh correctly upon user interaction."
rmt_reports,Rmt Reports,ci,rmt,/offices/clinical/roles/rmt/reports,created,No,Business workflow and domain data binding need verification; Authenticated browser and accessibility evidence is pending; No domain API is linked to this page,,GET /v1/governance/workspace,"- The RmtReportsScreen route loads successfully within the Primecare Clinic workspace.
- The interface correctly displays all primary modules and active widgets.
- Role-based access control restricts unauthorized actions, permitting only Registered Massage Therapist (RMT) access.
- System telemetry and data tables refresh correctly upon user interaction."
rn_command_center,Rn Command Center,ci,rn,/offices/clinical/roles/rn/rn-command-center,created,No,Business workflow and domain data binding need verification; Authenticated browser and accessibility evidence is pending; No domain API is linked to this page,,GET /v1/governance/workspace,"- The RnCommandCenterScreen route loads successfully within the Primecare Clinic workspace.
- The interface correctly displays all primary modules and active widgets.
- Role-based access control restricts unauthorized actions, permitting only Registered Nurse (RN) access.
- System telemetry and data tables refresh correctly upon user interaction."
rn_patient_charting,Rn Patient Charting,ci,rn,/offices/clinical/roles/rn/patient-charting,created,No,Business workflow and domain data binding need verification; Authenticated browser and accessibility evidence is pending; No domain API is linked to this page,,GET /v1/governance/workspace,"- The RnPatientChartingScreen route loads successfully within the Primecare Clinic workspace.
- The interface correctly displays all primary modules and active widgets.
- Role-based access control restricts unauthorized actions, permitting only Registered Nurse (RN) access.
- System telemetry and data tables refresh correctly upon user interaction."
rn_medications,Rn Medications,ci,rn,/offices/clinical/roles/rn/medications,created,No,Business workflow and domain data binding need verification; Authenticated browser and accessibility evidence is pending; No domain API is linked to this page,,GET /v1/governance/workspace,"- The RnMedicationsScreen route loads successfully within the Primecare Clinic workspace.
- The interface correctly displays all primary modules and active widgets.
- Role-based access control restricts unauthorized actions, permitting only Registered Nurse (RN) access.
- System telemetry and data tables refresh correctly upon user interaction."
rn_vitals,Rn Vitals,ci,rn,/offices/clinical/roles/rn/vitals,created,No,Business workflow and domain data binding need verification; Authenticated browser and accessibility evidence is pending; No domain API is linked to this page,,GET /v1/governance/workspace,"- The RnVitalsScreen route loads successfully within the Primecare Clinic workspace.
- The interface correctly displays all primary modules and active widgets.
- Role-based access control restricts unauthorized actions, permitting only Registered Nurse (RN) access.
- System telemetry and data tables refresh correctly upon user interaction."
rn_care_plan_review,Rn Care Plan Review,ci,rn,/offices/clinical/roles/rn/rn-care-plan-review,created,No,Business workflow and domain data binding need verification; Authenticated browser and accessibility evidence is pending; No domain API is linked to this page,,GET /v1/governance/workspace,"- The RnCarePlanReviewScreen route loads successfully within the Primecare Clinic workspace.
- The interface correctly displays all primary modules and active widgets.
- Role-based access control restricts unauthorized actions, permitting only Registered Nurse (RN) access.
- System telemetry and data tables refresh correctly upon user interaction."
rn_incident_review,Rn Incident Review,ci,rn,/offices/clinical/roles/rn/rn-incident-review,created,No,Business workflow and domain data binding need verification; Authenticated browser and accessibility evidence is pending; No domain API is linked to this page,,GET /v1/governance/workspace,"- The RnIncidentReviewScreen route loads successfully within the Primecare Clinic workspace.
- The interface correctly displays all primary modules and active widgets.
- Role-based access control restricts unauthorized actions, permitting only Registered Nurse (RN) access.
- System telemetry and data tables refresh correctly upon user interaction."
rn_tasks,Rn Tasks,ci,rn,/offices/clinical/roles/rn/rn-tasks,created,No,Business workflow and domain data binding need verification; Authenticated browser and accessibility evidence is pending; No domain API is linked to this page,,GET /v1/governance/workspace,"- The RnTasksScreen route loads successfully within the Primecare Clinic workspace.
- The interface correctly displays all primary modules and active widgets.
- Role-based access control restricts unauthorized actions, permitting only Registered Nurse (RN) access.
- System telemetry and data tables refresh correctly upon user interaction."
rn_reports,Rn Reports,ci,rn,/offices/clinical/roles/rn/rn-reports,created,No,Business workflow and domain data binding need verification; Authenticated browser and accessibility evidence is pending; No domain API is linked to this page,,GET /v1/governance/workspace,"- The RnReportsScreen route loads successfully within the Primecare Clinic workspace.
- The interface correctly displays all primary modules and active widgets.
- Role-based access control restricts unauthorized actions, permitting only Registered Nurse (RN) access.
- System telemetry and data tables refresh correctly upon user interaction."
rpn_command_center,Rpn Command Center,ci,rpn,/offices/clinical/roles/rpn/rpn-command-center,created,No,Business workflow and domain data binding need verification; Authenticated browser and accessibility evidence is pending; No domain API is linked to this page,,GET /v1/governance/workspace,"- The RpnCommandCenterScreen route loads successfully within the Primecare Clinic workspace.
- The interface correctly displays all primary modules and active widgets.
- Role-based access control restricts unauthorized actions, permitting only Registered Practical Nurse (RPN) access.
- System telemetry and data tables refresh correctly upon user interaction."
rpn_patient_charting,Rpn Patient Charting,ci,rpn,/offices/clinical/roles/rpn/patient-charting,created,No,Business workflow and domain data binding need verification; Authenticated browser and accessibility evidence is pending; No domain API is linked to this page,,GET /v1/governance/workspace,"- The RpnPatientChartingScreen route loads successfully within the Primecare Clinic workspace.
- The interface correctly displays all primary modules and active widgets.
- Role-based access control restricts unauthorized actions, permitting only Registered Practical Nurse (RPN) access.
- System telemetry and data tables refresh correctly upon user interaction."
rpn_medications,Rpn Medications,ci,rpn,/offices/clinical/roles/rpn/medications,created,No,Business workflow and domain data binding need verification; Authenticated browser and accessibility evidence is pending; No domain API is linked to this page,,GET /v1/governance/workspace,"- The RpnMedicationsScreen route loads successfully within the Primecare Clinic workspace.
- The interface correctly displays all primary modules and active widgets.
- Role-based access control restricts unauthorized actions, permitting only Registered Practical Nurse (RPN) access.
- System telemetry and data tables refresh correctly upon user interaction."
rpn_vitals,Rpn Vitals,ci,rpn,/offices/clinical/roles/rpn/vitals,created,No,Business workflow and domain data binding need verification; Authenticated browser and accessibility evidence is pending; No domain API is linked to this page,,GET /v1/governance/workspace,"- The RpnVitalsScreen route loads successfully within the Primecare Clinic workspace.
- The interface correctly displays all primary modules and active widgets.
- Role-based access control restricts unauthorized actions, permitting only Registered Practical Nurse (RPN) access.
- System telemetry and data tables refresh correctly upon user interaction."
rpn_care_plan_review,Rpn Care Plan Review,ci,rpn,/offices/clinical/roles/rpn/rpn-care-plan-review,created,No,Business workflow and domain data binding need verification; Authenticated browser and accessibility evidence is pending; No domain API is linked to this page,,GET /v1/governance/workspace,"- The RpnCarePlanReviewScreen route loads successfully within the Primecare Clinic workspace.
- The interface correctly displays all primary modules and active widgets.
- Role-based access control restricts unauthorized actions, permitting only Registered Practical Nurse (RPN) access.
- System telemetry and data tables refresh correctly upon user interaction."
rpn_incident_review,Rpn Incident Review,ci,rpn,/offices/clinical/roles/rpn/rpn-incident-review,created,No,Business workflow and domain data binding need verification; Authenticated browser and accessibility evidence is pending; No domain API is linked to this page,,GET /v1/governance/workspace,"- The RpnIncidentReviewScreen route loads successfully within the Primecare Clinic workspace.
- The interface correctly displays all primary modules and active widgets.
- Role-based access control restricts unauthorized actions, permitting only Registered Practical Nurse (RPN) access.
- System telemetry and data tables refresh correctly upon user interaction."
rpn_tasks,Rpn Tasks,ci,rpn,/offices/clinical/roles/rpn/rpn-tasks,created,No,Business workflow and domain data binding need verification; Authenticated browser and accessibility evidence is pending; No domain API is linked to this page,,GET /v1/governance/workspace,"- The RpnTasksScreen route loads successfully within the Primecare Clinic workspace.
- The interface correctly displays all primary modules and active widgets.
- Role-based access control restricts unauthorized actions, permitting only Registered Practical Nurse (RPN) access.
- System telemetry and data tables refresh correctly upon user interaction."
rpn_reports,Rpn Reports,ci,rpn,/offices/clinical/roles/rpn/rpn-reports,created,No,Business workflow and domain data binding need verification; Authenticated browser and accessibility evidence is pending; No domain API is linked to this page,,GET /v1/governance/workspace,"- The RpnReportsScreen route loads successfully within the Primecare Clinic workspace.
- The interface correctly displays all primary modules and active widgets.
- Role-based access control restricts unauthorized actions, permitting only Registered Practical Nurse (RPN) access.
- System telemetry and data tables refresh correctly upon user interaction."
scheduler_command_center,Scheduler Command Center,cl,scheduler,/staff/scheduler-command-center,created,No,Business workflow and domain data binding need verification; Authenticated browser and accessibility evidence is pending; No domain API is linked to this page,,GET /v1/governance/workspace,"- The SchedulerCommandCenterScreen route loads successfully within the Primecare Client workspace.
- The interface correctly displays all primary modules and active widgets.
- Role-based access control restricts unauthorized actions, permitting only Shift Supervisor access.
- System telemetry and data tables refresh correctly upon user interaction."
scheduler_calendar,Scheduler Calendar,cl,scheduler,/staff/scheduler-calendar,created,No,Business workflow and domain data binding need verification; Authenticated browser and accessibility evidence is pending; No domain API is linked to this page,,GET /v1/governance/workspace,"- The SchedulerCalendarScreen route loads successfully within the Primecare Client workspace.
- The interface correctly displays all primary modules and active widgets.
- Role-based access control restricts unauthorized actions, permitting only Shift Supervisor access.
- System telemetry and data tables refresh correctly upon user interaction."
scheduler_booking_requests,Scheduler Booking Requests,cl,scheduler,/staff/scheduler-booking-requests,created,No,Business workflow and domain data binding need verification; Authenticated browser and accessibility evidence is pending; No domain API is linked to this page,,GET /v1/governance/workspace,"- The SchedulerBookingRequestsScreen route loads successfully within the Primecare Client workspace.
- The interface correctly displays all primary modules and active widgets.
- Role-based access control restricts unauthorized actions, permitting only Shift Supervisor access.
- System telemetry and data tables refresh correctly upon user interaction."
scheduler_conflicts,Scheduler Conflicts,cl,scheduler,/staff/scheduler-conflicts,created,No,Business workflow and domain data binding need verification; Authenticated browser and accessibility evidence is pending; No domain API is linked to this page,,GET /v1/governance/workspace,"- The SchedulerConflictsScreen route loads successfully within the Primecare Client workspace.
- The interface correctly displays all primary modules and active widgets.
- Role-based access control restricts unauthorized actions, permitting only Shift Supervisor access.
- System telemetry and data tables refresh correctly upon user interaction."
scheduler_open_shifts,Scheduler Open Shifts,cl,scheduler,/staff/scheduler-open-shifts,created,No,Business workflow and domain data binding need verification; Authenticated browser and accessibility evidence is pending; No domain API is linked to this page,,GET /v1/governance/workspace,"- The SchedulerOpenShiftsScreen route loads successfully within the Primecare Client workspace.
- The interface correctly displays all primary modules and active widgets.
- Role-based access control restricts unauthorized actions, permitting only Shift Supervisor access.
- System telemetry and data tables refresh correctly upon user interaction."
scheduler_provider_availability,Scheduler Provider Availability,cl,scheduler,/staff/scheduler-provider-availability,created,No,Business workflow and domain data binding need verification; Authenticated browser and accessibility evidence is pending; No domain API is linked to this page,,GET /v1/governance/workspace,"- The SchedulerProviderAvailabilityScreen route loads successfully within the Primecare Client workspace.
- The interface correctly displays all primary modules and active widgets.
- Role-based access control restricts unauthorized actions, permitting only Shift Supervisor access.
- System telemetry and data tables refresh correctly upon user interaction."
intake_coordinator_referrals,Intake Coordinator Referrals,cl,volunteer_coordinator,/executive/intake-coordinator-referrals,created,No,Business workflow and domain data binding need verification; Authenticated browser and accessibility evidence is pending; No domain API is linked to this page,,GET /v1/governance/workspace,"- The IntakeCoordinatorReferralsScreen route loads successfully within the Primecare Client workspace.
- The interface correctly displays all primary modules and active widgets.
- Role-based access control restricts unauthorized actions, permitting only Volunteer Coordinator access.
- System telemetry and data tables refresh correctly upon user interaction."
intake_coordinator_new_client_intake,Intake Coordinator New Client Intake,cl,volunteer_coordinator,/executive/intake-coordinator-new-client-intake,created,No,Business workflow and domain data binding need verification; Authenticated browser and accessibility evidence is pending; No domain API is linked to this page,,GET /v1/governance/workspace,"- The IntakeCoordinatorNewClientIntakeScreen route loads successfully within the Primecare Client workspace.
- The interface correctly displays all primary modules and active widgets.
- Role-based access control restricts unauthorized actions, permitting only Volunteer Coordinator access.
- System telemetry and data tables refresh correctly upon user interaction."
intake_coordinator_assessment_queue,Intake Coordinator Assessment Queue,cl,volunteer_coordinator,/executive/intake-coordinator-assessment-queue,created,No,Business workflow and domain data binding need verification; Authenticated browser and accessibility evidence is pending; No domain API is linked to this page,,GET /v1/governance/workspace,"- The IntakeCoordinatorAssessmentQueueScreen route loads successfully within the Primecare Client workspace.
- The interface correctly displays all primary modules and active widgets.
- Role-based access control restricts unauthorized actions, permitting only Volunteer Coordinator access.
- System telemetry and data tables refresh correctly upon user interaction."
intake_coordinator_booking,Intake Coordinator Booking,cl,volunteer_coordinator,/executive/intake-coordinator-booking,created,No,Business workflow and domain data binding need verification; Authenticated browser and accessibility evidence is pending; No domain API is linked to this page,,GET /v1/governance/workspace,"- The IntakeCoordinatorBookingScreen route loads successfully within the Primecare Client workspace.
- The interface correctly displays all primary modules and active widgets.
- Role-based access control restricts unauthorized actions, permitting only Volunteer Coordinator access.
- System telemetry and data tables refresh correctly upon user interaction."
intake_coordinator_documents,Intake Coordinator Documents,cl,volunteer_coordinator,/executive/intake-coordinator-documents,created,No,Business workflow and domain data binding need verification; Authenticated browser and accessibility evidence is pending; No domain API is linked to this page,,GET /v1/governance/workspace,"- The IntakeCoordinatorDocumentsScreen route loads successfully within the Primecare Client workspace.
- The interface correctly displays all primary modules and active widgets.
- Role-based access control restricts unauthorized actions, permitting only Volunteer Coordinator access.
- System telemetry and data tables refresh correctly upon user interaction."
intake_coordinator_follow_up,Intake Coordinator Follow Up,cl,volunteer_coordinator,/executive/intake-coordinator-follow-up,created,No,Business workflow and domain data binding need verification; Authenticated browser and accessibility evidence is pending; No domain API is linked to this page,,GET /v1/governance/workspace,"- The IntakeCoordinatorFollowUpScreen route loads successfully within the Primecare Client workspace.
- The interface correctly displays all primary modules and active widgets.
- Role-based access control restricts unauthorized actions, permitting only Volunteer Coordinator access.
- System telemetry and data tables refresh correctly upon user interaction."
executive_command_center,Executive Command Center,co,ceo,/executive/executive-command-center,created,No,Business workflow and domain data binding need verification; Authenticated browser and accessibility evidence is pending; No domain API is linked to this page,,GET /v1/governance/workspace,"- The ExecutiveCommandCenterScreen route loads successfully within the Primecare Corporate workspace.
- The interface correctly displays all primary modules and active widgets.
- Role-based access control restricts unauthorized actions, permitting only Chief Executive Officer (CEO) access.
- System telemetry and data tables refresh correctly upon user interaction."
enterprise_health,Enterprise Health,co,ceo,/executive/enterprise-health,created,No,Business workflow and domain data binding need verification; Authenticated browser and accessibility evidence is pending; No domain API is linked to this page,,GET /v1/governance/workspace,"- The EnterpriseHealthScreen route loads successfully within the Primecare Corporate workspace.
- The interface correctly displays all primary modules and active widgets.
- Role-based access control restricts unauthorized actions, permitting only Chief Executive Officer (CEO) access.
- System telemetry and data tables refresh correctly upon user interaction."
revenue_analytics,Revenue Analytics,co,ceo,/executive/revenue-analytics,created,No,Business workflow and domain data binding need verification; Authenticated browser and accessibility evidence is pending; No domain API is linked to this page,,GET /v1/governance/workspace,"- The RevenueAnalyticsScreen route loads successfully within the Primecare Corporate workspace.
- The interface correctly displays all primary modules and active widgets.
- Role-based access control restricts unauthorized actions, permitting only Chief Executive Officer (CEO) access.
- System telemetry and data tables refresh correctly upon user interaction."
risk_management,Risk Management,co,ceo,/executive/risk-management,created,No,Business workflow and domain data binding need verification; Authenticated browser and accessibility evidence is pending; No domain API is linked to this page,,GET /v1/governance/workspace,"- The RiskManagementScreen route loads successfully within the Primecare Corporate workspace.
- The interface correctly displays all primary modules and active widgets.
- Role-based access control restricts unauthorized actions, permitting only Chief Executive Officer (CEO) access.
- System telemetry and data tables refresh correctly upon user interaction."
franchise_overview,Franchise Overview,co,ceo,/executive/franchise-overview,created,No,Business workflow and domain data binding need verification; Authenticated browser and accessibility evidence is pending; No domain API is linked to this page,,GET /v1/governance/workspace,"- The FranchiseOverviewScreen route loads successfully within the Primecare Corporate workspace.
- The interface correctly displays all primary modules and active widgets.
- Role-based access control restricts unauthorized actions, permitting only Chief Executive Officer (CEO) access.
- System telemetry and data tables refresh correctly upon user interaction."
operations_command_center,Operations Command Center,co,coo,/executive/operations-command-center,created,No,Business workflow and domain data binding need verification; Authenticated browser and accessibility evidence is pending; No domain API is linked to this page,,GET /v1/governance/workspace,"- The OperationsCommandCenterScreen route loads successfully within the Primecare Corporate workspace.
- The interface correctly displays all primary modules and active widgets.
- Role-based access control restricts unauthorized actions, permitting only Chief Operating Officer (COO) access.
- System telemetry and data tables refresh correctly upon user interaction."
staffing_overview,Staffing Overview,co,coo,/executive/staffing-overview,created,No,Business workflow and domain data binding need verification; Authenticated browser and accessibility evidence is pending; No domain API is linked to this page,,GET /v1/governance/workspace,"- The StaffingOverviewScreen route loads successfully within the Primecare Corporate workspace.
- The interface correctly displays all primary modules and active widgets.
- Role-based access control restricts unauthorized actions, permitting only Chief Operating Officer (COO) access.
- System telemetry and data tables refresh correctly upon user interaction."
workflow_issue,Workflow Issue,co,coo,/executive/workflow-issue,created,No,Business workflow and domain data binding need verification; Authenticated browser and accessibility evidence is pending; No domain API is linked to this page,,GET /v1/governance/workspace,"- The WorkflowIssueScreen route loads successfully within the Primecare Corporate workspace.
- The interface correctly displays all primary modules and active widgets.
- Role-based access control restricts unauthorized actions, permitting only Chief Operating Officer (COO) access.
- System telemetry and data tables refresh correctly upon user interaction."
service_quality,Service Quality,co,coo,/executive/service-quality,created,No,Business workflow and domain data binding need verification; Authenticated browser and accessibility evidence is pending; No domain API is linked to this page,,GET /v1/governance/workspace,"- The ServiceQualityScreen route loads successfully within the Primecare Corporate workspace.
- The interface correctly displays all primary modules and active widgets.
- Role-based access control restricts unauthorized actions, permitting only Chief Operating Officer (COO) access.
- System telemetry and data tables refresh correctly upon user interaction."
branch_performance,Branch Performance,co,coo,/executive/branch-performance,created,No,Business workflow and domain data binding need verification; Authenticated browser and accessibility evidence is pending; No domain API is linked to this page,,GET /v1/governance/workspace,"- The BranchPerformanceScreen route loads successfully within the Primecare Corporate workspace.
- The interface correctly displays all primary modules and active widgets.
- Role-based access control restricts unauthorized actions, permitting only Chief Operating Officer (COO) access.
- System telemetry and data tables refresh correctly upon user interaction."
financial_dashboard,Financial Dashboard,co,cfo,/executive/financial-dashboard,created,No,Business workflow and domain data binding need verification; Authenticated browser and accessibility evidence is pending; Domain API authorization or schemas are incomplete,,POST /v1/financial-dashboard/compliance/scan; GET /v1/governance/workspace,"- The FinancialDashboardScreen route loads successfully within the Primecare Corporate workspace.
- The interface correctly displays all primary modules and active widgets.
- Role-based access control restricts unauthorized actions, permitting only Chief Financial Officer (CFO) access.
- System telemetry and data tables refresh correctly upon user interaction."
revenue,Revenue,co,cfo,/executive/revenue,created,No,Business workflow and domain data binding need verification; Authenticated browser and accessibility evidence is pending; No domain API is linked to this page,,GET /v1/governance/workspace,"- The RevenueScreen route loads successfully within the Primecare Corporate workspace.
- The interface correctly displays all primary modules and active widgets.
- Role-based access control restricts unauthorized actions, permitting only Chief Financial Officer (CFO) access.
- System telemetry and data tables refresh correctly upon user interaction."
expense_management,Expense Management,co,cfo,/executive/expense-management,created,No,Business workflow and domain data binding need verification; Authenticated browser and accessibility evidence is pending; No domain API is linked to this page,,GET /v1/governance/workspace,"- The ExpenseManagementScreen route loads successfully within the Primecare Corporate workspace.
- The interface correctly displays all primary modules and active widgets.
- Role-based access control restricts unauthorized actions, permitting only Chief Financial Officer (CFO) access.
- System telemetry and data tables refresh correctly upon user interaction."
payroll,Payroll,co,cfo,/executive/payroll,created,No,Business workflow and domain data binding need verification; Authenticated browser and accessibility evidence is pending; No domain API is linked to this page,,GET /v1/governance/workspace,"- The PayrollScreen route loads successfully within the Primecare Corporate workspace.
- The interface correctly displays all primary modules and active widgets.
- Role-based access control restricts unauthorized actions, permitting only Chief Financial Officer (CFO) access.
- System telemetry and data tables refresh correctly upon user interaction."
tax_compliance,Tax Compliance,co,cfo,/executive/tax-compliance,created,No,Business workflow and domain data binding need verification; Authenticated browser and accessibility evidence is pending; No domain API is linked to this page,,GET /v1/governance/workspace,"- The TaxComplianceScreen route loads successfully within the Primecare Corporate workspace.
- The interface correctly displays all primary modules and active widgets.
- Role-based access control restricts unauthorized actions, permitting only Chief Financial Officer (CFO) access.
- System telemetry and data tables refresh correctly upon user interaction."
system_health,System Health,co,cto,/executive/system-health,created,No,Business workflow and domain data binding need verification; Authenticated browser and accessibility evidence is pending; No domain API is linked to this page,,GET /v1/governance/workspace,"- The SystemHealthScreen route loads successfully within the Primecare Corporate workspace.
- The interface correctly displays all primary modules and active widgets.
- Role-based access control restricts unauthorized actions, permitting only Chief Technology Officer (CTO) access.
- System telemetry and data tables refresh correctly upon user interaction."
api_monitoring,Api Monitoring,co,cto,/executive/api-monitoring,created,No,Business workflow and domain data binding need verification; Authenticated browser and accessibility evidence is pending; No domain API is linked to this page,,GET /v1/governance/workspace,"- The ApiMonitoringScreen route loads successfully within the Primecare Corporate workspace.
- The interface correctly displays all primary modules and active widgets.
- Role-based access control restricts unauthorized actions, permitting only Chief Technology Officer (CTO) access.
- System telemetry and data tables refresh correctly upon user interaction."
deployment_center,Deployment Center,co,cto,/executive/deployment-center,created,No,Business workflow and domain data binding need verification; Authenticated browser and accessibility evidence is pending; No domain API is linked to this page,,GET /v1/governance/workspace,"- The DeploymentCenterScreen route loads successfully within the Primecare Corporate workspace.
- The interface correctly displays all primary modules and active widgets.
- Role-based access control restricts unauthorized actions, permitting only Chief Technology Officer (CTO) access.
- System telemetry and data tables refresh correctly upon user interaction."
security_audit,Security Audit,co,cto,/executive/security-audit,created,No,Business workflow and domain data binding need verification; Authenticated browser and accessibility evidence is pending; No domain API is linked to this page,,GET /v1/governance/workspace,"- The SecurityAuditScreen route loads successfully within the Primecare Corporate workspace.
- The interface correctly displays all primary modules and active widgets.
- Role-based access control restricts unauthorized actions, permitting only Chief Technology Officer (CTO) access.
- System telemetry and data tables refresh correctly upon user interaction."
release_management,Release Management,co,cto,/executive/release-management,created,No,Business workflow and domain data binding need verification; Authenticated browser and accessibility evidence is pending; No domain API is linked to this page,,GET /v1/governance/workspace,"- The ReleaseManagementScreen route loads successfully within the Primecare Corporate workspace.
- The interface correctly displays all primary modules and active widgets.
- Role-based access control restricts unauthorized actions, permitting only Chief Technology Officer (CTO) access.
- System telemetry and data tables refresh correctly upon user interaction."
compliance_dashboard,Compliance Dashboard,cl,compliance,/management/compliance-dashboard,created,No,Business workflow and domain data binding need verification; Authenticated browser and accessibility evidence is pending; Domain API authorization or schemas are incomplete,,POST /v1/compliance-dashboard/compliance/scan; GET /v1/governance/workspace,"- The ComplianceDashboardScreen route loads successfully within the Primecare Client workspace.
- The interface correctly displays all primary modules and active widgets.
- Role-based access control restricts unauthorized actions, permitting only Compliance Manager access.
- System telemetry and data tables refresh correctly upon user interaction."
audit_review,Audit Review,cl,compliance,/management/audit-review,created,No,Business workflow and domain data binding need verification; Authenticated browser and accessibility evidence is pending; No domain API is linked to this page,,GET /v1/governance/workspace,"- The AuditReviewScreen route loads successfully within the Primecare Client workspace.
- The interface correctly displays all primary modules and active widgets.
- Role-based access control restricts unauthorized actions, permitting only Compliance Manager access.
- System telemetry and data tables refresh correctly upon user interaction."
incident_management,Incident Management,cl,compliance,/management/incident-management,created,No,Business workflow and domain data binding need verification; Authenticated browser and accessibility evidence is pending; No domain API is linked to this page,,GET /v1/governance/workspace,"- The IncidentManagementScreen route loads successfully within the Primecare Client workspace.
- The interface correctly displays all primary modules and active widgets.
- Role-based access control restricts unauthorized actions, permitting only Compliance Manager access.
- System telemetry and data tables refresh correctly upon user interaction."
policy_management,Policy Management,cl,compliance,/management/policy-management,created,No,Business workflow and domain data binding need verification; Authenticated browser and accessibility evidence is pending; No domain API is linked to this page,,GET /v1/governance/workspace,"- The PolicyManagementScreen route loads successfully within the Primecare Client workspace.
- The interface correctly displays all primary modules and active widgets.
- Role-based access control restricts unauthorized actions, permitting only Compliance Manager access.
- System telemetry and data tables refresh correctly upon user interaction."
corrective_action,Corrective Action,cl,compliance,/management/corrective-action,created,No,Business workflow and domain data binding need verification; Authenticated browser and accessibility evidence is pending; No domain API is linked to this page,,GET /v1/governance/workspace,"- The CorrectiveActionScreen route loads successfully within the Primecare Client workspace.
- The interface correctly displays all primary modules and active widgets.
- Role-based access control restricts unauthorized actions, permitting only Compliance Manager access.
- System telemetry and data tables refresh correctly upon user interaction."
hiring_pipeline,Hiring Pipeline,cl,hr_director,/management/hiring-pipeline,created,No,Business workflow and domain data binding need verification; Authenticated browser and accessibility evidence is pending; No domain API is linked to this page,,GET /v1/governance/workspace,"- The HiringPipelineScreen route loads successfully within the Primecare Client workspace.
- The interface correctly displays all primary modules and active widgets.
- Role-based access control restricts unauthorized actions, permitting only HR Director access.
- System telemetry and data tables refresh correctly upon user interaction."
employee_records,Employee Records,cl,hr_director,/management/employee-records,created,No,Business workflow and domain data binding need verification; Authenticated browser and accessibility evidence is pending; No domain API is linked to this page,,GET /v1/governance/workspace,"- The EmployeeRecordsScreen route loads successfully within the Primecare Client workspace.
- The interface correctly displays all primary modules and active widgets.
- Role-based access control restricts unauthorized actions, permitting only HR Director access.
- System telemetry and data tables refresh correctly upon user interaction."
credential_expiry,Credential Expiry,cl,hr_director,/management/credential-expiry,created,No,Business workflow and domain data binding need verification; Authenticated browser and accessibility evidence is pending; No domain API is linked to this page,,GET /v1/governance/workspace,"- The CredentialExpiryScreen route loads successfully within the Primecare Client workspace.
- The interface correctly displays all primary modules and active widgets.
- Role-based access control restricts unauthorized actions, permitting only HR Director access.
- System telemetry and data tables refresh correctly upon user interaction."
training_management,Training Management,cl,hr_director,/management/training-management,created,No,Business workflow and domain data binding need verification; Authenticated browser and accessibility evidence is pending; No domain API is linked to this page,,GET /v1/governance/workspace,"- The TrainingManagementScreen route loads successfully within the Primecare Client workspace.
- The interface correctly displays all primary modules and active widgets.
- Role-based access control restricts unauthorized actions, permitting only HR Director access.
- System telemetry and data tables refresh correctly upon user interaction."
onboarding,Onboarding,cl,hr_director,/management/onboarding,created,No,Business workflow and domain data binding need verification; Authenticated browser and accessibility evidence is pending; No domain API is linked to this page,,GET /v1/governance/workspace,"- The OnboardingScreen route loads successfully within the Primecare Client workspace.
- The interface correctly displays all primary modules and active widgets.
- Role-based access control restricts unauthorized actions, permitting only HR Director access.
- System telemetry and data tables refresh correctly upon user interaction."
franchise_lead,Franchise Lead,bd,bus_dev,/management/franchise-lead,created,No,Business workflow and domain data binding need verification; Authenticated browser and accessibility evidence is pending; No domain API is linked to this page,,GET /v1/governance/workspace,"- The FranchiseLeadScreen route loads successfully within the Primecare Business Development workspace.
- The interface correctly displays all primary modules and active widgets.
- Role-based access control restricts unauthorized actions, permitting only Head of Business Development access.
- System telemetry and data tables refresh correctly upon user interaction."
partnership_management,Partnership Management,bd,bus_dev,/management/partnership-management,created,No,Business workflow and domain data binding need verification; Authenticated browser and accessibility evidence is pending; No domain API is linked to this page,,GET /v1/governance/workspace,"- The PartnershipManagementScreen route loads successfully within the Primecare Business Development workspace.
- The interface correctly displays all primary modules and active widgets.
- Role-based access control restricts unauthorized actions, permitting only Head of Business Development access.
- System telemetry and data tables refresh correctly upon user interaction."
growth_analytics,Growth Analytics,bd,bus_dev,/management/growth-analytics,created,No,Business workflow and domain data binding need verification; Authenticated browser and accessibility evidence is pending; No domain API is linked to this page,,GET /v1/governance/workspace,"- The GrowthAnalyticsScreen route loads successfully within the Primecare Business Development workspace.
- The interface correctly displays all primary modules and active widgets.
- Role-based access control restricts unauthorized actions, permitting only Head of Business Development access.
- System telemetry and data tables refresh correctly upon user interaction."
outreach_campaign,Outreach Campaign,bd,bus_dev,/management/outreach-campaign,created,No,Business workflow and domain data binding need verification; Authenticated browser and accessibility evidence is pending; No domain API is linked to this page,,GET /v1/governance/workspace,"- The OutreachCampaignScreen route loads successfully within the Primecare Business Development workspace.
- The interface correctly displays all primary modules and active widgets.
- Role-based access control restricts unauthorized actions, permitting only Head of Business Development access.
- System telemetry and data tables refresh correctly upon user interaction."
campaign_dashboard,Campaign Dashboard,ma,marketing,/management/campaign-dashboard,created,No,Business workflow and domain data binding need verification; Authenticated browser and accessibility evidence is pending; Domain API authorization or schemas are incomplete,,POST /v1/campaign-dashboard/compliance/scan; GET /v1/governance/workspace,"- The CampaignDashboardScreen route loads successfully within the Primecare Marketing workspace.
- The interface correctly displays all primary modules and active widgets.
- Role-based access control restricts unauthorized actions, permitting only Head of Marketing access.
- System telemetry and data tables refresh correctly upon user interaction."
lead_analytics,Lead Analytics,ma,marketing,/management/lead-analytics,created,No,Business workflow and domain data binding need verification; Authenticated browser and accessibility evidence is pending; No domain API is linked to this page,,GET /v1/governance/workspace,"- The LeadAnalyticsScreen route loads successfully within the Primecare Marketing workspace.
- The interface correctly displays all primary modules and active widgets.
- Role-based access control restricts unauthorized actions, permitting only Head of Marketing access.
- System telemetry and data tables refresh correctly upon user interaction."
social_media,Social Media,ma,marketing,/management/social-media,created,No,Business workflow and domain data binding need verification; Authenticated browser and accessibility evidence is pending; No domain API is linked to this page,,GET /v1/governance/workspace,"- The SocialMediaScreen route loads successfully within the Primecare Marketing workspace.
- The interface correctly displays all primary modules and active widgets.
- Role-based access control restricts unauthorized actions, permitting only Head of Marketing access.
- System telemetry and data tables refresh correctly upon user interaction."
brand_management,Brand Management,ma,marketing,/management/brand-management,created,No,Business workflow and domain data binding need verification; Authenticated browser and accessibility evidence is pending; No domain API is linked to this page,,GET /v1/governance/workspace,"- The BrandManagementScreen route loads successfully within the Primecare Marketing workspace.
- The interface correctly displays all primary modules and active widgets.
- Role-based access control restricts unauthorized actions, permitting only Head of Marketing access.
- System telemetry and data tables refresh correctly upon user interaction."
franchise_command_center,Franchise Command Center,fr,owner,/executive/franchise-command-center,created,No,Business workflow and domain data binding need verification; Authenticated browser and accessibility evidence is pending; No domain API is linked to this page,,GET /v1/governance/workspace,"- The FranchiseCommandCenterScreen route loads successfully within the Primecare Franchise workspace.
- The interface correctly displays all primary modules and active widgets.
- Role-based access control restricts unauthorized actions, permitting only Franchise Owner access.
- System telemetry and data tables refresh correctly upon user interaction."
revenue_snapshot,Revenue Snapshot,fr,owner,/executive/revenue-snapshot,created,No,Business workflow and domain data binding need verification; Authenticated browser and accessibility evidence is pending; No domain API is linked to this page,,GET /v1/governance/workspace,"- The RevenueSnapshotScreen route loads successfully within the Primecare Franchise workspace.
- The interface correctly displays all primary modules and active widgets.
- Role-based access control restricts unauthorized actions, permitting only Franchise Owner access.
- System telemetry and data tables refresh correctly upon user interaction."
staff_management,Staff Management,fr,owner,/executive/staff-management,created,No,Business workflow and domain data binding need verification; Authenticated browser and accessibility evidence is pending; No domain API is linked to this page,,GET /v1/governance/workspace,"- The StaffManagementScreen route loads successfully within the Primecare Franchise workspace.
- The interface correctly displays all primary modules and active widgets.
- Role-based access control restricts unauthorized actions, permitting only Franchise Owner access.
- System telemetry and data tables refresh correctly upon user interaction."
appointment_overview,Appointment Overview,fr,owner,/executive/appointment-overview,created,No,Business workflow and domain data binding need verification; Authenticated browser and accessibility evidence is pending; No domain API is linked to this page,,GET /v1/governance/workspace,"- The AppointmentOverviewScreen route loads successfully within the Primecare Franchise workspace.
- The interface correctly displays all primary modules and active widgets.
- Role-based access control restricts unauthorized actions, permitting only Franchise Owner access.
- System telemetry and data tables refresh correctly upon user interaction."
compliance_overview,Compliance Overview,fr,owner,/executive/compliance-overview,created,No,Business workflow and domain data binding need verification; Authenticated browser and accessibility evidence is pending; No domain API is linked to this page,,GET /v1/governance/workspace,"- The ComplianceOverviewScreen route loads successfully within the Primecare Franchise workspace.
- The interface correctly displays all primary modules and active widgets.
- Role-based access control restricts unauthorized actions, permitting only Franchise Owner access.
- System telemetry and data tables refresh correctly upon user interaction."
daily_operations,Daily Operations,cl,ops_manager,/management/daily-operations,created,No,Business workflow and domain data binding need verification; Authenticated browser and accessibility evidence is pending; No domain API is linked to this page,,GET /v1/governance/workspace,"- The DailyOperationsScreen route loads successfully within the Primecare Client workspace.
- The interface correctly displays all primary modules and active widgets.
- Role-based access control restricts unauthorized actions, permitting only Operations Manager access.
- System telemetry and data tables refresh correctly upon user interaction."
attendance,Attendance,cl,ops_manager,/management/attendance,created,No,Business workflow and domain data binding need verification; Authenticated browser and accessibility evidence is pending; No domain API is linked to this page,,GET /v1/governance/workspace,"- The AttendanceScreen route loads successfully within the Primecare Client workspace.
- The interface correctly displays all primary modules and active widgets.
- Role-based access control restricts unauthorized actions, permitting only Operations Manager access.
- System telemetry and data tables refresh correctly upon user interaction."
scheduling_health,Scheduling Health,cl,ops_manager,/management/scheduling-health,created,No,Business workflow and domain data binding need verification; Authenticated browser and accessibility evidence is pending; No domain API is linked to this page,,GET /v1/governance/workspace,"- The SchedulingHealthScreen route loads successfully within the Primecare Client workspace.
- The interface correctly displays all primary modules and active widgets.
- Role-based access control restricts unauthorized actions, permitting only Operations Manager access.
- System telemetry and data tables refresh correctly upon user interaction."
service_issue,Service Issue,cl,ops_manager,/management/service-issue,created,No,Business workflow and domain data binding need verification; Authenticated browser and accessibility evidence is pending; No domain API is linked to this page,,GET /v1/governance/workspace,"- The ServiceIssueScreen route loads successfully within the Primecare Client workspace.
- The interface correctly displays all primary modules and active widgets.
- Role-based access control restricts unauthorized actions, permitting only Operations Manager access.
- System telemetry and data tables refresh correctly upon user interaction."
scheduling_dashboard,Scheduling Dashboard,cl,scheduler,/staff/scheduling-dashboard,created,No,Business workflow and domain data binding need verification; Authenticated browser and accessibility evidence is pending; Domain API authorization or schemas are incomplete,,GET /v1/governance/workspace; POST /v1/scheduling-dashboard/compliance/scan,"- The SchedulingDashboardScreen route loads successfully within the Primecare Client workspace.
- The interface correctly displays all primary modules and active widgets.
- Role-based access control restricts unauthorized actions, permitting only Shift Supervisor access.
- System telemetry and data tables refresh correctly upon user interaction."
calendar_management,Calendar Management,cl,scheduler,/staff/calendar-management,created,No,Business workflow and domain data binding need verification; Authenticated browser and accessibility evidence is pending; No domain API is linked to this page,,GET /v1/governance/workspace,"- The CalendarManagementScreen route loads successfully within the Primecare Client workspace.
- The interface correctly displays all primary modules and active widgets.
- Role-based access control restricts unauthorized actions, permitting only Shift Supervisor access.
- System telemetry and data tables refresh correctly upon user interaction."
conflict_resolution,Conflict Resolution,cl,scheduler,/staff/conflict-resolution,created,No,Business workflow and domain data binding need verification; Authenticated browser and accessibility evidence is pending; No domain API is linked to this page,,GET /v1/governance/workspace,"- The ConflictResolutionScreen route loads successfully within the Primecare Client workspace.
- The interface correctly displays all primary modules and active widgets.
- Role-based access control restricts unauthorized actions, permitting only Shift Supervisor access.
- System telemetry and data tables refresh correctly upon user interaction."
open_shift,Open Shift,cl,scheduler,/staff/open-shift,created,No,Business workflow and domain data binding need verification; Authenticated browser and accessibility evidence is pending; No domain API is linked to this page,,GET /v1/governance/workspace,"- The OpenShiftScreen route loads successfully within the Primecare Client workspace.
- The interface correctly displays all primary modules and active widgets.
- Role-based access control restricts unauthorized actions, permitting only Shift Supervisor access.
- System telemetry and data tables refresh correctly upon user interaction."
invoice_management,Invoice Management,cl,admin,/staff/invoice-management,created,No,Business workflow and domain data binding need verification; Authenticated browser and accessibility evidence is pending; No domain API is linked to this page,,GET /v1/governance/workspace,"- The InvoiceManagementScreen route loads successfully within the Primecare Client workspace.
- The interface correctly displays all primary modules and active widgets.
- Role-based access control restricts unauthorized actions, permitting only Administrative Assistant access.
- System telemetry and data tables refresh correctly upon user interaction."
claims_processing,Claims Processing,cl,admin,/staff/claims-processing,created,No,Business workflow and domain data binding need verification; Authenticated browser and accessibility evidence is pending; No domain API is linked to this page,,GET /v1/governance/workspace,"- The ClaimsProcessingScreen route loads successfully within the Primecare Client workspace.
- The interface correctly displays all primary modules and active widgets.
- Role-based access control restricts unauthorized actions, permitting only Administrative Assistant access.
- System telemetry and data tables refresh correctly upon user interaction."
payment_tracking,Payment Tracking,cl,admin,/staff/payment-tracking,created,No,Business workflow and domain data binding need verification; Authenticated browser and accessibility evidence is pending; No domain API is linked to this page,,GET /v1/governance/workspace,"- The PaymentTrackingScreen route loads successfully within the Primecare Client workspace.
- The interface correctly displays all primary modules and active widgets.
- Role-based access control restricts unauthorized actions, permitting only Administrative Assistant access.
- System telemetry and data tables refresh correctly upon user interaction."
refund_management,Refund Management,cl,admin,/staff/refund-management,created,No,Business workflow and domain data binding need verification; Authenticated browser and accessibility evidence is pending; No domain API is linked to this page,,GET /v1/governance/workspace,"- The RefundManagementScreen route loads successfully within the Primecare Client workspace.
- The interface correctly displays all primary modules and active widgets.
- Role-based access control restricts unauthorized actions, permitting only Administrative Assistant access.
- System telemetry and data tables refresh correctly upon user interaction."
applicant_tracking,Applicant Tracking,cl,hr_hiring,/staff/applicant-tracking,created,No,Business workflow and domain data binding need verification; Authenticated browser and accessibility evidence is pending; No domain API is linked to this page,,GET /v1/governance/workspace,"- The ApplicantTrackingScreen route loads successfully within the Primecare Client workspace.
- The interface correctly displays all primary modules and active widgets.
- Role-based access control restricts unauthorized actions, permitting only Talent Acquisition Manager access.
- System telemetry and data tables refresh correctly upon user interaction."
interview_scheduling,Interview Scheduling,cl,hr_hiring,/staff/interview-scheduling,created,No,Business workflow and domain data binding need verification; Authenticated browser and accessibility evidence is pending; No domain API is linked to this page,,GET /v1/governance/workspace,"- The InterviewSchedulingScreen route loads successfully within the Primecare Client workspace.
- The interface correctly displays all primary modules and active widgets.
- Role-based access control restricts unauthorized actions, permitting only Talent Acquisition Manager access.
- System telemetry and data tables refresh correctly upon user interaction."
offer_management,Offer Management,cl,hr_hiring,/staff/offer-management,created,No,Business workflow and domain data binding need verification; Authenticated browser and accessibility evidence is pending; No domain API is linked to this page,,GET /v1/governance/workspace,"- The OfferManagementScreen route loads successfully within the Primecare Client workspace.
- The interface correctly displays all primary modules and active widgets.
- Role-based access control restricts unauthorized actions, permitting only Talent Acquisition Manager access.
- System telemetry and data tables refresh correctly upon user interaction."
onboarding_checklist,Onboarding Checklist,cl,hr_hiring,/staff/onboarding-checklist,created,No,Business workflow and domain data binding need verification; Authenticated browser and accessibility evidence is pending; No domain API is linked to this page,,GET /v1/governance/workspace,"- The OnboardingChecklistScreen route loads successfully within the Primecare Client workspace.
- The interface correctly displays all primary modules and active widgets.
- Role-based access control restricts unauthorized actions, permitting only Talent Acquisition Manager access.
- System telemetry and data tables refresh correctly upon user interaction."
medication_administration,Medication Administration,ci,rn,/offices/clinical/roles/rn/medication-administration,created,No,Business workflow and domain data binding need verification; Authenticated browser and accessibility evidence is pending; No domain API is linked to this page,,GET /v1/governance/workspace,"- The MedicationAdministrationScreen route loads successfully within the Primecare Clinic workspace.
- The interface correctly displays all primary modules and active widgets.
- Role-based access control restricts unauthorized actions, permitting only Registered Nurse (RN) access.
- System telemetry and data tables refresh correctly upon user interaction."
care_plan_review,Care Plan Review,ci,rn,/offices/clinical/roles/rn/care-plan-review,created,No,Business workflow and domain data binding need verification; Authenticated browser and accessibility evidence is pending; No domain API is linked to this page,,GET /v1/governance/workspace,"- The CarePlanReviewScreen route loads successfully within the Primecare Clinic workspace.
- The interface correctly displays all primary modules and active widgets.
- Role-based access control restricts unauthorized actions, permitting only Registered Nurse (RN) access.
- System telemetry and data tables refresh correctly upon user interaction."
incident_review,Incident Review,ci,rn,/offices/clinical/roles/rn/incident-review,created,No,Business workflow and domain data binding need verification; Authenticated browser and accessibility evidence is pending; No domain API is linked to this page,,GET /v1/governance/workspace,"- The IncidentReviewScreen route loads successfully within the Primecare Clinic workspace.
- The interface correctly displays all primary modules and active widgets.
- Role-based access control restricts unauthorized actions, permitting only Registered Nurse (RN) access.
- System telemetry and data tables refresh correctly upon user interaction."
shift_report,Shift Report,ci,rn,/offices/clinical/roles/rn/shift-report,created,No,Business workflow and domain data binding need verification; Authenticated browser and accessibility evidence is pending; No domain API is linked to this page,,GET /v1/governance/workspace,"- The ShiftReportScreen route loads successfully within the Primecare Clinic workspace.
- The interface correctly displays all primary modules and active widgets.
- Role-based access control restricts unauthorized actions, permitting only Registered Nurse (RN) access.
- System telemetry and data tables refresh correctly upon user interaction."
nursing_task,Nursing Task,ci,rpn,/offices/clinical/roles/rpn/nursing-task,created,No,Business workflow and domain data binding need verification; Authenticated browser and accessibility evidence is pending; No domain API is linked to this page,,GET /v1/governance/workspace,"- The NursingTaskScreen route loads successfully within the Primecare Clinic workspace.
- The interface correctly displays all primary modules and active widgets.
- Role-based access control restricts unauthorized actions, permitting only Registered Practical Nurse (RPN) access.
- System telemetry and data tables refresh correctly upon user interaction."
vitals_tracking,Vitals Tracking,ci,rpn,/offices/clinical/roles/rpn/vitals-tracking,created,No,Business workflow and domain data binding need verification; Authenticated browser and accessibility evidence is pending; No domain API is linked to this page,,GET /v1/governance/workspace,"- The VitalsTrackingScreen route loads successfully within the Primecare Clinic workspace.
- The interface correctly displays all primary modules and active widgets.
- Role-based access control restricts unauthorized actions, permitting only Registered Practical Nurse (RPN) access.
- System telemetry and data tables refresh correctly upon user interaction."
medication,Medication,ci,rpn,/offices/clinical/roles/rpn/medication,created,No,Business workflow and domain data binding need verification; Authenticated browser and accessibility evidence is pending; No domain API is linked to this page,,GET /v1/governance/workspace,"- The MedicationScreen route loads successfully within the Primecare Clinic workspace.
- The interface correctly displays all primary modules and active widgets.
- Role-based access control restricts unauthorized actions, permitting only Registered Practical Nurse (RPN) access.
- System telemetry and data tables refresh correctly upon user interaction."
patient_observation,Patient Observation,ci,rpn,/offices/clinical/roles/rpn/patient-observation,created,No,Business workflow and domain data binding need verification; Authenticated browser and accessibility evidence is pending; No domain API is linked to this page,,GET /v1/governance/workspace,"- The PatientObservationScreen route loads successfully within the Primecare Clinic workspace.
- The interface correctly displays all primary modules and active widgets.
- Role-based access control restricts unauthorized actions, permitting only Registered Practical Nurse (RPN) access.
- System telemetry and data tables refresh correctly upon user interaction."
shift_tasks,Shift Tasks,ci,psw,/offices/clinical/roles/psw/shift-tasks,created,No,Business workflow and domain data binding need verification; Authenticated browser and accessibility evidence is pending; No domain API is linked to this page,,GET /v1/governance/workspace,"- The ShiftTasksScreen route loads successfully within the Primecare Clinic workspace.
- The interface correctly displays all primary modules and active widgets.
- Role-based access control restricts unauthorized actions, permitting only Personal Support Worker (PSW) access.
- System telemetry and data tables refresh correctly upon user interaction."
vitals_entry,Vitals Entry,ci,psw,/offices/clinical/roles/psw/vitals-entry,created,No,Business workflow and domain data binding need verification; Authenticated browser and accessibility evidence is pending; No domain API is linked to this page,,GET /v1/governance/workspace,"- The VitalsEntryScreen route loads successfully within the Primecare Clinic workspace.
- The interface correctly displays all primary modules and active widgets.
- Role-based access control restricts unauthorized actions, permitting only Personal Support Worker (PSW) access.
- System telemetry and data tables refresh correctly upon user interaction."
treatment_plan,Treatment Plan,ci,physio,/offices/clinical/roles/physiotherapist/treatment-plan,created,No,Business workflow and domain data binding need verification; Authenticated browser and accessibility evidence is pending; No domain API is linked to this page,,GET /v1/governance/workspace,"- The TreatmentPlanScreen route loads successfully within the Primecare Clinic workspace.
- The interface correctly displays all primary modules and active widgets.
- Role-based access control restricts unauthorized actions, permitting only Physiotherapist access.
- System telemetry and data tables refresh correctly upon user interaction."
exercise_prescription,Exercise Prescription,ci,physio,/offices/clinical/roles/physiotherapist/exercise-prescription,created,No,Business workflow and domain data binding need verification; Authenticated browser and accessibility evidence is pending; No domain API is linked to this page,,GET /v1/governance/workspace,"- The ExercisePrescriptionScreen route loads successfully within the Primecare Clinic workspace.
- The interface correctly displays all primary modules and active widgets.
- Role-based access control restricts unauthorized actions, permitting only Physiotherapist access.
- System telemetry and data tables refresh correctly upon user interaction."
progress_tracking,Progress Tracking,ci,physio,/offices/clinical/roles/physiotherapist/progress-tracking,created,No,Business workflow and domain data binding need verification; Authenticated browser and accessibility evidence is pending; No domain API is linked to this page,,GET /v1/governance/workspace,"- The ProgressTrackingScreen route loads successfully within the Primecare Clinic workspace.
- The interface correctly displays all primary modules and active widgets.
- Role-based access control restricts unauthorized actions, permitting only Physiotherapist access.
- System telemetry and data tables refresh correctly upon user interaction."
massage_assessment,Massage Assessment,ci,rmt,/offices/clinical/roles/rmt/massage-assessment,created,No,Business workflow and domain data binding need verification; Authenticated browser and accessibility evidence is pending; No domain API is linked to this page,,GET /v1/governance/workspace,"- The MassageAssessmentScreen route loads successfully within the Primecare Client workspace.
- The interface correctly displays all primary modules and active widgets.
- Role-based access control restricts unauthorized actions, permitting only Registered Massage Therapist (RMT) access.
- System telemetry and data tables refresh correctly upon user interaction."
home_care_plan,Home Care Plan,ci,rmt,/offices/clinical/roles/rmt/home-care-plan,created,No,Business workflow and domain data binding need verification; Authenticated browser and accessibility evidence is pending; No domain API is linked to this page,,GET /v1/governance/workspace,"- The HomeCarePlanScreen route loads successfully within the Primecare Client workspace.
- The interface correctly displays all primary modules and active widgets.
- Role-based access control restricts unauthorized actions, permitting only Registered Massage Therapist (RMT) access.
- System telemetry and data tables refresh correctly upon user interaction."
client_progress,Client Progress,ci,rmt,/offices/clinical/roles/rmt/client-progress,created,No,Business workflow and domain data binding need verification; Authenticated browser and accessibility evidence is pending; No domain API is linked to this page,,GET /v1/governance/workspace,"- The ClientProgressScreen route loads successfully within the Primecare Client workspace.
- The interface correctly displays all primary modules and active widgets.
- Role-based access control restricts unauthorized actions, permitting only Registered Massage Therapist (RMT) access.
- System telemetry and data tables refresh correctly upon user interaction."
chiropractic_assessment,Chiropractic Assessment,ci,chiropractor,/offices/clinical/roles/chiropractor/chiropractic-assessment,created,No,Business workflow and domain data binding need verification; Authenticated browser and accessibility evidence is pending; No domain API is linked to this page,,GET /v1/governance/workspace,"- The ChiropracticAssessmentScreen route loads successfully within the Primecare Client workspace.
- The interface correctly displays all primary modules and active widgets.
- Role-based access control restricts unauthorized actions, permitting only Chiropractor access.
- System telemetry and data tables refresh correctly upon user interaction."
adjustment_notes,Adjustment Notes,ci,chiropractor,/offices/clinical/roles/chiropractor/adjustment-notes,created,No,Business workflow and domain data binding need verification; Authenticated browser and accessibility evidence is pending; No domain API is linked to this page,,GET /v1/governance/workspace,"- The AdjustmentNotesScreen route loads successfully within the Primecare Client workspace.
- The interface correctly displays all primary modules and active widgets.
- Role-based access control restricts unauthorized actions, permitting only Chiropractor access.
- System telemetry and data tables refresh correctly upon user interaction."
xray_review,Xray Review,ci,chiropractor,/offices/clinical/roles/chiropractor/xray-review,created,No,Business workflow and domain data binding need verification; Authenticated browser and accessibility evidence is pending; No domain API is linked to this page,,GET /v1/governance/workspace,"- The XrayReviewScreen route loads successfully within the Primecare Client workspace.
- The interface correctly displays all primary modules and active widgets.
- Role-based access control restricts unauthorized actions, permitting only Chiropractor access.
- System telemetry and data tables refresh correctly upon user interaction."
chiropractic_progress_tracking,Chiropractic Progress Tracking,ci,chiropractor,/offices/clinical/roles/chiropractor/chiropractic-progress-tracking,created,No,Business workflow and domain data binding need verification; Authenticated browser and accessibility evidence is pending; No domain API is linked to this page,,GET /v1/governance/workspace,"- The ChiropracticProgressTrackingScreen route loads successfully within the Primecare Client workspace.
- The interface correctly displays all primary modules and active widgets.
- Role-based access control restricts unauthorized actions, permitting only Chiropractor access.
- System telemetry and data tables refresh correctly upon user interaction."
referral_management,Referral Management,ci,intake,/offices/clinical/roles/intake_coordinator/referral-management,created,No,Business workflow and domain data binding need verification; Authenticated browser and accessibility evidence is pending; No domain API is linked to this page,,GET /v1/governance/workspace,"- The ReferralManagementScreen route loads successfully within the Primecare Clinic workspace.
- The interface correctly displays all primary modules and active widgets.
- Role-based access control restricts unauthorized actions, permitting only Intake Coordinator access.
- System telemetry and data tables refresh correctly upon user interaction."
client_intake,Client Intake,ci,intake,/offices/clinical/roles/intake_coordinator/client-intake,created,No,Business workflow and domain data binding need verification; Authenticated browser and accessibility evidence is pending; No domain API is linked to this page,,GET /v1/governance/workspace,"- The ClientIntakeScreen route loads successfully within the Primecare Clinic workspace.
- The interface correctly displays all primary modules and active widgets.
- Role-based access control restricts unauthorized actions, permitting only Intake Coordinator access.
- System telemetry and data tables refresh correctly upon user interaction."
booking,Booking,ci,intake,/offices/clinical/roles/intake_coordinator/booking,created,No,Business workflow and domain data binding need verification; Authenticated browser and accessibility evidence is pending; No domain API is linked to this page,,GET /v1/governance/workspace,"- The BookingScreen route loads successfully within the Primecare Clinic workspace.
- The interface correctly displays all primary modules and active widgets.
- Role-based access control restricts unauthorized actions, permitting only Intake Coordinator access.
- System telemetry and data tables refresh correctly upon user interaction."
followup,Followup,ci,intake,/offices/clinical/roles/intake_coordinator/followup,created,No,Business workflow and domain data binding need verification; Authenticated browser and accessibility evidence is pending; No domain API is linked to this page,,GET /v1/governance/workspace,"- The FollowupScreen route loads successfully within the Primecare Clinic workspace.
- The interface correctly displays all primary modules and active widgets.
- Role-based access control restricts unauthorized actions, permitting only Intake Coordinator access.
- System telemetry and data tables refresh correctly upon user interaction."
clinical_quality,Clinical Quality,ci,clinical_director,/offices/clinical/roles/clinical_director/quality,created,No,Business workflow and domain data binding need verification; Authenticated browser and accessibility evidence is pending; No domain API is linked to this page,,GET /v1/governance/workspace,"- The ClinicalQualityScreen route loads successfully within the Primecare Clinic workspace.
- The interface correctly displays all primary modules and active widgets.
- Role-based access control restricts unauthorized actions, permitting only Clinical Director access.
- System telemetry and data tables refresh correctly upon user interaction."
staff_performance,Staff Performance,ci,clinical_director,/offices/clinical/roles/clinical_director/staff-performance,created,No,Business workflow and domain data binding need verification; Authenticated browser and accessibility evidence is pending; No domain API is linked to this page,,GET /v1/governance/workspace,"- The StaffPerformanceScreen route loads successfully within the Primecare Clinic workspace.
- The interface correctly displays all primary modules and active widgets.
- Role-based access control restricts unauthorized actions, permitting only Clinical Director access.
- System telemetry and data tables refresh correctly upon user interaction."
compliance_review,Compliance Review,ci,clinical_director,/offices/clinical/roles/clinical_director/compliance-review,created,No,Business workflow and domain data binding need verification; Authenticated browser and accessibility evidence is pending; No domain API is linked to this page,,GET /v1/governance/workspace,"- The ComplianceReviewScreen route loads successfully within the Primecare Clinic workspace.
- The interface correctly displays all primary modules and active widgets.
- Role-based access control restricts unauthorized actions, permitting only Clinical Director access.
- System telemetry and data tables refresh correctly upon user interaction."
incident_oversight,Incident Oversight,ci,clinical_director,/offices/clinical/roles/clinical_director/incident-oversight,created,No,Business workflow and domain data binding need verification; Authenticated browser and accessibility evidence is pending; No domain API is linked to this page,,GET /v1/governance/workspace,"- The IncidentOversightScreen route loads successfully within the Primecare Clinic workspace.
- The interface correctly displays all primary modules and active widgets.
- Role-based access control restricts unauthorized actions, permitting only Clinical Director access.
- System telemetry and data tables refresh correctly upon user interaction."
ticket_management,Ticket Management,cl,customer_support,/staff/ticket-management,created,No,Business workflow and domain data binding need verification; Authenticated browser and accessibility evidence is pending; No domain API is linked to this page,,GET /v1/governance/workspace,"- The TicketManagementScreen route loads successfully within the Primecare Client workspace.
- The interface correctly displays all primary modules and active widgets.
- Role-based access control restricts unauthorized actions, permitting only Customer Support access.
- System telemetry and data tables refresh correctly upon user interaction."
client_issue,Client Issue,cl,customer_support,/staff/client-issue,created,No,Business workflow and domain data binding need verification; Authenticated browser and accessibility evidence is pending; No domain API is linked to this page,,GET /v1/governance/workspace,"- The ClientIssueScreen route loads successfully within the Primecare Client workspace.
- The interface correctly displays all primary modules and active widgets.
- Role-based access control restricts unauthorized actions, permitting only Customer Support access.
- System telemetry and data tables refresh correctly upon user interaction."
communication,Communication,cl,customer_support,/staff/communication,created,No,Business workflow and domain data binding need verification; Authenticated browser and accessibility evidence is pending; No domain API is linked to this page,,GET /v1/governance/workspace,"- The CommunicationScreen route loads successfully within the Primecare Client workspace.
- The interface correctly displays all primary modules and active widgets.
- Role-based access control restricts unauthorized actions, permitting only Customer Support access.
- System telemetry and data tables refresh correctly upon user interaction."
resolution_tracking,Resolution Tracking,cl,customer_support,/staff/resolution-tracking,created,No,Business workflow and domain data binding need verification; Authenticated browser and accessibility evidence is pending; No domain API is linked to this page,,GET /v1/governance/workspace,"- The ResolutionTrackingScreen route loads successfully within the Primecare Client workspace.
- The interface correctly displays all primary modules and active widgets.
- Role-based access control restricts unauthorized actions, permitting only Customer Support access.
- System telemetry and data tables refresh correctly upon user interaction."
training_dashboard,Training Dashboard,cl,training_coordinator,/staff/training-dashboard,created,No,Business workflow and domain data binding need verification; Authenticated browser and accessibility evidence is pending; Domain API authorization or schemas are incomplete,,GET /v1/governance/workspace; POST /v1/training-dashboard/compliance/scan,"- The TrainingDashboardScreen route loads successfully within the Primecare Client workspace.
- The interface correctly displays all primary modules and active widgets.
- Role-based access control restricts unauthorized actions, permitting only Training Coordinator access.
- System telemetry and data tables refresh correctly upon user interaction."
course_assignment,Course Assignment,cl,training_coordinator,/staff/course-assignment,created,No,Business workflow and domain data binding need verification; Authenticated browser and accessibility evidence is pending; No domain API is linked to this page,,GET /v1/governance/workspace,"- The CourseAssignmentScreen route loads successfully within the Primecare Client workspace.
- The interface correctly displays all primary modules and active widgets.
- Role-based access control restricts unauthorized actions, permitting only Training Coordinator access.
- System telemetry and data tables refresh correctly upon user interaction."
certification_tracking,Certification Tracking,cl,training_coordinator,/staff/certification-tracking,created,No,Business workflow and domain data binding need verification; Authenticated browser and accessibility evidence is pending; No domain API is linked to this page,,GET /v1/governance/workspace,"- The CertificationTrackingScreen route loads successfully within the Primecare Client workspace.
- The interface correctly displays all primary modules and active widgets.
- Role-based access control restricts unauthorized actions, permitting only Training Coordinator access.
- System telemetry and data tables refresh correctly upon user interaction."
staff_progress,Staff Progress,cl,training_coordinator,/staff/staff-progress,created,No,Business workflow and domain data binding need verification; Authenticated browser and accessibility evidence is pending; No domain API is linked to this page,,GET /v1/governance/workspace,"- The StaffProgressScreen route loads successfully within the Primecare Client workspace.
- The interface correctly displays all primary modules and active widgets.
- Role-based access control restricts unauthorized actions, permitting only Training Coordinator access.
- System telemetry and data tables refresh correctly upon user interaction."
quality_audit,Quality Audit,cl,qa_specialist,/staff/quality-audit,created,No,Business workflow and domain data binding need verification; Authenticated browser and accessibility evidence is pending; No domain API is linked to this page,,GET /v1/governance/workspace,"- The QualityAuditScreen route loads successfully within the Primecare Client workspace.
- The interface correctly displays all primary modules and active widgets.
- Role-based access control restricts unauthorized actions, permitting only QA Specialist access.
- System telemetry and data tables refresh correctly upon user interaction."
failed_workflow,Failed Workflow,cl,qa_specialist,/staff/failed-workflow,created,No,Business workflow and domain data binding need verification; Authenticated browser and accessibility evidence is pending; No domain API is linked to this page,,GET /v1/governance/workspace,"- The FailedWorkflowScreen route loads successfully within the Primecare Client workspace.
- The interface correctly displays all primary modules and active widgets.
- Role-based access control restricts unauthorized actions, permitting only QA Specialist access.
- System telemetry and data tables refresh correctly upon user interaction."
testing_overview,Testing Overview,cl,qa_specialist,/staff/testing-overview,created,No,Business workflow and domain data binding need verification; Authenticated browser and accessibility evidence is pending; No domain API is linked to this page,,GET /v1/governance/workspace,"- The TestingOverviewScreen route loads successfully within the Primecare Client workspace.
- The interface correctly displays all primary modules and active widgets.
- Role-based access control restricts unauthorized actions, permitting only QA Specialist access.
- System telemetry and data tables refresh correctly upon user interaction."
defect_tracking,Defect Tracking,cl,qa_specialist,/staff/defect-tracking,created,No,Business workflow and domain data binding need verification; Authenticated browser and accessibility evidence is pending; No domain API is linked to this page,,GET /v1/governance/workspace,"- The DefectTrackingScreen route loads successfully within the Primecare Client workspace.
- The interface correctly displays all primary modules and active widgets.
- Role-based access control restricts unauthorized actions, permitting only QA Specialist access.
- System telemetry and data tables refresh correctly upon user interaction."
appointment,Appointment,cl,patient,/common/appointment,created,No,Business workflow and domain data binding need verification; Authenticated browser and accessibility evidence is pending; No domain API is linked to this page,,GET /v1/governance/workspace,"- The AppointmentScreen route loads successfully within the Primecare Client workspace.
- The interface correctly displays all primary modules and active widgets.
- Role-based access control restricts unauthorized actions, permitting only Patient access.
- System telemetry and data tables refresh correctly upon user interaction."
care_plan,Care Plan,cl,patient,/clinic/care-plan,created,No,Business workflow and domain data binding need verification; Authenticated browser and accessibility evidence is pending; No domain API is linked to this page,,GET /v1/governance/workspace,"- The CarePlanScreen route loads successfully within the Primecare Client workspace.
- The interface correctly displays all primary modules and active widgets.
- Role-based access control restricts unauthorized actions, permitting only Patient access.
- System telemetry and data tables refresh correctly upon user interaction."
billing,Billing,cl,patient,/common/billing,created,No,Business workflow and domain data binding need verification; Authenticated browser and accessibility evidence is pending; No domain API is linked to this page,,GET /v1/governance/workspace,"- The BillingScreen route loads successfully within the Primecare Client workspace.
- The interface correctly displays all primary modules and active widgets.
- Role-based access control restricts unauthorized actions, permitting only Patient access.
- System telemetry and data tables refresh correctly upon user interaction."
documents,Documents,cl,patient,/common/documents,created,No,Business workflow and domain data binding need verification; Authenticated browser and accessibility evidence is pending; No domain API is linked to this page,,GET /v1/governance/workspace,"- The DocumentsScreen route loads successfully within the Primecare Client workspace.
- The interface correctly displays all primary modules and active widgets.
- Role-based access control restricts unauthorized actions, permitting only Patient access.
- System telemetry and data tables refresh correctly upon user interaction."
family_overview,Family Overview,cl,family,/common/family-overview,created,No,Business workflow and domain data binding need verification; Authenticated browser and accessibility evidence is pending; No domain API is linked to this page,,GET /v1/governance/workspace,"- The FamilyOverviewScreen route loads successfully within the Primecare Client workspace.
- The interface correctly displays all primary modules and active widgets.
- Role-based access control restricts unauthorized actions, permitting only Family Member access.
- System telemetry and data tables refresh correctly upon user interaction."
care_updates,Care Updates,cl,family,/common/care-updates,created,No,Business workflow and domain data binding need verification; Authenticated browser and accessibility evidence is pending; No domain API is linked to this page,,GET /v1/governance/workspace,"- The CareUpdatesScreen route loads successfully within the Primecare Client workspace.
- The interface correctly displays all primary modules and active widgets.
- Role-based access control restricts unauthorized actions, permitting only Family Member access.
- System telemetry and data tables refresh correctly upon user interaction."
billing_overview,Billing Overview,cl,family,/common/billing-overview,created,No,Business workflow and domain data binding need verification; Authenticated browser and accessibility evidence is pending; No domain API is linked to this page,,GET /v1/governance/workspace,"- The BillingOverviewScreen route loads successfully within the Primecare Client workspace.
- The interface correctly displays all primary modules and active widgets.
- Role-based access control restricts unauthorized actions, permitting only Family Member access.
- System telemetry and data tables refresh correctly upon user interaction."
emergency_contacts,Emergency Contacts,cl,family,/common/emergency-contacts,created,No,Business workflow and domain data binding need verification; Authenticated browser and accessibility evidence is pending; No domain API is linked to this page,,GET /v1/governance/workspace,"- The EmergencyContactsScreen route loads successfully within the Primecare Client workspace.
- The interface correctly displays all primary modules and active widgets.
- Role-based access control restricts unauthorized actions, permitting only Family Member access.
- System telemetry and data tables refresh correctly upon user interaction."
schedule,Schedule,ci,caregiver,/offices/clinical/roles/caregiver/psw-schedule,created,No,Business workflow and domain data binding need verification; Authenticated browser and accessibility evidence is pending; No domain API is linked to this page,,GET /v1/governance/workspace,"- The ScheduleScreen route loads successfully within the Primecare Client workspace.
- The interface correctly displays all primary modules and active widgets.
- Role-based access control restricts unauthorized actions, permitting only Caregiver access.
- System telemetry and data tables refresh correctly upon user interaction."
messaging,Messaging,cl,caregiver,/clinic/messaging,created,No,Business workflow and domain data binding need verification; Authenticated browser and accessibility evidence is pending; No domain API is linked to this page,,GET /v1/governance/workspace,"- The MessagingScreen route loads successfully within the Primecare Client workspace.
- The interface correctly displays all primary modules and active widgets.
- Role-based access control restricts unauthorized actions, permitting only Caregiver access.
- System telemetry and data tables refresh correctly upon user interaction."
governance_control_room,Governance Control Room,go,governance,/common/governance-control-room,created,No,Business workflow and domain data binding need verification; Authenticated browser and accessibility evidence is pending; No domain API is linked to this page,,GET /v1/governance/workspace,"- The GovernanceControlRoomScreen route loads successfully within the Primecare Governance workspace.
- The interface correctly displays all primary modules and active widgets.
- Role-based access control restricts unauthorized actions, permitting only Governance Officer access.
- System telemetry and data tables refresh correctly upon user interaction."
runtime_verification,Runtime Verification,go,governance,/common/runtime-verification,created,No,Business workflow and domain data binding need verification; Authenticated browser and accessibility evidence is pending; No domain API is linked to this page,,GET /v1/governance/workspace,"- The RuntimeVerificationScreen route loads successfully within the Primecare Governance workspace.
- The interface correctly displays all primary modules and active widgets.
- Role-based access control restricts unauthorized actions, permitting only Governance Officer access.
- System telemetry and data tables refresh correctly upon user interaction."
drift_findings,Drift Findings,go,governance,/common/drift-findings,created,No,Business workflow and domain data binding need verification; Authenticated browser and accessibility evidence is pending; No domain API is linked to this page,,GET /v1/governance/workspace,"- The DriftFindingsScreen route loads successfully within the Primecare Governance workspace.
- The interface correctly displays all primary modules and active widgets.
- Role-based access control restricts unauthorized actions, permitting only Governance Officer access.
- System telemetry and data tables refresh correctly upon user interaction."
pending_task_queue,Pending Task Queue,go,governance,/common/pending-task-queue,created,No,Business workflow and domain data binding need verification; Authenticated browser and accessibility evidence is pending,,GET /v1/governance/pending-tasks; GET /v1/governance/workspace,"- The PendingTaskQueueScreen route loads successfully within the Primecare Governance workspace.
- The interface correctly displays all primary modules and active widgets.
- Role-based access control restricts unauthorized actions, permitting only Governance Officer access.
- System telemetry and data tables refresh correctly upon user interaction."
agent_dispatch,Agent Dispatch,go,governance,/common/agent-dispatch,created,No,Business workflow and domain data binding need verification; Authenticated browser and accessibility evidence is pending; No domain API is linked to this page,,GET /v1/governance/workspace,"- The AgentDispatchScreen route loads successfully within the Primecare Governance workspace.
- The interface correctly displays all primary modules and active widgets.
- Role-based access control restricts unauthorized actions, permitting only Governance Officer access.
- System telemetry and data tables refresh correctly upon user interaction."
audit,Screen Audit,go,governance,/common/audit,created,No,Business workflow and domain data binding need verification; Authenticated browser and accessibility evidence is pending; No domain API is linked to this page,,GET /v1/governance/workspace,"- The ScreenAuditScreen route loads successfully within the Primecare Governance workspace.
- The interface correctly displays all primary modules and active widgets.
- Role-based access control restricts unauthorized actions, permitting only Governance Officer access.
- System telemetry and data tables refresh correctly upon user interaction."
api_health_dashboard,Api Health Dashboard,go,governance,/common/api-health-dashboard,created,No,Business workflow and domain data binding need verification; Authenticated browser and accessibility evidence is pending; Domain API authorization or schemas are incomplete,,POST /v1/api-health-dashboard/compliance/scan; GET /v1/governance/api-contracts; GET /v1/governance/api-execution-status; GET /v1/governance/api-missing-permissions; GET /v1/governance/api-missing-request-schemas; GET /v1/governance/api-missing-response-schemas; GET /v1/governance/api-service-status; GET /v1/governance/api-unlinked-screens; GET /v1/governance/api-verification-summary; GET /v1/governance/workspace,"- The ApiHealthDashboardScreen route loads successfully within the Primecare Governance workspace.
- The interface correctly displays all primary modules and active widgets.
- Role-based access control restricts unauthorized actions, permitting only Governance Officer access.
- System telemetry and data tables refresh correctly upon user interaction."
release_operations,Release Operations,go,governance,/common/release-operations,created,No,Business workflow and domain data binding need verification; Authenticated browser and accessibility evidence is pending; No domain API is linked to this page,,GET /v1/governance/workspace,"- The ReleaseOperationsScreen route loads successfully within the Primecare Governance workspace.
- The interface correctly displays all primary modules and active widgets.
- Role-based access control restricts unauthorized actions, permitting only Governance Officer access.
- System telemetry and data tables refresh correctly upon user interaction."
file_verification_dashboard,File Verification Dashboard,go,governance,/common/file-verification-dashboard,created,No,Business workflow and domain data binding need verification; Authenticated browser and accessibility evidence is pending; Domain API authorization or schemas are incomplete,,POST /v1/file-verification-dashboard/compliance/scan; GET /v1/governance/workspace,"- The FileVerificationDashboardScreen route loads successfully within the Primecare Governance workspace.
- The interface correctly displays all primary modules and active widgets.
- Role-based access control restricts unauthorized actions, permitting only Governance Officer access.
- System telemetry and data tables refresh correctly upon user interaction."
role_coverage_dashboard,Role Coverage Dashboard,go,governance,/common/role-coverage-dashboard,created,No,Business workflow and domain data binding need verification; Authenticated browser and accessibility evidence is pending; Domain API authorization or schemas are incomplete,,GET /v1/governance/role-coverage; GET /v1/governance/workspace; POST /v1/role-coverage-dashboard/compliance/scan,"- The RoleCoverageDashboardScreen route loads successfully within the Primecare Governance workspace.
- The interface correctly displays all primary modules and active widgets.
- Role-based access control restricts unauthorized actions, permitting only Governance Officer access.
- System telemetry and data tables refresh correctly upon user interaction."
responsive_preview,Responsive Preview,go,governance,/common/responsive-preview,created,No,Business workflow and domain data binding need verification; Authenticated browser and accessibility evidence is pending; No domain API is linked to this page,,GET /v1/governance/workspace,"- The ResponsivePreviewScreen route loads successfully within the Primecare Governance workspace.
- The interface correctly displays all primary modules and active widgets.
- Role-based access control restricts unauthorized actions, permitting only Governance Officer access.
- System telemetry and data tables refresh correctly upon user interaction."
workflow_execution,Workflow Execution,go,governance,/common/workflow-execution,created,No,Business workflow and domain data binding need verification; Authenticated browser and accessibility evidence is pending; No domain API is linked to this page,,GET /v1/governance/workspace,"- The WorkflowExecutionScreen route loads successfully within the Primecare Governance workspace.
- The interface correctly displays all primary modules and active widgets.
- Role-based access control restricts unauthorized actions, permitting only Governance Officer access.
- System telemetry and data tables refresh correctly upon user interaction."
enterprise_command_center4_k,Enterprise Command Center4KScreen,co,ceo,/executive/enterprise-command-center4-k,created,No,Business workflow and domain data binding need verification; Authenticated browser and accessibility evidence is pending; No domain API is linked to this page,,GET /v1/governance/workspace,"- The EnterpriseCommandCenter4KScreen route loads successfully within the Primecare Corporate workspace.
- The interface correctly displays all primary modules and active widgets.
- Role-based access control restricts unauthorized actions, permitting only Chief Executive Officer (CEO) access.
- System telemetry and data tables refresh correctly upon user interaction."
franchise_command_center4_k,Franchise Command Center4KScreen,fr,owner,/executive/franchise-command-center4-k,created,No,Business workflow and domain data binding need verification; Authenticated browser and accessibility evidence is pending; No domain API is linked to this page,,GET /v1/governance/workspace,"- The FranchiseCommandCenter4KScreen route loads successfully within the Primecare Franchise workspace.
- The interface correctly displays all primary modules and active widgets.
- Role-based access control restricts unauthorized actions, permitting only Franchise Owner access.
- System telemetry and data tables refresh correctly upon user interaction."
clinical_operations4_k,Clinical Operations4KScreen,ci,clinical_director,/offices/clinical/roles/clinical_director/operations4k,created,No,Business workflow and domain data binding need verification; Authenticated browser and accessibility evidence is pending; No domain API is linked to this page,,GET /v1/governance/workspace,"- The ClinicalOperations4KScreen route loads successfully within the Primecare Clinic workspace.
- The interface correctly displays all primary modules and active widgets.
- Role-based access control restricts unauthorized actions, permitting only Clinical Director access.
- System telemetry and data tables refresh correctly upon user interaction."
governance_operations4_k,Governance Operations4KScreen,go,governance,/common/governance-operations4-k,created,No,Business workflow and domain data binding need verification; Authenticated browser and accessibility evidence is pending; No domain API is linked to this page,,GET /v1/governance/workspace,"- The GovernanceOperations4KScreen route loads successfully within the Primecare Governance workspace.
- The interface correctly displays all primary modules and active widgets.
- Role-based access control restricts unauthorized actions, permitting only Governance Officer access.
- System telemetry and data tables refresh correctly upon user interaction."
scheduling_operations4_k,Scheduling Operations4KScreen,cl,scheduler,/staff/scheduling-operations4-k,created,No,Business workflow and domain data binding need verification; Authenticated browser and accessibility evidence is pending; No domain API is linked to this page,,GET /v1/governance/workspace,"- The SchedulingOperations4KScreen route loads successfully within the Primecare Client workspace.
- The interface correctly displays all primary modules and active widgets.
- Role-based access control restricts unauthorized actions, permitting only Shift Supervisor access.
- System telemetry and data tables refresh correctly upon user interaction."
financial_operations4_k,Financial Operations4KScreen,co,cfo,/executive/financial-operations4-k,created,No,Business workflow and domain data binding need verification; Authenticated browser and accessibility evidence is pending; No domain API is linked to this page,,GET /v1/governance/workspace,"- The FinancialOperations4KScreen route loads successfully within the Primecare Corporate workspace.
- The interface correctly displays all primary modules and active widgets.
- Role-based access control restricts unauthorized actions, permitting only Chief Financial Officer (CFO) access.
- System telemetry and data tables refresh correctly upon user interaction."
therapist_analytics,Therapist Analytics,ci,therapist,/offices/clinical/roles/therapist/analytics,created,No,Business workflow and domain data binding need verification; Authenticated browser and accessibility evidence is pending; No domain API is linked to this page,,GET /v1/governance/workspace,"- The Therapist Analytics route loads successfully within the PrimeCare UI Client workspace.
- The interface correctly displays all primary modules and active widgets.
- Role-based access control restricts unauthorized actions, permitting only Therapist access.
- System telemetry and data tables refresh correctly upon user interaction."
therapist_workflow,Therapist Compliance Workflow,ci,therapist,/offices/clinical/roles/therapist/workflow,created,No,Business workflow and domain data binding need verification; Authenticated browser and accessibility evidence is pending; No domain API is linked to this page,,GET /v1/governance/workspace,"- The Therapist Compliance Workflow route loads successfully within the PrimeCare UI Client workspace.
- The interface correctly displays all primary modules and active widgets.
- Role-based access control restricts unauthorized actions, permitting only Therapist access.
- System telemetry and data tables refresh correctly upon user interaction."
physician_analytics,Physician Analytics,ui,physician,/clinical/physician-analytics,created,No,Business workflow and domain data binding need verification; Authenticated browser and accessibility evidence is pending; No domain API is linked to this page,,GET /v1/governance/workspace,"- The Physician Analytics route loads successfully within the PrimeCare UI Client workspace.
- The interface correctly displays all primary modules and active widgets.
- Role-based access control restricts unauthorized actions, permitting only Physician access.
- System telemetry and data tables refresh correctly upon user interaction."
physician_workflow,Physician Compliance Workflow,ui,physician,/clinical/physician-workflow,created,No,Business workflow and domain data binding need verification; Authenticated browser and accessibility evidence is pending; No domain API is linked to this page,,GET /v1/governance/workspace,"- The Physician Compliance Workflow route loads successfully within the PrimeCare UI Client workspace.
- The interface correctly displays all primary modules and active widgets.
- Role-based access control restricts unauthorized actions, permitting only Physician access.
- System telemetry and data tables refresh correctly upon user interaction."
cns_analytics,Clinical Nurse Specialist Analytics,ui,cns,/rn/cns-analytics,created,No,Business workflow and domain data binding need verification; Authenticated browser and accessibility evidence is pending; No domain API is linked to this page,,GET /v1/governance/workspace,"- The Clinical Nurse Specialist Analytics route loads successfully within the PrimeCare UI Client workspace.
- The interface correctly displays all primary modules and active widgets.
- Role-based access control restricts unauthorized actions, permitting only Clinical Nurse Specialist access.
- System telemetry and data tables refresh correctly upon user interaction."
cns_workflow,Clinical Nurse Specialist Compliance Workflow,ui,cns,/rn/cns-workflow,created,No,Business workflow and domain data binding need verification; Authenticated browser and accessibility evidence is pending; No domain API is linked to this page,,GET /v1/governance/workspace,"- The Clinical Nurse Specialist Compliance Workflow route loads successfully within the PrimeCare UI Client workspace.
- The interface correctly displays all primary modules and active widgets.
- Role-based access control restricts unauthorized actions, permitting only Clinical Nurse Specialist access.
- System telemetry and data tables refresh correctly upon user interaction."
pediatric_analytics,Pediatric Specialist Analytics,ui,pediatric,/clinical/pediatric-analytics,created,No,Business workflow and domain data binding need verification; Authenticated browser and accessibility evidence is pending; No domain API is linked to this page,,GET /v1/governance/workspace,"- The Pediatric Specialist Analytics route loads successfully within the PrimeCare UI Client workspace.
- The interface correctly displays all primary modules and active widgets.
- Role-based access control restricts unauthorized actions, permitting only Pediatric Specialist access.
- System telemetry and data tables refresh correctly upon user interaction."
pediatric_workflow,Pediatric Specialist Compliance Workflow,ui,pediatric,/clinical/pediatric-workflow,created,No,Business workflow and domain data binding need verification; Authenticated browser and accessibility evidence is pending; No domain API is linked to this page,,GET /v1/governance/workspace,"- The Pediatric Specialist Compliance Workflow route loads successfully within the PrimeCare UI Client workspace.
- The interface correctly displays all primary modules and active widgets.
- Role-based access control restricts unauthorized actions, permitting only Pediatric Specialist access.
- System telemetry and data tables refresh correctly upon user interaction."
franchise_sales_analytics,Franchise Sales Manager Analytics,ui,franchise_sales,/executive/franchise-sales-analytics,created,No,Business workflow and domain data binding need verification; Authenticated browser and accessibility evidence is pending; No domain API is linked to this page,,GET /v1/governance/workspace,"- The Franchise Sales Manager Analytics route loads successfully within the PrimeCare UI Client workspace.
- The interface correctly displays all primary modules and active widgets.
- Role-based access control restricts unauthorized actions, permitting only Franchise Sales Manager access.
- System telemetry and data tables refresh correctly upon user interaction."
franchise_sales_workflow,Franchise Sales Manager Compliance Workflow,ui,franchise_sales,/executive/franchise-sales-workflow,created,No,Business workflow and domain data binding need verification; Authenticated browser and accessibility evidence is pending; No domain API is linked to this page,,GET /v1/governance/workspace,"- The Franchise Sales Manager Compliance Workflow route loads successfully within the PrimeCare UI Client workspace.
- The interface correctly displays all primary modules and active widgets.
- Role-based access control restricts unauthorized actions, permitting only Franchise Sales Manager access.
- System telemetry and data tables refresh correctly upon user interaction."
premium_concierge_analytics,Premium Concierge Care Coordinator Analytics,ui,premium_concierge,/premium/premium-concierge-analytics,created,No,Business workflow and domain data binding need verification; Authenticated browser and accessibility evidence is pending; No domain API is linked to this page,,GET /v1/governance/workspace,"- The Premium Concierge Care Coordinator Analytics route loads successfully within the PrimeCare UI Client workspace.
- The interface correctly displays all primary modules and active widgets.
- Role-based access control restricts unauthorized actions, permitting only Premium Concierge Care Coordinator access.
- System telemetry and data tables refresh correctly upon user interaction."
premium_concierge_workflow,Premium Concierge Care Coordinator Compliance Workflow,ui,premium_concierge,/premium/premium-concierge-workflow,created,No,Business workflow and domain data binding need verification; Authenticated browser and accessibility evidence is pending; No domain API is linked to this page,,GET /v1/governance/workspace,"- The Premium Concierge Care Coordinator Compliance Workflow route loads successfully within the PrimeCare UI Client workspace.
- The interface correctly displays all primary modules and active widgets.
- Role-based access control restricts unauthorized actions, permitting only Premium Concierge Care Coordinator access.
- System telemetry and data tables refresh correctly upon user interaction."
vip_manager_analytics,Vip Client Manager Analytics,ui,vip_manager,/executive/vip-manager-analytics,created,No,Business workflow and domain data binding need verification; Authenticated browser and accessibility evidence is pending; No domain API is linked to this page,,GET /v1/governance/workspace,"- The VIP Client Manager Analytics route loads successfully within the PrimeCare UI Client workspace.
- The interface correctly displays all primary modules and active widgets.
- Role-based access control restricts unauthorized actions, permitting only VIP Client Manager access.
- System telemetry and data tables refresh correctly upon user interaction."
vip_manager_workflow,Vip Client Manager Compliance Workflow,ui,vip_manager,/executive/vip-manager-workflow,created,No,Business workflow and domain data binding need verification; Authenticated browser and accessibility evidence is pending; No domain API is linked to this page,,GET /v1/governance/workspace,"- The VIP Client Manager Compliance Workflow route loads successfully within the PrimeCare UI Client workspace.
- The interface correctly displays all primary modules and active widgets.
- Role-based access control restricts unauthorized actions, permitting only VIP Client Manager access.
- System telemetry and data tables refresh correctly upon user interaction."
rn_field_supervisor_analytics,Registered Nurse Rn Field Supervisor Analytics,ui,rn_field_supervisor,/rn/rn-field-supervisor-analytics,created,No,Business workflow and domain data binding need verification; Authenticated browser and accessibility evidence is pending; No domain API is linked to this page,,GET /v1/governance/workspace,"- The Registered Nurse (RN) Field Supervisor Analytics route loads successfully within the PrimeCare UI Client workspace.
- The interface correctly displays all primary modules and active widgets.
- Role-based access control restricts unauthorized actions, permitting only Registered Nurse (RN) Field Supervisor access.
- System telemetry and data tables refresh correctly upon user interaction."
rn_field_supervisor_workflow,Registered Nurse Rn Field Supervisor Compliance Workflow,ui,rn_field_supervisor,/rn/rn-field-supervisor-workflow,created,No,Business workflow and domain data binding need verification; Authenticated browser and accessibility evidence is pending; No domain API is linked to this page,,GET /v1/governance/workspace,"- The Registered Nurse (RN) Field Supervisor Compliance Workflow route loads successfully within the PrimeCare UI Client workspace.
- The interface correctly displays all primary modules and active widgets.
- Role-based access control restricts unauthorized actions, permitting only Registered Nurse (RN) Field Supervisor access.
- System telemetry and data tables refresh correctly upon user interaction."
np_analytics,Nurse Practitioner Np Analytics,ui,np,/rn/np-analytics,created,No,Business workflow and domain data binding need verification; Authenticated browser and accessibility evidence is pending; No domain API is linked to this page,,GET /v1/governance/workspace,"- The Nurse Practitioner (NP) Analytics route loads successfully within the PrimeCare UI Client workspace.
- The interface correctly displays all primary modules and active widgets.
- Role-based access control restricts unauthorized actions, permitting only Nurse Practitioner (NP) access.
- System telemetry and data tables refresh correctly upon user interaction."
np_workflow,Nurse Practitioner Np Compliance Workflow,ui,np,/rn/np-workflow,created,No,Business workflow and domain data binding need verification; Authenticated browser and accessibility evidence is pending; No domain API is linked to this page,,GET /v1/governance/workspace,"- The Nurse Practitioner (NP) Compliance Workflow route loads successfully within the PrimeCare UI Client workspace.
- The interface correctly displays all primary modules and active widgets.
- Role-based access control restricts unauthorized actions, permitting only Nurse Practitioner (NP) access.
- System telemetry and data tables refresh correctly upon user interaction."
lpn_analytics,Licensed Practical Nurse Lpn Analytics,ui,lpn,/rpn/lpn-analytics,created,No,Business workflow and domain data binding need verification; Authenticated browser and accessibility evidence is pending; No domain API is linked to this page,,GET /v1/governance/workspace,"- The Licensed Practical Nurse (LPN) Analytics route loads successfully within the PrimeCare UI Client workspace.
- The interface correctly displays all primary modules and active widgets.
- Role-based access control restricts unauthorized actions, permitting only Licensed Practical Nurse (LPN) access.
- System telemetry and data tables refresh correctly upon user interaction."
lpn_workflow,Licensed Practical Nurse Lpn Compliance Workflow,ui,lpn,/rpn/lpn-workflow,created,No,Business workflow and domain data binding need verification; Authenticated browser and accessibility evidence is pending; No domain API is linked to this page,,GET /v1/governance/workspace,"- The Licensed Practical Nurse (LPN) Compliance Workflow route loads successfully within the PrimeCare UI Client workspace.
- The interface correctly displays all primary modules and active widgets.
- Role-based access control restricts unauthorized actions, permitting only Licensed Practical Nurse (LPN) access.
- System telemetry and data tables refresh correctly upon user interaction."
employee_analytics,Employee Analytics,ui,employee,/staff/employee-analytics,created,No,Business workflow and domain data binding need verification; Authenticated browser and accessibility evidence is pending; No domain API is linked to this page,,GET /v1/governance/workspace,"- The Employee Analytics route loads successfully within the PrimeCare UI Client workspace.
- The interface correctly displays all primary modules and active widgets.
- Role-based access control restricts unauthorized actions, permitting only Employee access.
- System telemetry and data tables refresh correctly upon user interaction."
employee_workflow,Employee Compliance Workflow,ui,employee,/staff/employee-workflow,created,No,Business workflow and domain data binding need verification; Authenticated browser and accessibility evidence is pending; No domain API is linked to this page,,GET /v1/governance/workspace,"- The Employee Compliance Workflow route loads successfully within the PrimeCare UI Client workspace.
- The interface correctly displays all primary modules and active widgets.
- Role-based access control restricts unauthorized actions, permitting only Employee access.
- System telemetry and data tables refresh correctly upon user interaction."
success_profile,Success Profile,ci,guest,/generated/success-profile,created,No,Business workflow and domain data binding need verification; Authenticated browser and accessibility evidence is pending; No domain API is linked to this page,,GET /v1/governance/workspace,"- The Success Profile route loads successfully within the Primecare Clinic workspace.
- The interface correctly displays all primary modules and active widgets.
- Role-based access control restricts unauthorized actions, permitting only Guest access.
- System telemetry and data tables refresh correctly upon user interaction."
consent,Consent,ci,guest,/generated/consent,created,No,Existing account flow requires separate evidence,,,"- The Consent route loads successfully within the Primecare Clinic workspace.
- The interface correctly displays all primary modules and active widgets.
- Role-based access control restricts unauthorized actions, permitting only Guest access.
- System telemetry and data tables refresh correctly upon user interaction."
regional_bdm_competitor_notes,Regional Bdm Competitor Notes,ci,guest,/offices/business_development/roles/regional_bdm/competitor-notes,created,No,Business workflow and domain data binding need verification; Authenticated browser and accessibility evidence is pending; No domain API is linked to this page,,GET /v1/governance/workspace,"- The Regional Bdm Competitor Notes route loads successfully within the Primecare Clinic workspace.
- The interface correctly displays all primary modules and active widgets.
- Role-based access control restricts unauthorized actions, permitting only Guest access.
- System telemetry and data tables refresh correctly upon user interaction."
regional_bdm_deal_tracker,Regional Bdm Deal Tracker,ci,guest,/offices/business_development/roles/regional_bdm/deal-tracker,created,No,Business workflow and domain data binding need verification; Authenticated browser and accessibility evidence is pending; No domain API is linked to this page,,GET /v1/governance/workspace,"- The Regional Bdm Deal Tracker route loads successfully within the Primecare Clinic workspace.
- The interface correctly displays all primary modules and active widgets.
- Role-based access control restricts unauthorized actions, permitting only Guest access.
- System telemetry and data tables refresh correctly upon user interaction."
regional_bdm_franchise_pipeline,Regional Bdm Franchise Pipeline,ci,guest,/offices/business_development/roles/regional_bdm/franchise-pipeline,created,No,Business workflow and domain data binding need verification; Authenticated browser and accessibility evidence is pending; No domain API is linked to this page,,GET /v1/governance/workspace,"- The Regional Bdm Franchise Pipeline route loads successfully within the Primecare Clinic workspace.
- The interface correctly displays all primary modules and active widgets.
- Role-based access control restricts unauthorized actions, permitting only Guest access.
- System telemetry and data tables refresh correctly upon user interaction."
regional_bdm_leads,Regional Bdm Leads,ci,guest,/offices/business_development/roles/regional_bdm/leads,created,No,Business workflow and domain data binding need verification; Authenticated browser and accessibility evidence is pending; No domain API is linked to this page,,GET /v1/governance/workspace,"- The Regional Bdm Leads route loads successfully within the Primecare Clinic workspace.
- The interface correctly displays all primary modules and active widgets.
- Role-based access control restricts unauthorized actions, permitting only Guest access.
- System telemetry and data tables refresh correctly upon user interaction."
regional_bdm_meetings,Regional Bdm Meetings,ci,guest,/offices/business_development/roles/regional_bdm/meetings,created,No,Business workflow and domain data binding need verification; Authenticated browser and accessibility evidence is pending; No domain API is linked to this page,,GET /v1/governance/workspace,"- The Regional Bdm Meetings route loads successfully within the Primecare Clinic workspace.
- The interface correctly displays all primary modules and active widgets.
- Role-based access control restricts unauthorized actions, permitting only Guest access.
- System telemetry and data tables refresh correctly upon user interaction."
regional_bdm_partners,Regional Bdm Partners,ci,guest,/offices/business_development/roles/regional_bdm/partners,created,No,Business workflow and domain data binding need verification; Authenticated browser and accessibility evidence is pending; No domain API is linked to this page,,GET /v1/governance/workspace,"- The Regional Bdm Partners route loads successfully within the Primecare Clinic workspace.
- The interface correctly displays all primary modules and active widgets.
- Role-based access control restricts unauthorized actions, permitting only Guest access.
- System telemetry and data tables refresh correctly upon user interaction."
regional_bdm_reports,Regional Bdm Reports,ci,guest,/offices/business_development/roles/regional_bdm/reports,created,No,Business workflow and domain data binding need verification; Authenticated browser and accessibility evidence is pending; No domain API is linked to this page,,GET /v1/governance/workspace,"- The Regional Bdm Reports route loads successfully within the Primecare Clinic workspace.
- The interface correctly displays all primary modules and active widgets.
- Role-based access control restricts unauthorized actions, permitting only Guest access.
- System telemetry and data tables refresh correctly upon user interaction."
regional_bdm_tasks,Regional Bdm Tasks,ci,guest,/offices/business_development/roles/regional_bdm/tasks,created,No,Business workflow and domain data binding need verification; Authenticated browser and accessibility evidence is pending; No domain API is linked to this page,,GET /v1/governance/workspace,"- The Regional Bdm Tasks route loads successfully within the Primecare Clinic workspace.
- The interface correctly displays all primary modules and active widgets.
- Role-based access control restricts unauthorized actions, permitting only Guest access.
- System telemetry and data tables refresh correctly upon user interaction."
regional_bdm_territory_growth,Regional Bdm Territory Growth,ci,guest,/offices/business_development/roles/regional_bdm/territory-growth,created,No,Business workflow and domain data binding need verification; Authenticated browser and accessibility evidence is pending; No domain API is linked to this page,,GET /v1/governance/workspace,"- The Regional Bdm Territory Growth route loads successfully within the Primecare Clinic workspace.
- The interface correctly displays all primary modules and active widgets.
- Role-based access control restricts unauthorized actions, permitting only Guest access.
- System telemetry and data tables refresh correctly upon user interaction."
franchise_sales_manager_contracts,Franchise Sales Manager Contracts,ci,guest,/offices/business_development/roles/franchise_sales_manager/contracts,created,No,Business workflow and domain data binding need verification; Authenticated browser and accessibility evidence is pending; No domain API is linked to this page,,GET /v1/governance/workspace,"- The Franchise Sales Manager Contracts route loads successfully within the Primecare Clinic workspace.
- The interface correctly displays all primary modules and active widgets.
- Role-based access control restricts unauthorized actions, permitting only Guest access.
- System telemetry and data tables refresh correctly upon user interaction."
franchise_sales_manager_discovery_calls,Franchise Sales Manager Discovery Calls,ci,guest,/offices/business_development/roles/franchise_sales_manager/discovery-calls,created,No,Business workflow and domain data binding need verification; Authenticated browser and accessibility evidence is pending; No domain API is linked to this page,,GET /v1/governance/workspace,"- The Franchise Sales Manager Discovery Calls route loads successfully within the Primecare Clinic workspace.
- The interface correctly displays all primary modules and active widgets.
- Role-based access control restricts unauthorized actions, permitting only Guest access.
- System telemetry and data tables refresh correctly upon user interaction."
franchise_sales_manager_follow_ups,Franchise Sales Manager Follow Ups,ci,guest,/offices/business_development/roles/franchise_sales_manager/follow-ups,created,No,Business workflow and domain data binding need verification; Authenticated browser and accessibility evidence is pending; No domain API is linked to this page,,GET /v1/governance/workspace,"- The Franchise Sales Manager Follow Ups route loads successfully within the Primecare Clinic workspace.
- The interface correctly displays all primary modules and active widgets.
- Role-based access control restricts unauthorized actions, permitting only Guest access.
- System telemetry and data tables refresh correctly upon user interaction."
franchise_sales_manager_leads,Franchise Sales Manager Leads,ci,guest,/offices/business_development/roles/franchise_sales_manager/leads,created,No,Business workflow and domain data binding need verification; Authenticated browser and accessibility evidence is pending; No domain API is linked to this page,,GET /v1/governance/workspace,"- The Franchise Sales Manager Leads route loads successfully within the Primecare Clinic workspace.
- The interface correctly displays all primary modules and active widgets.
- Role-based access control restricts unauthorized actions, permitting only Guest access.
- System telemetry and data tables refresh correctly upon user interaction."
franchise_sales_manager_proposals,Franchise Sales Manager Proposals,ci,guest,/offices/business_development/roles/franchise_sales_manager/proposals,created,No,Business workflow and domain data binding need verification; Authenticated browser and accessibility evidence is pending; No domain API is linked to this page,,GET /v1/governance/workspace,"- The Franchise Sales Manager Proposals route loads successfully within the Primecare Clinic workspace.
- The interface correctly displays all primary modules and active widgets.
- Role-based access control restricts unauthorized actions, permitting only Guest access.
- System telemetry and data tables refresh correctly upon user interaction."
franchise_sales_manager_prospects,Franchise Sales Manager Prospects,ci,guest,/offices/business_development/roles/franchise_sales_manager/prospects,created,No,Business workflow and domain data binding need verification; Authenticated browser and accessibility evidence is pending; No domain API is linked to this page,,GET /v1/governance/workspace,"- The Franchise Sales Manager Prospects route loads successfully within the Primecare Clinic workspace.
- The interface correctly displays all primary modules and active widgets.
- Role-based access control restricts unauthorized actions, permitting only Guest access.
- System telemetry and data tables refresh correctly upon user interaction."
franchise_sales_manager_reports,Franchise Sales Manager Reports,ci,guest,/offices/business_development/roles/franchise_sales_manager/reports,created,No,Business workflow and domain data binding need verification; Authenticated browser and accessibility evidence is pending; No domain API is linked to this page,,GET /v1/governance/workspace,"- The Franchise Sales Manager Reports route loads successfully within the Primecare Clinic workspace.
- The interface correctly displays all primary modules and active widgets.
- Role-based access control restricts unauthorized actions, permitting only Guest access.
- System telemetry and data tables refresh correctly upon user interaction."
franchise_sales_manager_sales_pipeline,Franchise Sales Manager Sales Pipeline,ci,guest,/offices/business_development/roles/franchise_sales_manager/sales-pipeline,created,No,Business workflow and domain data binding need verification; Authenticated browser and accessibility evidence is pending; No domain API is linked to this page,,GET /v1/governance/workspace,"- The Franchise Sales Manager Sales Pipeline route loads successfully within the Primecare Clinic workspace.
- The interface correctly displays all primary modules and active widgets.
- Role-based access control restricts unauthorized actions, permitting only Guest access.
- System telemetry and data tables refresh correctly upon user interaction."
partnership_manager_active_deals,Partnership Manager Active Deals,ci,guest,/offices/business_development/roles/partnership_manager/active-deals,created,No,Business workflow and domain data binding need verification; Authenticated browser and accessibility evidence is pending; No domain API is linked to this page,,GET /v1/governance/workspace,"- The Partnership Manager Active Deals route loads successfully within the Primecare Clinic workspace.
- The interface correctly displays all primary modules and active widgets.
- Role-based access control restricts unauthorized actions, permitting only Guest access.
- System telemetry and data tables refresh correctly upon user interaction."
partnership_manager_outreach,Partnership Manager Outreach,ci,guest,/offices/business_development/roles/partnership_manager/outreach,created,No,Business workflow and domain data binding need verification; Authenticated browser and accessibility evidence is pending; No domain API is linked to this page,,GET /v1/governance/workspace,"- The Partnership Manager Outreach route loads successfully within the Primecare Clinic workspace.
- The interface correctly displays all primary modules and active widgets.
- Role-based access control restricts unauthorized actions, permitting only Guest access.
- System telemetry and data tables refresh correctly upon user interaction."
partnership_manager_partners,Partnership Manager Partners,ci,guest,/offices/business_development/roles/partnership_manager/partners,created,No,Business workflow and domain data binding need verification; Authenticated browser and accessibility evidence is pending; No domain API is linked to this page,,GET /v1/governance/workspace,"- The Partnership Manager Partners route loads successfully within the Primecare Clinic workspace.
- The interface correctly displays all primary modules and active widgets.
- Role-based access control restricts unauthorized actions, permitting only Guest access.
- System telemetry and data tables refresh correctly upon user interaction."
partnership_manager_proposals,Partnership Manager Proposals,ci,guest,/offices/business_development/roles/partnership_manager/proposals,created,No,Business workflow and domain data binding need verification; Authenticated browser and accessibility evidence is pending; No domain API is linked to this page,,GET /v1/governance/workspace,"- The Partnership Manager Proposals route loads successfully within the Primecare Clinic workspace.
- The interface correctly displays all primary modules and active widgets.
- Role-based access control restricts unauthorized actions, permitting only Guest access.
- System telemetry and data tables refresh correctly upon user interaction."
partnership_manager_renewals,Partnership Manager Renewals,ci,guest,/offices/business_development/roles/partnership_manager/renewals,created,No,Business workflow and domain data binding need verification; Authenticated browser and accessibility evidence is pending; No domain API is linked to this page,,GET /v1/governance/workspace,"- The Partnership Manager Renewals route loads successfully within the Primecare Clinic workspace.
- The interface correctly displays all primary modules and active widgets.
- Role-based access control restricts unauthorized actions, permitting only Guest access.
- System telemetry and data tables refresh correctly upon user interaction."
partnership_manager_reports,Partnership Manager Reports,ci,guest,/offices/business_development/roles/partnership_manager/reports,created,No,Business workflow and domain data binding need verification; Authenticated browser and accessibility evidence is pending; No domain API is linked to this page,,GET /v1/governance/workspace,"- The Partnership Manager Reports route loads successfully within the Primecare Clinic workspace.
- The interface correctly displays all primary modules and active widgets.
- Role-based access control restricts unauthorized actions, permitting only Guest access.
- System telemetry and data tables refresh correctly upon user interaction."
regional_manager_ontario_dashboard,Regional Manager Ontario Dashboard,ci,guest,/offices/business_development/roles/regional_manager_ontario/dashboard,created,No,Business workflow and domain data binding need verification; Authenticated browser and accessibility evidence is pending; No domain API is linked to this page,,GET /v1/governance/workspace,"- The Regional Manager Ontario Dashboard route loads successfully within the Primecare Clinic workspace.
- The interface correctly displays all primary modules and active widgets.
- Role-based access control restricts unauthorized actions, permitting only Guest access.
- System telemetry and data tables refresh correctly upon user interaction."
territory_expansion_manager_demographics,Territory Expansion Manager Demographics,ci,guest,/offices/business_development/roles/territory_expansion_manager/demographics,created,No,Business workflow and domain data binding need verification; Authenticated browser and accessibility evidence is pending; No domain API is linked to this page,,GET /v1/governance/workspace,"- The Territory Expansion Manager Demographics route loads successfully within the Primecare Clinic workspace.
- The interface correctly displays all primary modules and active widgets.
- Role-based access control restricts unauthorized actions, permitting only Guest access.
- System telemetry and data tables refresh correctly upon user interaction."
territory_expansion_manager_expansion_plans,Territory Expansion Manager Expansion Plans,ci,guest,/offices/business_development/roles/territory_expansion_manager/expansion-plans,created,No,Business workflow and domain data binding need verification; Authenticated browser and accessibility evidence is pending; No domain API is linked to this page,,GET /v1/governance/workspace,"- The Territory Expansion Manager Expansion Plans route loads successfully within the Primecare Clinic workspace.
- The interface correctly displays all primary modules and active widgets.
- Role-based access control restricts unauthorized actions, permitting only Guest access.
- System telemetry and data tables refresh correctly upon user interaction."
territory_expansion_manager_forecast,Territory Expansion Manager Forecast,ci,guest,/offices/business_development/roles/territory_expansion_manager/forecast,created,No,Business workflow and domain data binding need verification; Authenticated browser and accessibility evidence is pending; No domain API is linked to this page,,GET /v1/governance/workspace,"- The Territory Expansion Manager Forecast route loads successfully within the Primecare Clinic workspace.
- The interface correctly displays all primary modules and active widgets.
- Role-based access control restricts unauthorized actions, permitting only Guest access.
- System telemetry and data tables refresh correctly upon user interaction."
territory_expansion_manager_market_research,Territory Expansion Manager Market Research,ci,guest,/offices/business_development/roles/territory_expansion_manager/market-research,created,No,Business workflow and domain data binding need verification; Authenticated browser and accessibility evidence is pending; No domain API is linked to this page,,GET /v1/governance/workspace,"- The Territory Expansion Manager Market Research route loads successfully within the Primecare Clinic workspace.
- The interface correctly displays all primary modules and active widgets.
- Role-based access control restricts unauthorized actions, permitting only Guest access.
- System telemetry and data tables refresh correctly upon user interaction."
territory_expansion_manager_open_territories,Territory Expansion Manager Open Territories,ci,guest,/offices/business_development/roles/territory_expansion_manager/open-territories,created,No,Business workflow and domain data binding need verification; Authenticated browser and accessibility evidence is pending; No domain API is linked to this page,,GET /v1/governance/workspace,"- The Territory Expansion Manager Open Territories route loads successfully within the Primecare Clinic workspace.
- The interface correctly displays all primary modules and active widgets.
- Role-based access control restricts unauthorized actions, permitting only Guest access.
- System telemetry and data tables refresh correctly upon user interaction."
territory_expansion_manager_reports,Territory Expansion Manager Reports,ci,guest,/offices/business_development/roles/territory_expansion_manager/reports,created,No,Business workflow and domain data binding need verification; Authenticated browser and accessibility evidence is pending; No domain API is linked to this page,,GET /v1/governance/workspace,"- The Territory Expansion Manager Reports route loads successfully within the Primecare Clinic workspace.
- The interface correctly displays all primary modules and active widgets.
- Role-based access control restricts unauthorized actions, permitting only Guest access.
- System telemetry and data tables refresh correctly upon user interaction."
territory_expansion_manager_site_selection,Territory Expansion Manager Site Selection,ci,guest,/offices/business_development/roles/territory_expansion_manager/site-selection,created,No,Business workflow and domain data binding need verification; Authenticated browser and accessibility evidence is pending; No domain API is linked to this page,,GET /v1/governance/workspace,"- The Territory Expansion Manager Site Selection route loads successfully within the Primecare Clinic workspace.
- The interface correctly displays all primary modules and active widgets.
- Role-based access control restricts unauthorized actions, permitting only Guest access.
- System telemetry and data tables refresh correctly upon user interaction."
territory_expansion_manager_territory_map,Territory Expansion Manager Territory Map,ci,guest,/offices/business_development/roles/territory_expansion_manager/territory-map,created,No,Business workflow and domain data binding need verification; Authenticated browser and accessibility evidence is pending; No domain API is linked to this page,,GET /v1/governance/workspace,"- The Territory Expansion Manager Territory Map route loads successfully within the Primecare Clinic workspace.
- The interface correctly displays all primary modules and active widgets.
- Role-based access control restricts unauthorized actions, permitting only Guest access.
- System telemetry and data tables refresh correctly upon user interaction."
ai_chatbot,Ai Chatbot,ci,guest,/generated/ai-chatbot,created,No,Business workflow and domain data binding need verification; Authenticated browser and accessibility evidence is pending; No domain API is linked to this page,,GET /v1/governance/workspace,"- The Ai Chatbot route loads successfully within the Primecare Clinic workspace.
- The interface correctly displays all primary modules and active widgets.
- Role-based access control restricts unauthorized actions, permitting only Guest access.
- System telemetry and data tables refresh correctly upon user interaction."
family_billing,Family Billing,ci,guest,/offices/client/roles/family_member/billing,created,No,Business workflow and domain data binding need verification; Authenticated browser and accessibility evidence is pending; No domain API is linked to this page,,GET /v1/governance/workspace,"- The Family Billing route loads successfully within the Primecare Clinic workspace.
- The interface correctly displays all primary modules and active widgets.
- Role-based access control restricts unauthorized actions, permitting only Guest access.
- System telemetry and data tables refresh correctly upon user interaction."
family_care_updates,Family Care Updates,ci,guest,/offices/client/roles/family_member/care-updates,created,No,Business workflow and domain data binding need verification; Authenticated browser and accessibility evidence is pending; No domain API is linked to this page,,GET /v1/governance/workspace,"- The Family Care Updates route loads successfully within the Primecare Clinic workspace.
- The interface correctly displays all primary modules and active widgets.
- Role-based access control restricts unauthorized actions, permitting only Guest access.
- System telemetry and data tables refresh correctly upon user interaction."
family_dashboard,Family Dashboard,ci,guest,/offices/client/roles/family_member/dashboard,created,No,Business workflow and domain data binding need verification; Authenticated browser and accessibility evidence is pending; No domain API is linked to this page,,GET /v1/governance/workspace,"- The Family Dashboard route loads successfully within the Primecare Clinic workspace.
- The interface correctly displays all primary modules and active widgets.
- Role-based access control restricts unauthorized actions, permitting only Guest access.
- System telemetry and data tables refresh correctly upon user interaction."
family_emergency_contacts,Family Emergency Contacts,ci,guest,/offices/client/roles/family_member/emergency-contacts,created,No,Business workflow and domain data binding need verification; Authenticated browser and accessibility evidence is pending; No domain API is linked to this page,,GET /v1/governance/workspace,"- The Family Emergency Contacts route loads successfully within the Primecare Clinic workspace.
- The interface correctly displays all primary modules and active widgets.
- Role-based access control restricts unauthorized actions, permitting only Guest access.
- System telemetry and data tables refresh correctly upon user interaction."
family_loved_one_schedule,Family Loved One Schedule,ci,guest,/offices/client/roles/family_member/loved-one-schedule,created,No,Business workflow and domain data binding need verification; Authenticated browser and accessibility evidence is pending; No domain API is linked to this page,,GET /v1/governance/workspace,"- The Family Loved One Schedule route loads successfully within the Primecare Clinic workspace.
- The interface correctly displays all primary modules and active widgets.
- Role-based access control restricts unauthorized actions, permitting only Guest access.
- System telemetry and data tables refresh correctly upon user interaction."
family_profile,Family Profile,ci,guest,/offices/client/roles/family_member/profile,created,No,Business workflow and domain data binding need verification; Authenticated browser and accessibility evidence is pending; No domain API is linked to this page,,GET /v1/governance/workspace,"- The Family Profile route loads successfully within the Primecare Clinic workspace.
- The interface correctly displays all primary modules and active widgets.
- Role-based access control restricts unauthorized actions, permitting only Guest access.
- System telemetry and data tables refresh correctly upon user interaction."
client_book_appointment,Client Book Appointment,ci,guest,/generated/client-book-appointment,created,No,Business workflow and domain data binding need verification; Authenticated browser and accessibility evidence is pending; No domain API is linked to this page,,GET /v1/governance/workspace,"- The Client Book Appointment route loads successfully within the Primecare Clinic workspace.
- The interface correctly displays all primary modules and active widgets.
- Role-based access control restricts unauthorized actions, permitting only Guest access.
- System telemetry and data tables refresh correctly upon user interaction."
client_care_team,Client Care Team,ci,guest,/generated/client-care-team,created,No,Business workflow and domain data binding need verification; Authenticated browser and accessibility evidence is pending; No domain API is linked to this page,,GET /v1/governance/workspace,"- The Client Care Team route loads successfully within the Primecare Clinic workspace.
- The interface correctly displays all primary modules and active widgets.
- Role-based access control restricts unauthorized actions, permitting only Guest access.
- System telemetry and data tables refresh correctly upon user interaction."
client_dashboard,Client Dashboard,ci,guest,/generated/client-dashboard,created,No,Business workflow and domain data binding need verification; Authenticated browser and accessibility evidence is pending; No domain API is linked to this page,,GET /v1/governance/workspace,"- The Client Dashboard route loads successfully within the Primecare Clinic workspace.
- The interface correctly displays all primary modules and active widgets.
- Role-based access control restricts unauthorized actions, permitting only Guest access.
- System telemetry and data tables refresh correctly upon user interaction."
client_my_appointments,Client My Appointments,ci,guest,/generated/client-my-appointments,created,No,Business workflow and domain data binding need verification; Authenticated browser and accessibility evidence is pending; No domain API is linked to this page,,GET /v1/governance/workspace,"- The Client My Appointments route loads successfully within the Primecare Clinic workspace.
- The interface correctly displays all primary modules and active widgets.
- Role-based access control restricts unauthorized actions, permitting only Guest access.
- System telemetry and data tables refresh correctly upon user interaction."
client_payments,Client Payments,ci,guest,/generated/client-payments,created,No,Business workflow and domain data binding need verification; Authenticated browser and accessibility evidence is pending; No domain API is linked to this page,,GET /v1/governance/workspace,"- The Client Payments route loads successfully within the Primecare Clinic workspace.
- The interface correctly displays all primary modules and active widgets.
- Role-based access control restricts unauthorized actions, permitting only Guest access.
- System telemetry and data tables refresh correctly upon user interaction."
client_profile,Client Profile,ci,guest,/clinic/client-profile,created,No,Business workflow and domain data binding need verification; Authenticated browser and accessibility evidence is pending,,GET /api/clients; POST /api/clients; GET /api/invoices; GET /api/schedules; GET /api/visits; POST /api/visits; GET /v1/client/adl-records; GET /v1/client/adl-records/{recordId}; GET /v1/client/alert-records; GET /v1/client/alert-records/summary; GET /v1/client/alert-records/{recordId}; GET /v1/client/assessment-records; GET /v1/client/assessment-records/summary; GET /v1/client/assessment-records/{recordId}; GET /v1/client/behavior-observation-records; GET /v1/client/behavior-observation-records/{recordId}; GET /v1/client/booking-requests; POST /v1/client/booking-requests; GET /v1/client/booking-requests/summary; GET /v1/client/booking-requests/{requestId}; GET /v1/client/booking-requests/{requestId}/audit; POST /v1/client/booking-requests/{requestId}/cancel; GET /v1/client/bookings; POST /v1/client/bookings; POST /v1/client/bookings/request; POST /v1/client/bookings/requests; GET /v1/client/bookings/summary; GET /v1/client/bookings/{bookingId}; GET /v1/client/care-feedback; GET /v1/client/care-feedback/summary; GET /v1/client/care-feedback/{recordId}; GET /v1/client/care-follow-up-records; GET /v1/client/care-follow-up-records/{recordId}; GET /v1/client/care-plan-records; GET /v1/client/care-plan-records/summary; GET /v1/client/care-plan-records/{recordId}; GET /v1/client/consents; GET /v1/client/consents/summary; GET /v1/client/consents/{recordId}; GET /v1/client/conversation-threads; GET /v1/client/conversation-threads/summary; GET /v1/client/conversation-threads/{recordId}; GET /v1/client/family-links; GET /v1/client/family-links/summary; GET /v1/client/family-links/{recordId}; GET /v1/client/family-notification-records; GET /v1/client/family-notification-records/summary; GET /v1/client/family-notification-records/{recordId}; GET /v1/client/feedback; GET /v1/client/feedback/summary; GET /v1/client/feedback/{recordId}; GET /v1/client/home/profile; GET /v1/client/infection-checklist-records; GET /v1/client/infection-checklist-records/{recordId}; GET /v1/client/insurance-claim-records; GET /v1/client/insurance-claim-records/summary; GET /v1/client/insurance-claim-records/{recordId}; GET /v1/client/inventory-item-records; GET /v1/client/inventory-item-records/{recordId}; GET /v1/client/invoices; GET /v1/client/invoices/summary; GET /v1/client/invoices/{invoiceId}; GET /v1/client/invoices/{invoiceId}/payments; GET /v1/client/invoices/{invoiceId}/payments/summary; GET /v1/client/invoices/{invoiceId}/payments/{paymentId}; GET /v1/client/medication-administration-records; GET /v1/client/medication-administration-records/summary; GET /v1/client/medication-administration-records/{recordId}; GET /v1/client/medication-reconciliation-records; GET /v1/client/medication-reconciliation-records/summary; GET /v1/client/medication-reconciliation-records/{recordId}; GET /v1/client/mobility-observation-records; GET /v1/client/mobility-observation-records/{recordId}; GET /v1/client/nutrition-observation-records; GET /v1/client/nutrition-observation-records/{recordId}; GET /v1/client/patient-vital-records; GET /v1/client/patient-vital-records/summary; GET /v1/client/patient-vital-records/{recordId}; GET /v1/client/payments; GET /v1/client/payments/summary; GET /v1/client/payments/{paymentId}; GET /v1/client/prescription-records; GET /v1/client/prescription-records/summary; GET /v1/client/prescription-records/{recordId}; GET /v1/client/progress-note-records; GET /v1/client/progress-note-records/{recordId}; GET /v1/client/purchase-order-records; GET /v1/client/purchase-order-records/summary; GET /v1/client/purchase-order-records/{recordId}; GET /v1/client/service-authorizations; GET /v1/client/service-authorizations/summary; GET /v1/client/service-authorizations/{recordId}; GET /v1/client/shift-log-records; GET /v1/client/shift-log-records/summary; GET /v1/client/shift-log-records/{recordId}; GET /v1/client/visits; GET /v1/client/visits/summary; GET /v1/client/visits/{visitId}; GET /v1/client/vital-observation-records; GET /v1/client/vital-observation-records/{recordId}; GET /v1/client/waitlist; GET /v1/client/waitlist/summary; GET /v1/client/waitlist/{recordId}; GET /v1/governance/workspace; GET /v1/premium/booking; GET /v1/premium/bookingrequest; GET /v1/premium/carefeedback; GET /v1/premium/claim; GET /v1/premium/clientprofile; GET /v1/premium/consentform; GET /v1/premium/familymember; GET /v1/premium/familynotification; GET /v1/premium/feedback; GET /v1/premium/inventoryitem; GET /v1/premium/invoice; GET /v1/premium/mar_entry; GET /v1/premium/messagethread; GET /v1/premium/patientalert; GET /v1/premium/payment; GET /v1/premium/prescription; GET /v1/premium/purchaseorder; GET /v1/premium/serviceauthorization; GET /v1/premium/visit; GET /v1/premium/vitalsign; GET /v1/premium/waitlistentry,"- The Client Profile route loads successfully within the Primecare Clinic workspace.
- The interface correctly displays all primary modules and active widgets.
- Role-based access control restricts unauthorized actions, permitting only Guest access.
- System telemetry and data tables refresh correctly upon user interaction."
client_treatment_history,Client Treatment History,ci,guest,/generated/client-treatment-history,created,No,Business workflow and domain data binding need verification; Authenticated browser and accessibility evidence is pending; No domain API is linked to this page,,GET /v1/governance/workspace,"- The Client Treatment History route loads successfully within the Primecare Clinic workspace.
- The interface correctly displays all primary modules and active widgets.
- Role-based access control restricts unauthorized actions, permitting only Guest access.
- System telemetry and data tables refresh correctly upon user interaction."
family_member_billing,Family Member Billing,ci,guest,/generated/family-member-billing,created,No,Business workflow and domain data binding need verification; Authenticated browser and accessibility evidence is pending; No domain API is linked to this page,,GET /v1/governance/workspace,"- The Family Member Billing route loads successfully within the Primecare Clinic workspace.
- The interface correctly displays all primary modules and active widgets.
- Role-based access control restricts unauthorized actions, permitting only Guest access.
- System telemetry and data tables refresh correctly upon user interaction."
family_member_care_updates,Family Member Care Updates,ci,guest,/generated/family-member-care-updates,created,No,Business workflow and domain data binding need verification; Authenticated browser and accessibility evidence is pending; No domain API is linked to this page,,GET /v1/governance/workspace,"- The Family Member Care Updates route loads successfully within the Primecare Clinic workspace.
- The interface correctly displays all primary modules and active widgets.
- Role-based access control restricts unauthorized actions, permitting only Guest access.
- System telemetry and data tables refresh correctly upon user interaction."
family_member_emergency_contacts,Family Member Emergency Contacts,ci,guest,/generated/family-member-emergency-contacts,created,No,Business workflow and domain data binding need verification; Authenticated browser and accessibility evidence is pending; No domain API is linked to this page,,GET /v1/governance/workspace,"- The Family Member Emergency Contacts route loads successfully within the Primecare Clinic workspace.
- The interface correctly displays all primary modules and active widgets.
- Role-based access control restricts unauthorized actions, permitting only Guest access.
- System telemetry and data tables refresh correctly upon user interaction."
family_member_loved_one_schedule,Family Member Loved One Schedule,ci,guest,/generated/family-member-loved-one-schedule,created,No,Business workflow and domain data binding need verification; Authenticated browser and accessibility evidence is pending; No domain API is linked to this page,,GET /v1/governance/workspace,"- The Family Member Loved One Schedule route loads successfully within the Primecare Clinic workspace.
- The interface correctly displays all primary modules and active widgets.
- Role-based access control restricts unauthorized actions, permitting only Guest access.
- System telemetry and data tables refresh correctly upon user interaction."
family_member_profile,Family Member Profile,ci,guest,/generated/family-member-profile,created,No,Business workflow and domain data binding need verification; Authenticated browser and accessibility evidence is pending; No domain API is linked to this page,,GET /v1/governance/workspace,"- The Family Member Profile route loads successfully within the Primecare Clinic workspace.
- The interface correctly displays all primary modules and active widgets.
- Role-based access control restricts unauthorized actions, permitting only Guest access.
- System telemetry and data tables refresh correctly upon user interaction."
unknown_dashboard,Unknown Dashboard,ci,guest,/generated/unknown-dashboard,created,No,Business workflow and domain data binding need verification; Authenticated browser and accessibility evidence is pending; No domain API is linked to this page,,GET /v1/governance/workspace,"- The Unknown Dashboard route loads successfully within the Primecare Clinic workspace.
- The interface correctly displays all primary modules and active widgets.
- Role-based access control restricts unauthorized actions, permitting only Guest access.
- System telemetry and data tables refresh correctly upon user interaction."
patient_book_appointment,Patient Book Appointment,ci,guest,/offices/client/roles/client/book-appointment,created,No,Business workflow and domain data binding need verification; Authenticated browser and accessibility evidence is pending; No domain API is linked to this page,,GET /v1/governance/workspace,"- The Patient Book Appointment route loads successfully within the Primecare Clinic workspace.
- The interface correctly displays all primary modules and active widgets.
- Role-based access control restricts unauthorized actions, permitting only Guest access.
- System telemetry and data tables refresh correctly upon user interaction."
patient_care_team,Patient Care Team,ci,guest,/offices/client/roles/client/care-team,created,No,Business workflow and domain data binding need verification; Authenticated browser and accessibility evidence is pending; No domain API is linked to this page,,GET /v1/governance/workspace,"- The Patient Care Team route loads successfully within the Primecare Clinic workspace.
- The interface correctly displays all primary modules and active widgets.
- Role-based access control restricts unauthorized actions, permitting only Guest access.
- System telemetry and data tables refresh correctly upon user interaction."
patient_my_appointments,Patient My Appointments,ci,guest,/offices/client/roles/client/my-appointments,created,No,Business workflow and domain data binding need verification; Authenticated browser and accessibility evidence is pending; No domain API is linked to this page,,GET /v1/governance/workspace,"- The Patient My Appointments route loads successfully within the Primecare Clinic workspace.
- The interface correctly displays all primary modules and active widgets.
- Role-based access control restricts unauthorized actions, permitting only Guest access.
- System telemetry and data tables refresh correctly upon user interaction."
patient_payments,Patient Payments,ci,guest,/offices/client/roles/client/payments,created,No,Business workflow and domain data binding need verification; Authenticated browser and accessibility evidence is pending; No domain API is linked to this page,,GET /v1/governance/workspace,"- The Patient Payments route loads successfully within the Primecare Clinic workspace.
- The interface correctly displays all primary modules and active widgets.
- Role-based access control restricts unauthorized actions, permitting only Guest access.
- System telemetry and data tables refresh correctly upon user interaction."
patient_treatment_history,Patient Treatment History,ci,guest,/offices/client/roles/client/treatment-history,created,No,Business workflow and domain data binding need verification; Authenticated browser and accessibility evidence is pending; No domain API is linked to this page,,GET /v1/governance/workspace,"- The Patient Treatment History route loads successfully within the Primecare Clinic workspace.
- The interface correctly displays all primary modules and active widgets.
- Role-based access control restricts unauthorized actions, permitting only Guest access.
- System telemetry and data tables refresh correctly upon user interaction."
clinical_director_dashboard,Clinical Director Dashboard,ci,clinical_director,/offices/clinical/roles/clinical_director/dashboard,created,No,Business workflow and domain data binding need verification; Authenticated browser and accessibility evidence is pending; Domain API authorization or schemas are incomplete,,GET /v1/clinical/dashboard; GET /v1/governance/workspace,"- The Clinical Director Dashboard route loads successfully within the Primecare Clinic workspace.
- The interface correctly displays all primary modules and active widgets.
- Role-based access control restricts unauthorized actions, permitting only Guest access.
- System telemetry and data tables refresh correctly upon user interaction."
clinical_director_quality_metrics,Clinical Director Quality Metrics,ci,guest,/generated/clinical-director-quality-metrics,created,No,Business workflow and domain data binding need verification; Authenticated browser and accessibility evidence is pending; No domain API is linked to this page,,GET /v1/governance/workspace,"- The Clinical Director Quality Metrics route loads successfully within the Primecare Clinic workspace.
- The interface correctly displays all primary modules and active widgets.
- Role-based access control restricts unauthorized actions, permitting only Guest access.
- System telemetry and data tables refresh correctly upon user interaction."
clinical_director_staffing,Clinical Director Staffing,ci,guest,/generated/clinical-director-staffing,created,No,Business workflow and domain data binding need verification; Authenticated browser and accessibility evidence is pending; No domain API is linked to this page,,GET /v1/governance/workspace,"- The Clinical Director Staffing route loads successfully within the Primecare Clinic workspace.
- The interface correctly displays all primary modules and active widgets.
- Role-based access control restricts unauthorized actions, permitting only Guest access.
- System telemetry and data tables refresh correctly upon user interaction."
infection_control_dashboard,Infection Control Dashboard,ci,guest,/generated/infection-control-dashboard,created,No,Business workflow and domain data binding need verification; Authenticated browser and accessibility evidence is pending; No domain API is linked to this page,,GET /v1/governance/workspace,"- The Infection Control Dashboard route loads successfully within the Primecare Clinic workspace.
- The interface correctly displays all primary modules and active widgets.
- Role-based access control restricts unauthorized actions, permitting only Guest access.
- System telemetry and data tables refresh correctly upon user interaction."
intake_coordinator_assessments,Intake Coordinator Assessments,ci,guest,/generated/intake-coordinator-assessments,created,No,Business workflow and domain data binding need verification; Authenticated browser and accessibility evidence is pending; No domain API is linked to this page,,GET /v1/governance/workspace,"- The Intake Coordinator Assessments route loads successfully within the Primecare Clinic workspace.
- The interface correctly displays all primary modules and active widgets.
- Role-based access control restricts unauthorized actions, permitting only Guest access.
- System telemetry and data tables refresh correctly upon user interaction."
nurse_dashboard,Nurse Dashboard,ci,guest,/generated/nurse-dashboard,created,No,Business workflow and domain data binding need verification; Authenticated browser and accessibility evidence is pending; No domain API is linked to this page,,GET /v1/governance/workspace,"- The Nurse Dashboard route loads successfully within the Primecare Clinic workspace.
- The interface correctly displays all primary modules and active widgets.
- Role-based access control restricts unauthorized actions, permitting only Guest access.
- System telemetry and data tables refresh correctly upon user interaction."
psw_check_in,Psw Check In,ci,guest,/generated/psw-check-in,created,No,Business workflow and domain data binding need verification; Authenticated browser and accessibility evidence is pending; No domain API is linked to this page,,GET /v1/governance/workspace,"- The Psw Check In route loads successfully within the Primecare Clinic workspace.
- The interface correctly displays all primary modules and active widgets.
- Role-based access control restricts unauthorized actions, permitting only Guest access.
- System telemetry and data tables refresh correctly upon user interaction."
psw_help_support,Psw Help Support,ci,guest,/generated/psw-help-support,created,No,Business workflow and domain data binding need verification; Authenticated browser and accessibility evidence is pending; No domain API is linked to this page,,GET /v1/governance/workspace,"- The Psw Help Support route loads successfully within the Primecare Clinic workspace.
- The interface correctly displays all primary modules and active widgets.
- Role-based access control restricts unauthorized actions, permitting only Guest access.
- System telemetry and data tables refresh correctly upon user interaction."
psw_notifications,Psw Notifications,ci,guest,/generated/psw-notifications,created,No,Business workflow and domain data binding need verification; Authenticated browser and accessibility evidence is pending; No domain API is linked to this page,,GET /v1/governance/workspace,"- The Psw Notifications route loads successfully within the Primecare Clinic workspace.
- The interface correctly displays all primary modules and active widgets.
- Role-based access control restricts unauthorized actions, permitting only Guest access.
- System telemetry and data tables refresh correctly upon user interaction."
psw_observation_vitals_log,Psw Observation Vitals Log,ci,guest,/generated/psw-observation-vitals-log,created,No,Business workflow and domain data binding need verification; Authenticated browser and accessibility evidence is pending; No domain API is linked to this page,,GET /v1/governance/workspace,"- The Psw Observation Vitals Log route loads successfully within the Primecare Clinic workspace.
- The interface correctly displays all primary modules and active widgets.
- Role-based access control restricts unauthorized actions, permitting only Guest access.
- System telemetry and data tables refresh correctly upon user interaction."
psw_patient_profile,Psw Patient Profile,ci,guest,/generated/psw-patient-profile,created,No,Business workflow and domain data binding need verification; Authenticated browser and accessibility evidence is pending; No domain API is linked to this page,,GET /v1/governance/workspace,"- The Psw Patient Profile route loads successfully within the Primecare Clinic workspace.
- The interface correctly displays all primary modules and active widgets.
- Role-based access control restricts unauthorized actions, permitting only Guest access.
- System telemetry and data tables refresh correctly upon user interaction."
psw_profile,Psw Profile,ci,guest,/generated/psw-profile,created,No,Business workflow and domain data binding need verification; Authenticated browser and accessibility evidence is pending,,GET /api/providers; GET /api/providers/{providerId}; GET /v1/governance/workspace; GET /v1/premium/availabilityoverride; GET /v1/premium/fleetstatus; GET /v1/premium/mileagelog; GET /v1/premium/payout; GET /v1/premium/provideravailability; GET /v1/premium/providerdocument; GET /v1/premium/providerprofile; GET /v1/premium/shiftassignment; GET /v1/premium/shifthandover; GET /v1/premium/timesheet; GET /v1/premium/timesheetitem; GET /v1/premium/trainingassignment; GET /v1/premium/visitcheckevent; GET /v1/premium/visitchecklist; GET /v1/premium/visitmatch; GET /v1/premium/visitnote; GET /v1/provider/authored-checklist-records; GET /v1/provider/authored-checklist-records/{recordId}; GET /v1/provider/authored-visit-note-records; GET /v1/provider/authored-visit-note-records/{recordId}; GET /v1/provider/availability; GET /v1/provider/availability-overrides; GET /v1/provider/availability-overrides/summary; GET /v1/provider/availability-overrides/{recordId}; GET /v1/provider/availability/summary; GET /v1/provider/availability/{availabilityId}; GET /v1/provider/conversation-threads; GET /v1/provider/conversation-threads/summary; GET /v1/provider/conversation-threads/{recordId}; GET /v1/provider/documents; GET /v1/provider/documents/summary; GET /v1/provider/documents/{documentId}; GET /v1/provider/fleet-status; GET /v1/provider/handover-records; GET /v1/provider/handover-records/{recordId}; GET /v1/provider/mileage-logs; GET /v1/provider/mileage-logs/summary; GET /v1/provider/mileage-logs/{recordId}; GET /v1/provider/payouts; GET /v1/provider/payouts/summary; GET /v1/provider/payouts/{recordId}; GET /v1/provider/performance-reviews; GET /v1/provider/performance-reviews/summary; GET /v1/provider/performance-reviews/{recordId}; GET /v1/provider/profile; GET /v1/provider/shift-assignment-records; GET /v1/provider/shift-assignment-records/{recordId}; GET /v1/provider/timesheet-items; GET /v1/provider/timesheet-items/summary; GET /v1/provider/timesheet-items/{itemId}; GET /v1/provider/timesheets; GET /v1/provider/timesheets/summary; GET /v1/provider/timesheets/{recordId}; GET /v1/provider/training-assignment-records; GET /v1/provider/training-assignment-records/summary; GET /v1/provider/training-assignment-records/{recordId}; GET /v1/provider/visit-check-events; GET /v1/provider/visit-check-events/summary; GET /v1/provider/visit-check-events/{recordId}; GET /v1/provider/visit-matches; GET /v1/provider/visit-matches/summary; GET /v1/provider/visit-matches/{recordId}; GET /v1/provider/visits; GET /v1/provider/visits/summary; GET /v1/provider/visits/{visitId},"- The Psw Profile route loads successfully within the Primecare Clinic workspace.
- The interface correctly displays all primary modules and active widgets.
- Role-based access control restricts unauthorized actions, permitting only Guest access.
- System telemetry and data tables refresh correctly upon user interaction."
psw_reports,Psw Reports,ci,guest,/generated/psw-reports,created,No,Business workflow and domain data binding need verification; Authenticated browser and accessibility evidence is pending; No domain API is linked to this page,,GET /v1/governance/workspace,"- The Psw Reports route loads successfully within the Primecare Clinic workspace.
- The interface correctly displays all primary modules and active widgets.
- Role-based access control restricts unauthorized actions, permitting only Guest access.
- System telemetry and data tables refresh correctly upon user interaction."
psw_schedule,Psw Schedule,ci,guest,/generated/psw-schedule,created,No,Business workflow and domain data binding need verification; Authenticated browser and accessibility evidence is pending; No domain API is linked to this page,,GET /v1/governance/workspace,"- The Psw Schedule route loads successfully within the Primecare Clinic workspace.
- The interface correctly displays all primary modules and active widgets.
- Role-based access control restricts unauthorized actions, permitting only Guest access.
- System telemetry and data tables refresh correctly upon user interaction."
psw_system_logs,Psw System Logs,ci,guest,/generated/psw-system-logs,created,No,Business workflow and domain data binding need verification; Authenticated browser and accessibility evidence is pending; No domain API is linked to this page,,GET /v1/governance/workspace,"- The Psw System Logs route loads successfully within the Primecare Clinic workspace.
- The interface correctly displays all primary modules and active widgets.
- Role-based access control restricts unauthorized actions, permitting only Guest access.
- System telemetry and data tables refresh correctly upon user interaction."
psw_visit_checklist,Psw Visit Checklist,ci,guest,/generated/psw-visit-checklist,created,No,Business workflow and domain data binding need verification; Authenticated browser and accessibility evidence is pending; No domain API is linked to this page,,GET /v1/governance/workspace,"- The Psw Visit Checklist route loads successfully within the Primecare Clinic workspace.
- The interface correctly displays all primary modules and active widgets.
- Role-based access control restricts unauthorized actions, permitting only Guest access.
- System telemetry and data tables refresh correctly upon user interaction."
psw_care_dashboard,Psw Care Dashboard,ci,guest,/generated/psw-care-dashboard,created,No,Business workflow and domain data binding need verification; Authenticated browser and accessibility evidence is pending; No domain API is linked to this page,,GET /v1/governance/workspace,"- The Psw Care Dashboard route loads successfully within the Primecare Clinic workspace.
- The interface correctly displays all primary modules and active widgets.
- Role-based access control restricts unauthorized actions, permitting only Guest access.
- System telemetry and data tables refresh correctly upon user interaction."
psw_daily_notes,Psw Daily Notes,ci,guest,/generated/psw-daily-notes,created,No,Business workflow and domain data binding need verification; Authenticated browser and accessibility evidence is pending; No domain API is linked to this page,,GET /v1/governance/workspace,"- The Psw Daily Notes route loads successfully within the Primecare Clinic workspace.
- The interface correctly displays all primary modules and active widgets.
- Role-based access control restricts unauthorized actions, permitting only Guest access.
- System telemetry and data tables refresh correctly upon user interaction."
psw_messaging,Psw Messaging,ci,guest,/generated/psw-messaging,created,No,Business workflow and domain data binding need verification; Authenticated browser and accessibility evidence is pending; No domain API is linked to this page,,GET /v1/governance/workspace,"- The Psw Messaging route loads successfully within the Primecare Clinic workspace.
- The interface correctly displays all primary modules and active widgets.
- Role-based access control restricts unauthorized actions, permitting only Guest access.
- System telemetry and data tables refresh correctly upon user interaction."
psw_my_clients,Psw My Clients,ci,guest,/generated/psw-my-clients,created,No,Business workflow and domain data binding need verification; Authenticated browser and accessibility evidence is pending; No domain API is linked to this page,,GET /v1/governance/workspace,"- The Psw My Clients route loads successfully within the Primecare Clinic workspace.
- The interface correctly displays all primary modules and active widgets.
- Role-based access control restricts unauthorized actions, permitting only Guest access.
- System telemetry and data tables refresh correctly upon user interaction."
psw_task_list,Psw Task List,ci,guest,/generated/psw-task-list,created,No,Business workflow and domain data binding need verification; Authenticated browser and accessibility evidence is pending; No domain API is linked to this page,,GET /v1/governance/workspace,"- The Psw Task List route loads successfully within the Primecare Clinic workspace.
- The interface correctly displays all primary modules and active widgets.
- Role-based access control restricts unauthorized actions, permitting only Guest access.
- System telemetry and data tables refresh correctly upon user interaction."
rn_charting,Rn Charting,ci,guest,/generated/rn-charting,created,No,Business workflow and domain data binding need verification; Authenticated browser and accessibility evidence is pending; No domain API is linked to this page,,GET /v1/governance/workspace,"- The Rn Charting route loads successfully within the Primecare Clinic workspace.
- The interface correctly displays all primary modules and active widgets.
- Role-based access control restricts unauthorized actions, permitting only Guest access.
- System telemetry and data tables refresh correctly upon user interaction."
rn_messaging,Rn Messaging,ci,guest,/generated/rn-messaging,created,No,Business workflow and domain data binding need verification; Authenticated browser and accessibility evidence is pending; No domain API is linked to this page,,GET /v1/governance/workspace,"- The Rn Messaging route loads successfully within the Primecare Clinic workspace.
- The interface correctly displays all primary modules and active widgets.
- Role-based access control restricts unauthorized actions, permitting only Guest access.
- System telemetry and data tables refresh correctly upon user interaction."
clinic_history_logs,Clinic History Logs,ci,guest,/generated/clinic-history-logs,created,No,Business workflow and domain data binding need verification; Authenticated browser and accessibility evidence is pending; No domain API is linked to this page,,GET /v1/governance/workspace,"- The Clinic History Logs route loads successfully within the Primecare Clinic workspace.
- The interface correctly displays all primary modules and active widgets.
- Role-based access control restricts unauthorized actions, permitting only Guest access.
- System telemetry and data tables refresh correctly upon user interaction."
clinic_incident_report,Clinic Incident Report,ci,guest,/generated/clinic-incident-report,created,No,Business workflow and domain data binding need verification; Authenticated browser and accessibility evidence is pending; No domain API is linked to this page,,GET /v1/governance/workspace,"- The Clinic Incident Report route loads successfully within the Primecare Clinic workspace.
- The interface correctly displays all primary modules and active widgets.
- Role-based access control restricts unauthorized actions, permitting only Guest access.
- System telemetry and data tables refresh correctly upon user interaction."
ceo_alerts_and_risks,Ceo Alerts And Risks,co,ceo,/offices/corporate/roles/ceo/alerts-and-risks,created,No,Business workflow and domain data binding need verification; Authenticated browser and accessibility evidence is pending; No domain API is linked to this page,,GET /v1/governance/workspace,"- The Ceo Alerts And Risks route loads successfully within the Primecare Clinic workspace.
- The interface correctly displays all primary modules and active widgets.
- Role-based access control restricts unauthorized actions, permitting only Guest access.
- System telemetry and data tables refresh correctly upon user interaction."
ceo_approvals,Ceo Approvals,co,ceo,/offices/corporate/roles/ceo/approvals,created,No,Business workflow and domain data binding need verification; Authenticated browser and accessibility evidence is pending; No domain API is linked to this page,,GET /v1/governance/workspace,"- The Ceo Approvals route loads successfully within the Primecare Clinic workspace.
- The interface correctly displays all primary modules and active widgets.
- Role-based access control restricts unauthorized actions, permitting only Guest access.
- System telemetry and data tables refresh correctly upon user interaction."
ceo_dashboard,Ceo Dashboard,co,ceo,/offices/corporate/roles/ceo/dashboard,created,No,Business workflow and domain data binding need verification; Authenticated browser and accessibility evidence is pending,,GET /v1/admin/users; GET /v1/admin/users; POST /v1/admin/users; GET /v1/admin/users/audit; GET /v1/admin/users/creation-audit; GET /v1/admin/users/{userId}; DELETE /v1/admin/users/{userId}/sessions; GET /v1/admin/users/{userId}/sessions; POST /v1/auth/register; GET /v1/governance/overview; GET /v1/governance/workspace,CEO route requires authentication and CEO authorization; account access uses the existing protected account route; missing business data never displays fake success or production-ready claims.
ceo_enterprise_overview,Ceo Enterprise Overview,co,ceo,/offices/corporate/roles/ceo/enterprise-overview,created,No,Business workflow and domain data binding need verification; Authenticated browser and accessibility evidence is pending; No domain API is linked to this page,,GET /v1/governance/workspace,"- The Ceo Enterprise Overview route loads successfully within the Primecare Clinic workspace.
- The interface correctly displays all primary modules and active widgets.
- Role-based access control restricts unauthorized actions, permitting only Guest access.
- System telemetry and data tables refresh correctly upon user interaction."
ceo_franchise_overview,Ceo Franchise Overview,co,ceo,/offices/corporate/roles/ceo/franchise-overview,created,No,Business workflow and domain data binding need verification; Authenticated browser and accessibility evidence is pending; No domain API is linked to this page,,GET /v1/governance/workspace,"- The Ceo Franchise Overview route loads successfully within the Primecare Clinic workspace.
- The interface correctly displays all primary modules and active widgets.
- Role-based access control restricts unauthorized actions, permitting only Guest access.
- System telemetry and data tables refresh correctly upon user interaction."
ceo_growth_pipeline,Ceo Growth Pipeline,co,ceo,/offices/corporate/roles/ceo/growth-pipeline,created,No,Business workflow and domain data binding need verification; Authenticated browser and accessibility evidence is pending; No domain API is linked to this page,,GET /v1/governance/workspace,"- The Ceo Growth Pipeline route loads successfully within the Primecare Clinic workspace.
- The interface correctly displays all primary modules and active widgets.
- Role-based access control restricts unauthorized actions, permitting only Guest access.
- System telemetry and data tables refresh correctly upon user interaction."
ceo_leadership_reports,Ceo Leadership Reports,co,ceo,/offices/corporate/roles/ceo/leadership-reports,created,No,Business workflow and domain data binding need verification; Authenticated browser and accessibility evidence is pending; No domain API is linked to this page,,GET /v1/governance/workspace,"- The Ceo Leadership Reports route loads successfully within the Primecare Clinic workspace.
- The interface correctly displays all primary modules and active widgets.
- Role-based access control restricts unauthorized actions, permitting only Guest access.
- System telemetry and data tables refresh correctly upon user interaction."
ceo_organization_map,Ceo Organization Map,co,ceo,/offices/corporate/roles/ceo/organization-map,created,No,Business workflow and domain data binding need verification; Authenticated browser and accessibility evidence is pending,,GET /v1/governance/organization-map; GET /v1/governance/workspace,"- The Ceo Organization Map route loads successfully within the Primecare Clinic workspace.
- The interface correctly displays all primary modules and active widgets.
- Role-based access control restricts unauthorized actions, permitting only Guest access.
- System telemetry and data tables refresh correctly upon user interaction."
ceo_region_performance,Ceo Region Performance,co,ceo,/offices/corporate/roles/ceo/region-performance,created,No,Business workflow and domain data binding need verification; Authenticated browser and accessibility evidence is pending; No domain API is linked to this page,,GET /v1/governance/workspace,"- The Ceo Region Performance route loads successfully within the Primecare Clinic workspace.
- The interface correctly displays all primary modules and active widgets.
- Role-based access control restricts unauthorized actions, permitting only Guest access.
- System telemetry and data tables refresh correctly upon user interaction."
ceo_reports,Ceo Reports,co,ceo,/offices/corporate/roles/ceo/reports,created,No,Business workflow and domain data binding need verification; Authenticated browser and accessibility evidence is pending; No domain API is linked to this page,,GET /v1/governance/workspace,"- The Ceo Reports route loads successfully within the Primecare Clinic workspace.
- The interface correctly displays all primary modules and active widgets.
- Role-based access control restricts unauthorized actions, permitting only Guest access.
- System telemetry and data tables refresh correctly upon user interaction."
ceo_revenue_summary,Ceo Revenue Summary,co,ceo,/offices/corporate/roles/ceo/revenue-summary,created,No,Business workflow and domain data binding need verification; Authenticated browser and accessibility evidence is pending; No domain API is linked to this page,,GET /v1/governance/workspace,"- The Ceo Revenue Summary route loads successfully within the Primecare Clinic workspace.
- The interface correctly displays all primary modules and active widgets.
- Role-based access control restricts unauthorized actions, permitting only Guest access.
- System telemetry and data tables refresh correctly upon user interaction."
ceo_strategic_kpis,Ceo Strategic Kpis,co,ceo,/offices/corporate/roles/ceo/strategic-kpis,created,No,Business workflow and domain data binding need verification; Authenticated browser and accessibility evidence is pending; No domain API is linked to this page,,GET /v1/governance/workspace,"- The Ceo Strategic Kpis route loads successfully within the Primecare Clinic workspace.
- The interface correctly displays all primary modules and active widgets.
- Role-based access control restricts unauthorized actions, permitting only Guest access.
- System telemetry and data tables refresh correctly upon user interaction."
cfo_accounts_payable,Cfo Accounts Payable,co,cfo,/offices/corporate/roles/cfo/accounts-payable,created,No,Business workflow and domain data binding need verification; Authenticated browser and accessibility evidence is pending; No domain API is linked to this page,,GET /v1/governance/workspace,"- The Cfo Accounts Payable route loads successfully within the Primecare Clinic workspace.
- The interface correctly displays all primary modules and active widgets.
- Role-based access control restricts unauthorized actions, permitting only Guest access.
- System telemetry and data tables refresh correctly upon user interaction."
cfo_accounts_receivable,Cfo Accounts Receivable,co,cfo,/offices/corporate/roles/cfo/accounts-receivable,created,No,Business workflow and domain data binding need verification; Authenticated browser and accessibility evidence is pending; No domain API is linked to this page,,GET /v1/governance/workspace,"- The Cfo Accounts Receivable route loads successfully within the Primecare Clinic workspace.
- The interface correctly displays all primary modules and active widgets.
- Role-based access control restricts unauthorized actions, permitting only Guest access.
- System telemetry and data tables refresh correctly upon user interaction."
cfo_financial_overview,Cfo Financial Overview,co,cfo,/offices/corporate/roles/cfo/financial-overview,created,No,Business workflow and domain data binding need verification; Authenticated browser and accessibility evidence is pending; No domain API is linked to this page,,GET /v1/governance/workspace,"- The Cfo Financial Overview route loads successfully within the Primecare Clinic workspace.
- The interface correctly displays all primary modules and active widgets.
- Role-based access control restricts unauthorized actions, permitting only Guest access.
- System telemetry and data tables refresh correctly upon user interaction."
cfo_franchise_financials,Cfo Franchise Financials,co,cfo,/offices/corporate/roles/cfo/franchise-financials,created,No,Business workflow and domain data binding need verification; Authenticated browser and accessibility evidence is pending; No domain API is linked to this page,,GET /v1/governance/workspace,"- The Cfo Franchise Financials route loads successfully within the Primecare Clinic workspace.
- The interface correctly displays all primary modules and active widgets.
- Role-based access control restricts unauthorized actions, permitting only Guest access.
- System telemetry and data tables refresh correctly upon user interaction."
cfo_reports,Cfo Reports,co,cfo,/offices/corporate/roles/cfo/reports,created,No,Business workflow and domain data binding need verification; Authenticated browser and accessibility evidence is pending; No domain API is linked to this page,,GET /v1/governance/workspace,"- The Cfo Reports route loads successfully within the Primecare Clinic workspace.
- The interface correctly displays all primary modules and active widgets.
- Role-based access control restricts unauthorized actions, permitting only Guest access.
- System telemetry and data tables refresh correctly upon user interaction."
cfo_tax_and_remittance,Cfo Tax And Remittance,co,cfo,/offices/corporate/roles/cfo/tax-and-remittance,created,No,Business workflow and domain data binding need verification; Authenticated browser and accessibility evidence is pending; No domain API is linked to this page,,GET /v1/governance/workspace,"- The Cfo Tax And Remittance route loads successfully within the Primecare Clinic workspace.
- The interface correctly displays all primary modules and active widgets.
- Role-based access control restricts unauthorized actions, permitting only Guest access.
- System telemetry and data tables refresh correctly upon user interaction."
audits,Audits,ci,guest,/offices/corporate/roles/compliance_manager/audits,created,No,Business workflow and domain data binding need verification; Authenticated browser and accessibility evidence is pending; No domain API is linked to this page,,GET /v1/governance/workspace,"- The Audits route loads successfully within the Primecare Clinic workspace.
- The interface correctly displays all primary modules and active widgets.
- Role-based access control restricts unauthorized actions, permitting only Guest access.
- System telemetry and data tables refresh correctly upon user interaction."
compliance_cases,Compliance Cases,ci,guest,/offices/corporate/roles/compliance_manager/compliance-cases,created,No,Business workflow and domain data binding need verification; Authenticated browser and accessibility evidence is pending; No domain API is linked to this page,,GET /v1/governance/workspace,"- The Compliance Cases route loads successfully within the Primecare Clinic workspace.
- The interface correctly displays all primary modules and active widgets.
- Role-based access control restricts unauthorized actions, permitting only Guest access.
- System telemetry and data tables refresh correctly upon user interaction."
compliance_reports,Compliance Reports,ci,guest,/generated/compliance-reports,created,No,Business workflow and domain data binding need verification; Authenticated browser and accessibility evidence is pending; No domain API is linked to this page,,GET /v1/governance/workspace,"- The Compliance Reports route loads successfully within the Primecare Clinic workspace.
- The interface correctly displays all primary modules and active widgets.
- Role-based access control restricts unauthorized actions, permitting only Guest access.
- System telemetry and data tables refresh correctly upon user interaction."
corrective_actions,Corrective Actions,ci,guest,/offices/corporate/roles/compliance_manager/corrective-actions,created,No,Business workflow and domain data binding need verification; Authenticated browser and accessibility evidence is pending; No domain API is linked to this page,,GET /v1/governance/workspace,"- The Corrective Actions route loads successfully within the Primecare Clinic workspace.
- The interface correctly displays all primary modules and active widgets.
- Role-based access control restricts unauthorized actions, permitting only Guest access.
- System telemetry and data tables refresh correctly upon user interaction."
credential_tracking,Credential Tracking,ci,guest,/offices/corporate/roles/compliance_manager/credential-tracking,created,No,Business workflow and domain data binding need verification; Authenticated browser and accessibility evidence is pending; No domain API is linked to this page,,GET /v1/governance/workspace,"- The Credential Tracking route loads successfully within the Primecare Clinic workspace.
- The interface correctly displays all primary modules and active widgets.
- Role-based access control restricts unauthorized actions, permitting only Guest access.
- System telemetry and data tables refresh correctly upon user interaction."
document_expiry,Document Expiry,ci,guest,/offices/corporate/roles/compliance_manager/document-expiry,created,No,Business workflow and domain data binding need verification; Authenticated browser and accessibility evidence is pending; No domain API is linked to this page,,GET /v1/governance/workspace,"- The Document Expiry route loads successfully within the Primecare Clinic workspace.
- The interface correctly displays all primary modules and active widgets.
- Role-based access control restricts unauthorized actions, permitting only Guest access.
- System telemetry and data tables refresh correctly upon user interaction."
policies,Policies,ci,guest,/offices/corporate/roles/compliance_manager/policies,created,No,Business workflow and domain data binding need verification; Authenticated browser and accessibility evidence is pending; No domain API is linked to this page,,GET /v1/governance/workspace,"- The Policies route loads successfully within the Primecare Clinic workspace.
- The interface correctly displays all primary modules and active widgets.
- Role-based access control restricts unauthorized actions, permitting only Guest access.
- System telemetry and data tables refresh correctly upon user interaction."
risk_register,Risk Register,ci,guest,/offices/corporate/roles/compliance_manager/risk-register,created,No,Business workflow and domain data binding need verification; Authenticated browser and accessibility evidence is pending; No domain API is linked to this page,,GET /v1/governance/workspace,"- The Risk Register route loads successfully within the Primecare Clinic workspace.
- The interface correctly displays all primary modules and active widgets.
- Role-based access control restricts unauthorized actions, permitting only Guest access.
- System telemetry and data tables refresh correctly upon user interaction."
training_compliance,Training Compliance,ci,guest,/offices/corporate/roles/compliance_manager/training-compliance,created,No,Business workflow and domain data binding need verification; Authenticated browser and accessibility evidence is pending; No domain API is linked to this page,,GET /v1/governance/workspace,"- The Training Compliance route loads successfully within the Primecare Clinic workspace.
- The interface correctly displays all primary modules and active widgets.
- Role-based access control restricts unauthorized actions, permitting only Guest access.
- System telemetry and data tables refresh correctly upon user interaction."
coo_branch_operations,Coo Branch Operations,co,coo,/offices/corporate/roles/coo/branch-operations,created,No,Business workflow and domain data binding need verification; Authenticated browser and accessibility evidence is pending; No domain API is linked to this page,,GET /v1/governance/workspace,"- The Coo Branch Operations route loads successfully within the Primecare Clinic workspace.
- The interface correctly displays all primary modules and active widgets.
- Role-based access control restricts unauthorized actions, permitting only Guest access.
- System telemetry and data tables refresh correctly upon user interaction."
coo_issue_escalations,Coo Issue Escalations,co,coo,/offices/corporate/roles/coo/issue-escalations,created,No,Business workflow and domain data binding need verification; Authenticated browser and accessibility evidence is pending; No domain API is linked to this page,,GET /v1/governance/workspace,"- The Coo Issue Escalations route loads successfully within the Primecare Clinic workspace.
- The interface correctly displays all primary modules and active widgets.
- Role-based access control restricts unauthorized actions, permitting only Guest access.
- System telemetry and data tables refresh correctly upon user interaction."
coo_reports,Coo Reports,co,coo,/offices/corporate/roles/coo/reports,created,No,Business workflow and domain data binding need verification; Authenticated browser and accessibility evidence is pending; No domain API is linked to this page,,GET /v1/governance/workspace,"- The Coo Reports route loads successfully within the Primecare Clinic workspace.
- The interface correctly displays all primary modules and active widgets.
- Role-based access control restricts unauthorized actions, permitting only Guest access.
- System telemetry and data tables refresh correctly upon user interaction."
coo_service_delivery,Coo Service Delivery,co,coo,/offices/corporate/roles/coo/service-delivery,created,No,Business workflow and domain data binding need verification; Authenticated browser and accessibility evidence is pending; No domain API is linked to this page,,GET /v1/governance/workspace,"- The Coo Service Delivery route loads successfully within the Primecare Clinic workspace.
- The interface correctly displays all primary modules and active widgets.
- Role-based access control restricts unauthorized actions, permitting only Guest access.
- System telemetry and data tables refresh correctly upon user interaction."
coo_staffing_efficiency,Coo Staffing Efficiency,co,coo,/offices/corporate/roles/coo/staffing-efficiency,created,No,Business workflow and domain data binding need verification; Authenticated browser and accessibility evidence is pending; No domain API is linked to this page,,GET /v1/governance/workspace,"- The Coo Staffing Efficiency route loads successfully within the Primecare Clinic workspace.
- The interface correctly displays all primary modules and active widgets.
- Role-based access control restricts unauthorized actions, permitting only Guest access.
- System telemetry and data tables refresh correctly upon user interaction."
coo_workflow_performance,Coo Workflow Performance,co,coo,/offices/corporate/roles/coo/workflow-performance,created,No,Business workflow and domain data binding need verification; Authenticated browser and accessibility evidence is pending; No domain API is linked to this page,,GET /v1/governance/workspace,"- The Coo Workflow Performance route loads successfully within the Primecare Clinic workspace.
- The interface correctly displays all primary modules and active widgets.
- Role-based access control restricts unauthorized actions, permitting only Guest access.
- System telemetry and data tables refresh correctly upon user interaction."
compliance_manager_audits,Compliance Manager Audits,ci,guest,/generated/compliance-manager-audits,created,No,Business workflow and domain data binding need verification; Authenticated browser and accessibility evidence is pending; No domain API is linked to this page,,GET /v1/governance/workspace,"- The Compliance Manager Audits route loads successfully within the Primecare Clinic workspace.
- The interface correctly displays all primary modules and active widgets.
- Role-based access control restricts unauthorized actions, permitting only Guest access.
- System telemetry and data tables refresh correctly upon user interaction."
compliance_manager_compliance_cases,Compliance Manager Compliance Cases,ci,guest,/generated/compliance-manager-compliance-cases,created,No,Business workflow and domain data binding need verification; Authenticated browser and accessibility evidence is pending; No domain API is linked to this page,,GET /v1/governance/workspace,"- The Compliance Manager Compliance Cases route loads successfully within the Primecare Clinic workspace.
- The interface correctly displays all primary modules and active widgets.
- Role-based access control restricts unauthorized actions, permitting only Guest access.
- System telemetry and data tables refresh correctly upon user interaction."
compliance_manager_corrective_actions,Compliance Manager Corrective Actions,ci,guest,/generated/compliance-manager-corrective-actions,created,No,Business workflow and domain data binding need verification; Authenticated browser and accessibility evidence is pending; No domain API is linked to this page,,GET /v1/governance/workspace,"- The Compliance Manager Corrective Actions route loads successfully within the Primecare Clinic workspace.
- The interface correctly displays all primary modules and active widgets.
- Role-based access control restricts unauthorized actions, permitting only Guest access.
- System telemetry and data tables refresh correctly upon user interaction."
compliance_manager_credential_tracking,Compliance Manager Credential Tracking,ci,guest,/generated/compliance-manager-credential-tracking,created,No,Business workflow and domain data binding need verification; Authenticated browser and accessibility evidence is pending; No domain API is linked to this page,,GET /v1/governance/workspace,"- The Compliance Manager Credential Tracking route loads successfully within the Primecare Clinic workspace.
- The interface correctly displays all primary modules and active widgets.
- Role-based access control restricts unauthorized actions, permitting only Guest access.
- System telemetry and data tables refresh correctly upon user interaction."
compliance_manager_document_expiry,Compliance Manager Document Expiry,ci,guest,/generated/compliance-manager-document-expiry,created,No,Business workflow and domain data binding need verification; Authenticated browser and accessibility evidence is pending; No domain API is linked to this page,,GET /v1/governance/workspace,"- The Compliance Manager Document Expiry route loads successfully within the Primecare Clinic workspace.
- The interface correctly displays all primary modules and active widgets.
- Role-based access control restricts unauthorized actions, permitting only Guest access.
- System telemetry and data tables refresh correctly upon user interaction."
compliance_manager_incident_review,Compliance Manager Incident Review,ci,guest,/offices/corporate/roles/compliance_manager/incident-review,created,No,Business workflow and domain data binding need verification; Authenticated browser and accessibility evidence is pending; No domain API is linked to this page,,GET /v1/governance/workspace,"- The Compliance Manager Incident Review route loads successfully within the Primecare Clinic workspace.
- The interface correctly displays all primary modules and active widgets.
- Role-based access control restricts unauthorized actions, permitting only Guest access.
- System telemetry and data tables refresh correctly upon user interaction."
compliance_manager_policies,Compliance Manager Policies,ci,guest,/generated/compliance-manager-policies,created,No,Business workflow and domain data binding need verification; Authenticated browser and accessibility evidence is pending; No domain API is linked to this page,,GET /v1/governance/workspace,"- The Compliance Manager Policies route loads successfully within the Primecare Clinic workspace.
- The interface correctly displays all primary modules and active widgets.
- Role-based access control restricts unauthorized actions, permitting only Guest access.
- System telemetry and data tables refresh correctly upon user interaction."
compliance_manager_reports,Compliance Manager Reports,ci,guest,/offices/corporate/roles/compliance_manager/reports,created,No,Business workflow and domain data binding need verification; Authenticated browser and accessibility evidence is pending; No domain API is linked to this page,,GET /v1/governance/workspace,"- The Compliance Manager Reports route loads successfully within the Primecare Clinic workspace.
- The interface correctly displays all primary modules and active widgets.
- Role-based access control restricts unauthorized actions, permitting only Guest access.
- System telemetry and data tables refresh correctly upon user interaction."
compliance_manager_risk_register,Compliance Manager Risk Register,ci,guest,/generated/compliance-manager-risk-register,created,No,Business workflow and domain data binding need verification; Authenticated browser and accessibility evidence is pending; No domain API is linked to this page,,GET /v1/governance/workspace,"- The Compliance Manager Risk Register route loads successfully within the Primecare Clinic workspace.
- The interface correctly displays all primary modules and active widgets.
- Role-based access control restricts unauthorized actions, permitting only Guest access.
- System telemetry and data tables refresh correctly upon user interaction."
compliance_manager_training_compliance,Compliance Manager Training Compliance,ci,guest,/generated/compliance-manager-training-compliance,created,No,Business workflow and domain data binding need verification; Authenticated browser and accessibility evidence is pending; No domain API is linked to this page,,GET /v1/governance/workspace,"- The Compliance Manager Training Compliance route loads successfully within the Primecare Clinic workspace.
- The interface correctly displays all primary modules and active widgets.
- Role-based access control restricts unauthorized actions, permitting only Guest access.
- System telemetry and data tables refresh correctly upon user interaction."
cto_access_control,Cto Access Control,co,cto,/offices/corporate/roles/cto/access-control,created,No,Business workflow and domain data binding need verification; Authenticated browser and accessibility evidence is pending; No domain API is linked to this page,,GET /v1/governance/workspace,"- The Cto Access Control route loads successfully within the Primecare Clinic workspace.
- The interface correctly displays all primary modules and active widgets.
- Role-based access control restricts unauthorized actions, permitting only Guest access.
- System telemetry and data tables refresh correctly upon user interaction."
cto_api_monitoring,Cto Api Monitoring,co,cto,/offices/corporate/roles/cto/api-monitoring,created,No,Business workflow and domain data binding need verification; Authenticated browser and accessibility evidence is pending; No domain API is linked to this page,,GET /v1/governance/workspace,"- The Cto Api Monitoring route loads successfully within the Primecare Clinic workspace.
- The interface correctly displays all primary modules and active widgets.
- Role-based access control restricts unauthorized actions, permitting only Guest access.
- System telemetry and data tables refresh correctly upon user interaction."
cto_audit_logs,Cto Audit Logs,co,cto,/offices/corporate/roles/cto/audit-logs,created,No,Business workflow and domain data binding need verification; Authenticated browser and accessibility evidence is pending; No domain API is linked to this page,,GET /v1/governance/workspace,"- The Cto Audit Logs route loads successfully within the Primecare Clinic workspace.
- The interface correctly displays all primary modules and active widgets.
- Role-based access control restricts unauthorized actions, permitting only Guest access.
- System telemetry and data tables refresh correctly upon user interaction."
cto_feature_adoption,Cto Feature Adoption,co,cto,/offices/corporate/roles/cto/feature-adoption,created,No,Business workflow and domain data binding need verification; Authenticated browser and accessibility evidence is pending; No domain API is linked to this page,,GET /v1/governance/workspace,"- The Cto Feature Adoption route loads successfully within the Primecare Clinic workspace.
- The interface correctly displays all primary modules and active widgets.
- Role-based access control restricts unauthorized actions, permitting only Guest access.
- System telemetry and data tables refresh correctly upon user interaction."
cto_infrastructure,Cto Infrastructure,co,cto,/offices/corporate/roles/cto/infrastructure,created,No,Business workflow and domain data binding need verification; Authenticated browser and accessibility evidence is pending; No domain API is linked to this page,,GET /v1/governance/workspace,"- The Cto Infrastructure route loads successfully within the Primecare Clinic workspace.
- The interface correctly displays all primary modules and active widgets.
- Role-based access control restricts unauthorized actions, permitting only Guest access.
- System telemetry and data tables refresh correctly upon user interaction."
cto_integrations,Cto Integrations,co,cto,/offices/corporate/roles/cto/integrations,created,No,Business workflow and domain data binding need verification; Authenticated browser and accessibility evidence is pending; No domain API is linked to this page,,GET /v1/governance/workspace,"- The Cto Integrations route loads successfully within the Primecare Clinic workspace.
- The interface correctly displays all primary modules and active widgets.
- Role-based access control restricts unauthorized actions, permitting only Guest access.
- System telemetry and data tables refresh correctly upon user interaction."
cto_issue_tracking,Cto Issue Tracking,co,cto,/offices/corporate/roles/cto/issue-tracking,created,No,Business workflow and domain data binding need verification; Authenticated browser and accessibility evidence is pending; No domain API is linked to this page,,GET /v1/governance/workspace,"- The Cto Issue Tracking route loads successfully within the Primecare Clinic workspace.
- The interface correctly displays all primary modules and active widgets.
- Role-based access control restricts unauthorized actions, permitting only Guest access.
- System telemetry and data tables refresh correctly upon user interaction."
cto_platform_usage,Cto Platform Usage,co,cto,/offices/corporate/roles/cto/platform-usage,created,No,Business workflow and domain data binding need verification; Authenticated browser and accessibility evidence is pending; No domain API is linked to this page,,GET /v1/governance/workspace,"- The Cto Platform Usage route loads successfully within the Primecare Clinic workspace.
- The interface correctly displays all primary modules and active widgets.
- Role-based access control restricts unauthorized actions, permitting only Guest access.
- System telemetry and data tables refresh correctly upon user interaction."
cto_release_management,Cto Release Management,co,cto,/offices/corporate/roles/cto/release-management,created,No,Business workflow and domain data binding need verification; Authenticated browser and accessibility evidence is pending; No domain API is linked to this page,,GET /v1/governance/workspace,"- The Cto Release Management route loads successfully within the Primecare Clinic workspace.
- The interface correctly displays all primary modules and active widgets.
- Role-based access control restricts unauthorized actions, permitting only Guest access.
- System telemetry and data tables refresh correctly upon user interaction."
cto_reports,Cto Reports,co,cto,/offices/corporate/roles/cto/reports,created,No,Business workflow and domain data binding need verification; Authenticated browser and accessibility evidence is pending; No domain API is linked to this page,,GET /v1/governance/workspace,"- The Cto Reports route loads successfully within the Primecare Clinic workspace.
- The interface correctly displays all primary modules and active widgets.
- Role-based access control restricts unauthorized actions, permitting only Guest access.
- System telemetry and data tables refresh correctly upon user interaction."
cto_system_health,Cto System Health,co,cto,/offices/corporate/roles/cto/system-health,created,No,Business workflow and domain data binding need verification; Authenticated browser and accessibility evidence is pending; No domain API is linked to this page,,GET /v1/governance/workspace,"- The Cto System Health route loads successfully within the Primecare Clinic workspace.
- The interface correctly displays all primary modules and active widgets.
- Role-based access control restricts unauthorized actions, permitting only Guest access.
- System telemetry and data tables refresh correctly upon user interaction."
cto_system_verification,Cto System Verification,co,cto,/offices/corporate/roles/cto/system-verification,created,No,Business workflow and domain data binding need verification; Authenticated browser and accessibility evidence is pending; No domain API is linked to this page,,GET /v1/governance/workspace,"- The Cto System Verification route loads successfully within the Primecare Clinic workspace.
- The interface correctly displays all primary modules and active widgets.
- Role-based access control restricts unauthorized actions, permitting only Guest access.
- System telemetry and data tables refresh correctly upon user interaction."
cto_verification_hub,Cto Verification Hub,co,cto,/offices/corporate/roles/cto/verification-hub,created,No,Business workflow and domain data binding need verification; Authenticated browser and accessibility evidence is pending; No domain API is linked to this page,,GET /v1/governance/workspace,"- The Cto Verification Hub route loads successfully within the Primecare Clinic workspace.
- The interface correctly displays all primary modules and active widgets.
- Role-based access control restricts unauthorized actions, permitting only Guest access.
- System telemetry and data tables refresh correctly upon user interaction."
finance_director_cashflow,Finance Director Cashflow,co,finance_director,/offices/corporate/roles/finance_director/cashflow,created,No,Business workflow and domain data binding need verification; Authenticated browser and accessibility evidence is pending; No domain API is linked to this page,,GET /v1/governance/workspace,"- The Finance Director Cashflow route loads successfully within the Primecare Clinic workspace.
- The interface correctly displays all primary modules and active widgets.
- Role-based access control restricts unauthorized actions, permitting only Guest access.
- System telemetry and data tables refresh correctly upon user interaction."
it_admin_dashboard,It Admin Dashboard,ci,guest,/offices/corporate/roles/it_admin/dashboard,created,No,Business workflow and domain data binding need verification; Authenticated browser and accessibility evidence is pending; No domain API is linked to this page,,GET /v1/governance/workspace,"- The It Admin Dashboard route loads successfully within the Primecare Clinic workspace.
- The interface correctly displays all primary modules and active widgets.
- Role-based access control restricts unauthorized actions, permitting only Guest access.
- System telemetry and data tables refresh correctly upon user interaction."
training_director_assessments,Training Director Assessments,co,training_director,/offices/corporate/roles/training_director/assessments,created,No,Business workflow and domain data binding need verification; Authenticated browser and accessibility evidence is pending; No domain API is linked to this page,,GET /v1/governance/workspace,"- The Training Director Assessments route loads successfully within the Primecare Clinic workspace.
- The interface correctly displays all primary modules and active widgets.
- Role-based access control restricts unauthorized actions, permitting only Guest access.
- System telemetry and data tables refresh correctly upon user interaction."
training_director_certificates,Training Director Certificates,co,training_director,/offices/corporate/roles/training_director/certificates,created,No,Business workflow and domain data binding need verification; Authenticated browser and accessibility evidence is pending; No domain API is linked to this page,,GET /v1/governance/workspace,"- The Training Director Certificates route loads successfully within the Primecare Clinic workspace.
- The interface correctly displays all primary modules and active widgets.
- Role-based access control restricts unauthorized actions, permitting only Guest access.
- System telemetry and data tables refresh correctly upon user interaction."
training_director_certifications,Training Director Certifications,co,training_director,/offices/corporate/roles/training_director/certifications,created,No,Business workflow and domain data binding need verification; Authenticated browser and accessibility evidence is pending; No domain API is linked to this page,,GET /v1/governance/workspace,"- The Training Director Certifications route loads successfully within the Primecare Clinic workspace.
- The interface correctly displays all primary modules and active widgets.
- Role-based access control restricts unauthorized actions, permitting only Guest access.
- System telemetry and data tables refresh correctly upon user interaction."
training_director_compliance_training,Training Director Compliance Training,co,training_director,/offices/corporate/roles/training_director/compliance-training,created,No,Business workflow and domain data binding need verification; Authenticated browser and accessibility evidence is pending; No domain API is linked to this page,,GET /v1/governance/workspace,"- The Training Director Compliance Training route loads successfully within the Primecare Clinic workspace.
- The interface correctly displays all primary modules and active widgets.
- Role-based access control restricts unauthorized actions, permitting only Guest access.
- System telemetry and data tables refresh correctly upon user interaction."
training_director_course_architect,Training Director Course Architect,co,training_director,/offices/corporate/roles/training_director/course-architect,created,No,Business workflow and domain data binding need verification; Authenticated browser and accessibility evidence is pending; No domain API is linked to this page,,GET /v1/governance/workspace,"- The Training Director Course Architect route loads successfully within the Primecare Clinic workspace.
- The interface correctly displays all primary modules and active widgets.
- Role-based access control restricts unauthorized actions, permitting only Guest access.
- System telemetry and data tables refresh correctly upon user interaction."
training_director_course_library,Training Director Course Library,co,training_director,/offices/corporate/roles/training_director/course-library,created,No,Business workflow and domain data binding need verification; Authenticated browser and accessibility evidence is pending; No domain API is linked to this page,,GET /v1/governance/workspace,"- The Training Director Course Library route loads successfully within the Primecare Clinic workspace.
- The interface correctly displays all primary modules and active widgets.
- Role-based access control restricts unauthorized actions, permitting only Guest access.
- System telemetry and data tables refresh correctly upon user interaction."
training_director_hub,Training Director Hub,co,training_director,/offices/corporate/roles/training_director/hub,created,No,Business workflow and domain data binding need verification; Authenticated browser and accessibility evidence is pending; No domain API is linked to this page,,GET /v1/governance/workspace,"- The Training Director Hub route loads successfully within the Primecare Clinic workspace.
- The interface correctly displays all primary modules and active widgets.
- Role-based access control restricts unauthorized actions, permitting only Guest access.
- System telemetry and data tables refresh correctly upon user interaction."
training_director_reports,Training Director Reports,co,training_director,/offices/corporate/roles/training_director/reports,created,No,Business workflow and domain data binding need verification; Authenticated browser and accessibility evidence is pending; No domain API is linked to this page,,GET /v1/governance/workspace,"- The Training Director Reports route loads successfully within the Primecare Clinic workspace.
- The interface correctly displays all primary modules and active widgets.
- Role-based access control restricts unauthorized actions, permitting only Guest access.
- System telemetry and data tables refresh correctly upon user interaction."
training_director_staff_training_matrix,Training Director Staff Training Matrix,co,training_director,/offices/corporate/roles/training_director/staff-training-matrix,created,No,Business workflow and domain data binding need verification; Authenticated browser and accessibility evidence is pending; No domain API is linked to this page,,GET /v1/governance/workspace,"- The Training Director Staff Training Matrix route loads successfully within the Primecare Clinic workspace.
- The interface correctly displays all primary modules and active widgets.
- Role-based access control restricts unauthorized actions, permitting only Guest access.
- System telemetry and data tables refresh correctly upon user interaction."
training_director_trainer_assignments,Training Director Trainer Assignments,co,training_director,/offices/corporate/roles/training_director/trainer-assignments,created,No,Business workflow and domain data binding need verification; Authenticated browser and accessibility evidence is pending; No domain API is linked to this page,,GET /v1/governance/workspace,"- The Training Director Trainer Assignments route loads successfully within the Primecare Clinic workspace.
- The interface correctly displays all primary modules and active widgets.
- Role-based access control restricts unauthorized actions, permitting only Guest access.
- System telemetry and data tables refresh correctly upon user interaction."
training_director_training_programs,Training Director Training Programs,co,training_director,/offices/corporate/roles/training_director/training-programs,created,No,Business workflow and domain data binding need verification; Authenticated browser and accessibility evidence is pending; No domain API is linked to this page,,GET /v1/governance/workspace,"- The Training Director Training Programs route loads successfully within the Primecare Clinic workspace.
- The interface correctly displays all primary modules and active widgets.
- Role-based access control restricts unauthorized actions, permitting only Guest access.
- System telemetry and data tables refresh correctly upon user interaction."
assessments,Assessments,ci,guest,/generated/assessments,created,No,Business workflow and domain data binding need verification; Authenticated browser and accessibility evidence is pending; No domain API is linked to this page,,GET /v1/governance/workspace,"- The Assessments route loads successfully within the Primecare Clinic workspace.
- The interface correctly displays all primary modules and active widgets.
- Role-based access control restricts unauthorized actions, permitting only Guest access.
- System telemetry and data tables refresh correctly upon user interaction."
certificates,Certificates,ci,guest,/generated/certificates,created,No,Business workflow and domain data binding need verification; Authenticated browser and accessibility evidence is pending; No domain API is linked to this page,,GET /v1/governance/workspace,"- The Certificates route loads successfully within the Primecare Clinic workspace.
- The interface correctly displays all primary modules and active widgets.
- Role-based access control restricts unauthorized actions, permitting only Guest access.
- System telemetry and data tables refresh correctly upon user interaction."
certifications,Certifications,ci,guest,/generated/certifications,created,No,Business workflow and domain data binding need verification; Authenticated browser and accessibility evidence is pending; No domain API is linked to this page,,GET /v1/governance/workspace,"- The Certifications route loads successfully within the Primecare Clinic workspace.
- The interface correctly displays all primary modules and active widgets.
- Role-based access control restricts unauthorized actions, permitting only Guest access.
- System telemetry and data tables refresh correctly upon user interaction."
compliance_training,Compliance Training,ci,guest,/generated/compliance-training,created,No,Business workflow and domain data binding need verification; Authenticated browser and accessibility evidence is pending; No domain API is linked to this page,,GET /v1/governance/workspace,"- The Compliance Training route loads successfully within the Primecare Clinic workspace.
- The interface correctly displays all primary modules and active widgets.
- Role-based access control restricts unauthorized actions, permitting only Guest access.
- System telemetry and data tables refresh correctly upon user interaction."
course_architect,Course Architect,ci,guest,/generated/course-architect,created,No,Business workflow and domain data binding need verification; Authenticated browser and accessibility evidence is pending; No domain API is linked to this page,,GET /v1/governance/workspace,"- The Course Architect route loads successfully within the Primecare Clinic workspace.
- The interface correctly displays all primary modules and active widgets.
- Role-based access control restricts unauthorized actions, permitting only Guest access.
- System telemetry and data tables refresh correctly upon user interaction."
course_library,Course Library,ci,guest,/generated/course-library,created,No,Business workflow and domain data binding need verification; Authenticated browser and accessibility evidence is pending; No domain API is linked to this page,,GET /v1/governance/workspace,"- The Course Library route loads successfully within the Primecare Clinic workspace.
- The interface correctly displays all primary modules and active widgets.
- Role-based access control restricts unauthorized actions, permitting only Guest access.
- System telemetry and data tables refresh correctly upon user interaction."
staff_training_matrix,Staff Training Matrix,ci,guest,/generated/staff-training-matrix,created,No,Business workflow and domain data binding need verification; Authenticated browser and accessibility evidence is pending; No domain API is linked to this page,,GET /v1/governance/workspace,"- The Staff Training Matrix route loads successfully within the Primecare Clinic workspace.
- The interface correctly displays all primary modules and active widgets.
- Role-based access control restricts unauthorized actions, permitting only Guest access.
- System telemetry and data tables refresh correctly upon user interaction."
trainer_assignments,Trainer Assignments,ci,guest,/generated/trainer-assignments,created,No,Business workflow and domain data binding need verification; Authenticated browser and accessibility evidence is pending; No domain API is linked to this page,,GET /v1/governance/workspace,"- The Trainer Assignments route loads successfully within the Primecare Clinic workspace.
- The interface correctly displays all primary modules and active widgets.
- Role-based access control restricts unauthorized actions, permitting only Guest access.
- System telemetry and data tables refresh correctly upon user interaction."
training_analytics,Training Analytics,ci,guest,/generated/training-analytics,created,No,Business workflow and domain data binding need verification; Authenticated browser and accessibility evidence is pending; No domain API is linked to this page,,GET /v1/governance/workspace,"- The Training Analytics route loads successfully within the Primecare Clinic workspace.
- The interface correctly displays all primary modules and active widgets.
- Role-based access control restricts unauthorized actions, permitting only Guest access.
- System telemetry and data tables refresh correctly upon user interaction."
training_hub,Training Hub,ci,guest,/generated/training-hub,created,No,Business workflow and domain data binding need verification; Authenticated browser and accessibility evidence is pending; No domain API is linked to this page,,GET /v1/governance/workspace,"- The Training Hub route loads successfully within the Primecare Clinic workspace.
- The interface correctly displays all primary modules and active widgets.
- Role-based access control restricts unauthorized actions, permitting only Guest access.
- System telemetry and data tables refresh correctly upon user interaction."
training_programs,Training Programs,ci,guest,/generated/training-programs,created,No,Business workflow and domain data binding need verification; Authenticated browser and accessibility evidence is pending; No domain API is linked to this page,,GET /v1/governance/workspace,"- The Training Programs route loads successfully within the Primecare Clinic workspace.
- The interface correctly displays all primary modules and active widgets.
- Role-based access control restricts unauthorized actions, permitting only Guest access.
- System telemetry and data tables refresh correctly upon user interaction."
training_reports,Training Reports,ci,guest,/generated/training-reports,created,No,Business workflow and domain data binding need verification; Authenticated browser and accessibility evidence is pending; No domain API is linked to this page,,GET /v1/governance/workspace,"- The Training Reports route loads successfully within the Primecare Clinic workspace.
- The interface correctly displays all primary modules and active widgets.
- Role-based access control restricts unauthorized actions, permitting only Guest access.
- System telemetry and data tables refresh correctly upon user interaction."
admin_claims,Admin Claims,fr,admin,/offices/franchise/roles/admin/claims,created,No,Business workflow and domain data binding need verification; Authenticated browser and accessibility evidence is pending; No domain API is linked to this page,,GET /v1/governance/workspace,"- The Admin Claims route loads successfully within the Primecare Clinic workspace.
- The interface correctly displays all primary modules and active widgets.
- Role-based access control restricts unauthorized actions, permitting only Guest access.
- System telemetry and data tables refresh correctly upon user interaction."
admin_dashboard,Admin Dashboard,fr,admin,/offices/franchise/roles/admin/dashboard,created,No,Business workflow and domain data binding need verification; Authenticated browser and accessibility evidence is pending; No domain API is linked to this page,,GET /v1/governance/workspace,"- The Admin Dashboard route loads successfully within the Primecare Clinic workspace.
- The interface correctly displays all primary modules and active widgets.
- Role-based access control restricts unauthorized actions, permitting only Guest access.
- System telemetry and data tables refresh correctly upon user interaction."
admin_invoices,Admin Invoices,fr,admin,/offices/franchise/roles/admin/invoices,created,No,Business workflow and domain data binding need verification; Authenticated browser and accessibility evidence is pending; No domain API is linked to this page,,GET /v1/governance/workspace,"- The Admin Invoices route loads successfully within the Primecare Clinic workspace.
- The interface correctly displays all primary modules and active widgets.
- Role-based access control restricts unauthorized actions, permitting only Guest access.
- System telemetry and data tables refresh correctly upon user interaction."
admin_outstanding_balances,Admin Outstanding Balances,fr,admin,/offices/franchise/roles/admin/outstanding-balances,created,No,Business workflow and domain data binding need verification; Authenticated browser and accessibility evidence is pending; No domain API is linked to this page,,GET /v1/governance/workspace,"- The Admin Outstanding Balances route loads successfully within the Primecare Clinic workspace.
- The interface correctly displays all primary modules and active widgets.
- Role-based access control restricts unauthorized actions, permitting only Guest access.
- System telemetry and data tables refresh correctly upon user interaction."
admin_payments,Admin Payments,fr,admin,/offices/franchise/roles/admin/payments,created,No,Business workflow and domain data binding need verification; Authenticated browser and accessibility evidence is pending; No domain API is linked to this page,,GET /v1/governance/workspace,"- The Admin Payments route loads successfully within the Primecare Clinic workspace.
- The interface correctly displays all primary modules and active widgets.
- Role-based access control restricts unauthorized actions, permitting only Guest access.
- System telemetry and data tables refresh correctly upon user interaction."
admin_reconciliation,Admin Reconciliation,fr,admin,/offices/franchise/roles/admin/reconciliation,created,No,Business workflow and domain data binding need verification; Authenticated browser and accessibility evidence is pending; No domain API is linked to this page,,GET /v1/governance/workspace,"- The Admin Reconciliation route loads successfully within the Primecare Clinic workspace.
- The interface correctly displays all primary modules and active widgets.
- Role-based access control restricts unauthorized actions, permitting only Guest access.
- System telemetry and data tables refresh correctly upon user interaction."
admin_refunds,Admin Refunds,fr,admin,/offices/franchise/roles/admin/refunds,created,No,Business workflow and domain data binding need verification; Authenticated browser and accessibility evidence is pending; No domain API is linked to this page,,GET /v1/governance/workspace,"- The Admin Refunds route loads successfully within the Primecare Clinic workspace.
- The interface correctly displays all primary modules and active widgets.
- Role-based access control restricts unauthorized actions, permitting only Guest access.
- System telemetry and data tables refresh correctly upon user interaction."
admin_reports,Admin Reports,fr,admin,/offices/franchise/roles/admin/reports,created,No,Business workflow and domain data binding need verification; Authenticated browser and accessibility evidence is pending; No domain API is linked to this page,,GET /v1/governance/workspace,"- The Admin Reports route loads successfully within the Primecare Clinic workspace.
- The interface correctly displays all primary modules and active widgets.
- Role-based access control restricts unauthorized actions, permitting only Guest access.
- System telemetry and data tables refresh correctly upon user interaction."
billing_admin_invoices,Billing Admin Invoices,ci,guest,/offices/franchise/roles/billing_admin/invoices,created,No,Business workflow and domain data binding need verification; Authenticated browser and accessibility evidence is pending; No domain API is linked to this page,,GET /v1/governance/workspace,"- The Billing Admin Invoices route loads successfully within the Primecare Clinic workspace.
- The interface correctly displays all primary modules and active widgets.
- Role-based access control restricts unauthorized actions, permitting only Guest access.
- System telemetry and data tables refresh correctly upon user interaction."
franchise_owner_dashboard,Franchise Owner Dashboard,ci,guest,/offices/franchise/roles/franchise_owner/dashboard,created,No,Business workflow and domain data binding need verification; Authenticated browser and accessibility evidence is pending; No domain API is linked to this page,,GET /v1/governance/workspace,"- The Franchise Owner Dashboard route loads successfully within the Primecare Clinic workspace.
- The interface correctly displays all primary modules and active widgets.
- Role-based access control restricts unauthorized actions, permitting only Guest access.
- System telemetry and data tables refresh correctly upon user interaction."
franchise_owner_financial_snapshot,Franchise Owner Financial Snapshot,ci,guest,/offices/franchise/roles/franchise_owner/financial-snapshot,created,No,Business workflow and domain data binding need verification; Authenticated browser and accessibility evidence is pending; No domain API is linked to this page,,GET /v1/governance/workspace,"- The Franchise Owner Financial Snapshot route loads successfully within the Primecare Clinic workspace.
- The interface correctly displays all primary modules and active widgets.
- Role-based access control restricts unauthorized actions, permitting only Guest access.
- System telemetry and data tables refresh correctly upon user interaction."
franchise_owner_hiring,Franchise Owner Hiring,ci,guest,/offices/franchise/roles/franchise_owner/hiring,created,No,Business workflow and domain data binding need verification; Authenticated browser and accessibility evidence is pending; No domain API is linked to this page,,GET /v1/governance/workspace,"- The Franchise Owner Hiring route loads successfully within the Primecare Clinic workspace.
- The interface correctly displays all primary modules and active widgets.
- Role-based access control restricts unauthorized actions, permitting only Guest access.
- System telemetry and data tables refresh correctly upon user interaction."
hr_hiring_reports,Hr Hiring Reports,fr,hr_hiring,/offices/franchise/roles/hr_hiring/reports,created,No,Business workflow and domain data binding need verification; Authenticated browser and accessibility evidence is pending; No domain API is linked to this page,,GET /v1/governance/workspace,"- The Hr Hiring Reports route loads successfully within the Primecare Clinic workspace.
- The interface correctly displays all primary modules and active widgets.
- Role-based access control restricts unauthorized actions, permitting only Guest access.
- System telemetry and data tables refresh correctly upon user interaction."
hr_hiring_staff_documents,Hr Hiring Staff Documents,fr,hr_hiring,/offices/franchise/roles/hr_hiring/staff-documents,created,No,Business workflow and domain data binding need verification; Authenticated browser and accessibility evidence is pending; No domain API is linked to this page,,GET /v1/governance/workspace,"- The Hr Hiring Staff Documents route loads successfully within the Primecare Clinic workspace.
- The interface correctly displays all primary modules and active widgets.
- Role-based access control restricts unauthorized actions, permitting only Guest access.
- System telemetry and data tables refresh correctly upon user interaction."
hr_hiring_training_status,Hr Hiring Training Status,fr,hr_hiring,/offices/franchise/roles/hr_hiring/training-status,created,No,Business workflow and domain data binding need verification; Authenticated browser and accessibility evidence is pending; No domain API is linked to this page,,GET /v1/governance/workspace,"- The Hr Hiring Training Status route loads successfully within the Primecare Clinic workspace.
- The interface correctly displays all primary modules and active widgets.
- Role-based access control restricts unauthorized actions, permitting only Guest access.
- System telemetry and data tables refresh correctly upon user interaction."
marketing_manager_campaigns,Marketing Manager Campaigns,ci,guest,/offices/franchise/roles/marketing_manager/campaigns,created,No,Business workflow and domain data binding need verification; Authenticated browser and accessibility evidence is pending; No domain API is linked to this page,,GET /v1/governance/workspace,"- The Marketing Manager Campaigns route loads successfully within the Primecare Clinic workspace.
- The interface correctly displays all primary modules and active widgets.
- Role-based access control restricts unauthorized actions, permitting only Guest access.
- System telemetry and data tables refresh correctly upon user interaction."
marketing_manager_dashboard,Marketing Manager Dashboard,ci,guest,/offices/franchise/roles/marketing_manager/dashboard,created,No,Business workflow and domain data binding need verification; Authenticated browser and accessibility evidence is pending; No domain API is linked to this page,,GET /v1/governance/workspace,"- The Marketing Manager Dashboard route loads successfully within the Primecare Clinic workspace.
- The interface correctly displays all primary modules and active widgets.
- Role-based access control restricts unauthorized actions, permitting only Guest access.
- System telemetry and data tables refresh correctly upon user interaction."
operations_manager_attendance,Operations Manager Attendance,ci,guest,/offices/franchise/roles/operations_manager/attendance,created,No,Business workflow and domain data binding need verification; Authenticated browser and accessibility evidence is pending; No domain API is linked to this page,,GET /v1/governance/workspace,"- The Operations Manager Attendance route loads successfully within the Primecare Clinic workspace.
- The interface correctly displays all primary modules and active widgets.
- Role-based access control restricts unauthorized actions, permitting only Guest access.
- System telemetry and data tables refresh correctly upon user interaction."
operations_manager_daily_operations,Operations Manager Daily Operations,ci,guest,/offices/franchise/roles/operations_manager/daily-operations,created,No,Business workflow and domain data binding need verification; Authenticated browser and accessibility evidence is pending; No domain API is linked to this page,,GET /v1/governance/workspace,"- The Operations Manager Daily Operations route loads successfully within the Primecare Clinic workspace.
- The interface correctly displays all primary modules and active widgets.
- Role-based access control restricts unauthorized actions, permitting only Guest access.
- System telemetry and data tables refresh correctly upon user interaction."
operations_manager_issues,Operations Manager Issues,ci,guest,/offices/franchise/roles/operations_manager/issues,created,No,Business workflow and domain data binding need verification; Authenticated browser and accessibility evidence is pending; No domain API is linked to this page,,GET /v1/governance/workspace,"- The Operations Manager Issues route loads successfully within the Primecare Clinic workspace.
- The interface correctly displays all primary modules and active widgets.
- Role-based access control restricts unauthorized actions, permitting only Guest access.
- System telemetry and data tables refresh correctly upon user interaction."
operations_manager_reports,Operations Manager Reports,ci,guest,/offices/franchise/roles/operations_manager/reports,created,No,Business workflow and domain data binding need verification; Authenticated browser and accessibility evidence is pending; No domain API is linked to this page,,GET /v1/governance/workspace,"- The Operations Manager Reports route loads successfully within the Primecare Clinic workspace.
- The interface correctly displays all primary modules and active widgets.
- Role-based access control restricts unauthorized actions, permitting only Guest access.
- System telemetry and data tables refresh correctly upon user interaction."
operations_manager_schedule,Operations Manager Schedule,ci,guest,/offices/franchise/roles/operations_manager/schedule,created,No,Business workflow and domain data binding need verification; Authenticated browser and accessibility evidence is pending; No domain API is linked to this page,,GET /v1/governance/workspace,"- The Operations Manager Schedule route loads successfully within the Primecare Clinic workspace.
- The interface correctly displays all primary modules and active widgets.
- Role-based access control restricts unauthorized actions, permitting only Guest access.
- System telemetry and data tables refresh correctly upon user interaction."
operations_manager_service_quality,Operations Manager Service Quality,ci,guest,/offices/franchise/roles/operations_manager/service-quality,created,No,Business workflow and domain data binding need verification; Authenticated browser and accessibility evidence is pending; No domain API is linked to this page,,GET /v1/governance/workspace,"- The Operations Manager Service Quality route loads successfully within the Primecare Clinic workspace.
- The interface correctly displays all primary modules and active widgets.
- Role-based access control restricts unauthorized actions, permitting only Guest access.
- System telemetry and data tables refresh correctly upon user interaction."
operations_manager_shifts,Operations Manager Shifts,ci,guest,/offices/franchise/roles/operations_manager/shifts,created,No,Business workflow and domain data binding need verification; Authenticated browser and accessibility evidence is pending; No domain API is linked to this page,,GET /v1/governance/workspace,"- The Operations Manager Shifts route loads successfully within the Primecare Clinic workspace.
- The interface correctly displays all primary modules and active widgets.
- Role-based access control restricts unauthorized actions, permitting only Guest access.
- System telemetry and data tables refresh correctly upon user interaction."
operations_manager_staff_coordination,Operations Manager Staff Coordination,ci,guest,/offices/franchise/roles/operations_manager/staff-coordination,created,No,Business workflow and domain data binding need verification; Authenticated browser and accessibility evidence is pending; No domain API is linked to this page,,GET /v1/governance/workspace,"- The Operations Manager Staff Coordination route loads successfully within the Primecare Clinic workspace.
- The interface correctly displays all primary modules and active widgets.
- Role-based access control restricts unauthorized actions, permitting only Guest access.
- System telemetry and data tables refresh correctly upon user interaction."
regional_manager_branch_comparison,Regional Manager Branch Comparison,ci,guest,/offices/franchise/roles/regional_manager/branch_comparison,created,No,Business workflow and domain data binding need verification; Authenticated browser and accessibility evidence is pending; No domain API is linked to this page,,GET /v1/governance/workspace,"- The Regional Manager Branch Comparison route loads successfully within the Primecare Clinic workspace.
- The interface correctly displays all primary modules and active widgets.
- Role-based access control restricts unauthorized actions, permitting only Guest access.
- System telemetry and data tables refresh correctly upon user interaction."
regional_manager_dashboard,Regional Manager Dashboard,ci,guest,/offices/franchise/roles/regional_manager/dashboard,created,No,Business workflow and domain data binding need verification; Authenticated browser and accessibility evidence is pending; No domain API is linked to this page,,GET /v1/governance/workspace,"- The Regional Manager Dashboard route loads successfully within the Primecare Clinic workspace.
- The interface correctly displays all primary modules and active widgets.
- Role-based access control restricts unauthorized actions, permitting only Guest access.
- System telemetry and data tables refresh correctly upon user interaction."
scheduler_coordinator_appointment_calendar,Scheduler Coordinator Appointment Calendar,ci,guest,/offices/franchise/roles/scheduler_coordinator/appointment-calendar,created,No,Business workflow and domain data binding need verification; Authenticated browser and accessibility evidence is pending; No domain API is linked to this page,,GET /v1/governance/workspace,"- The Scheduler Coordinator Appointment Calendar route loads successfully within the Primecare Clinic workspace.
- The interface correctly displays all primary modules and active widgets.
- Role-based access control restricts unauthorized actions, permitting only Guest access.
- System telemetry and data tables refresh correctly upon user interaction."
scheduler_coordinator_assignments,Scheduler Coordinator Assignments,ci,guest,/offices/franchise/roles/scheduler_coordinator/assignments,created,No,Business workflow and domain data binding need verification; Authenticated browser and accessibility evidence is pending; No domain API is linked to this page,,GET /v1/governance/workspace,"- The Scheduler Coordinator Assignments route loads successfully within the Primecare Clinic workspace.
- The interface correctly displays all primary modules and active widgets.
- Role-based access control restricts unauthorized actions, permitting only Guest access.
- System telemetry and data tables refresh correctly upon user interaction."
scheduler_coordinator_booking_requests,Scheduler Coordinator Booking Requests,ci,guest,/offices/franchise/roles/scheduler_coordinator/booking-requests,created,No,Business workflow and domain data binding need verification; Authenticated browser and accessibility evidence is pending; No domain API is linked to this page,,GET /v1/governance/workspace,"- The Scheduler Coordinator Booking Requests route loads successfully within the Primecare Clinic workspace.
- The interface correctly displays all primary modules and active widgets.
- Role-based access control restricts unauthorized actions, permitting only Guest access.
- System telemetry and data tables refresh correctly upon user interaction."
scheduler_coordinator_conflicts,Scheduler Coordinator Conflicts,ci,guest,/offices/franchise/roles/scheduler_coordinator/conflicts,created,No,Business workflow and domain data binding need verification; Authenticated browser and accessibility evidence is pending; No domain API is linked to this page,,GET /v1/governance/workspace,"- The Scheduler Coordinator Conflicts route loads successfully within the Primecare Clinic workspace.
- The interface correctly displays all primary modules and active widgets.
- Role-based access control restricts unauthorized actions, permitting only Guest access.
- System telemetry and data tables refresh correctly upon user interaction."
scheduler_coordinator_open_shifts,Scheduler Coordinator Open Shifts,ci,guest,/offices/franchise/roles/scheduler_coordinator/open-shifts,created,No,Business workflow and domain data binding need verification; Authenticated browser and accessibility evidence is pending; No domain API is linked to this page,,GET /v1/governance/workspace,"- The Scheduler Coordinator Open Shifts route loads successfully within the Primecare Clinic workspace.
- The interface correctly displays all primary modules and active widgets.
- Role-based access control restricts unauthorized actions, permitting only Guest access.
- System telemetry and data tables refresh correctly upon user interaction."
scheduler_coordinator_provider_availability,Scheduler Coordinator Provider Availability,ci,guest,/offices/franchise/roles/scheduler_coordinator/provider-availability,created,No,Business workflow and domain data binding need verification; Authenticated browser and accessibility evidence is pending; No domain API is linked to this page,,GET /v1/governance/workspace,"- The Scheduler Coordinator Provider Availability route loads successfully within the Primecare Clinic workspace.
- The interface correctly displays all primary modules and active widgets.
- Role-based access control restricts unauthorized actions, permitting only Guest access.
- System telemetry and data tables refresh correctly upon user interaction."
scheduler_coordinator_reports,Scheduler Coordinator Reports,ci,guest,/offices/franchise/roles/scheduler_coordinator/reports,created,No,Business workflow and domain data binding need verification; Authenticated browser and accessibility evidence is pending; No domain API is linked to this page,,GET /v1/governance/workspace,"- The Scheduler Coordinator Reports route loads successfully within the Primecare Clinic workspace.
- The interface correctly displays all primary modules and active widgets.
- Role-based access control restricts unauthorized actions, permitting only Guest access.
- System telemetry and data tables refresh correctly upon user interaction."
scheduler_coordinator_shift_calendar,Scheduler Coordinator Shift Calendar,ci,guest,/offices/franchise/roles/scheduler_coordinator/shift-calendar,created,No,Business workflow and domain data binding need verification; Authenticated browser and accessibility evidence is pending; No domain API is linked to this page,,GET /v1/governance/workspace,"- The Scheduler Coordinator Shift Calendar route loads successfully within the Primecare Clinic workspace.
- The interface correctly displays all primary modules and active widgets.
- Role-based access control restricts unauthorized actions, permitting only Guest access.
- System telemetry and data tables refresh correctly upon user interaction."
dynamic,Dynamic,ci,guest,/generated/dynamic,created,No,Business workflow and domain data binding need verification; Authenticated browser and accessibility evidence is pending; No domain API is linked to this page,,GET /v1/governance/workspace,"- The Dynamic route loads successfully within the Primecare Clinic workspace.
- The interface correctly displays all primary modules and active widgets.
- Role-based access control restricts unauthorized actions, permitting only Guest access.
- System telemetry and data tables refresh correctly upon user interaction."
blueprint_sandbox,Blueprint Sandbox,ci,guest,/generated/blueprint-sandbox,created,No,Business workflow and domain data binding need verification; Authenticated browser and accessibility evidence is pending; No domain API is linked to this page,,GET /v1/governance/workspace,"- The Blueprint Sandbox route loads successfully within the Primecare Clinic workspace.
- The interface correctly displays all primary modules and active widgets.
- Role-based access control restricts unauthorized actions, permitting only Guest access.
- System telemetry and data tables refresh correctly upon user interaction."
audit_sandbox,Audit Sandbox,ci,guest,/generated/audit-sandbox,created,No,Business workflow and domain data binding need verification; Authenticated browser and accessibility evidence is pending; No domain API is linked to this page,,GET /v1/governance/workspace,"- The Audit Sandbox route loads successfully within the Primecare Clinic workspace.
- The interface correctly displays all primary modules and active widgets.
- Role-based access control restricts unauthorized actions, permitting only Guest access.
- System telemetry and data tables refresh correctly upon user interaction."
no_access,No Access,ci,guest,/generated/no-access,created,No,Business workflow and domain data binding need verification; Authenticated browser and accessibility evidence is pending; No domain API is linked to this page,,GET /v1/governance/workspace,"- The No Access route loads successfully within the Primecare Clinic workspace.
- The interface correctly displays all primary modules and active widgets.
- Role-based access control restricts unauthorized actions, permitting only Guest access.
- System telemetry and data tables refresh correctly upon user interaction."
audit_log,Audit Log,ci,guest,/governance/audit,created,No,Business workflow and domain data binding need verification; Authenticated browser and accessibility evidence is pending; No domain API is linked to this page,,GET /v1/governance/workspace,"- The Audit Log route loads successfully within the Primecare Clinic workspace.
- The interface correctly displays all primary modules and active widgets.
- Role-based access control restricts unauthorized actions, permitting only Guest access.
- System telemetry and data tables refresh correctly upon user interaction."
monitoring,Monitoring,ci,guest,/governance/monitoring,created,No,Business workflow and domain data binding need verification; Authenticated browser and accessibility evidence is pending; No domain API is linked to this page,,GET /v1/governance/workspace,"- The Monitoring route loads successfully within the Primecare Clinic workspace.
- The interface correctly displays all primary modules and active widgets.
- Role-based access control restricts unauthorized actions, permitting only Guest access.
- System telemetry and data tables refresh correctly upon user interaction."
screen_status,Screen Status,ci,guest,/governance/screen-status,created,No,Business workflow and domain data binding need verification; Authenticated browser and accessibility evidence is pending; No domain API is linked to this page,,GET /v1/governance/workspace,"- The Screen Status route loads successfully within the Primecare Clinic workspace.
- The interface correctly displays all primary modules and active widgets.
- Role-based access control restricts unauthorized actions, permitting only Guest access.
- System telemetry and data tables refresh correctly upon user interaction."
ticket_center,Ticket Center,ci,guest,/governance/tickets,created,No,Business workflow and domain data binding need verification; Authenticated browser and accessibility evidence is pending; No domain API is linked to this page,,GET /v1/governance/workspace,"- The Ticket Center route loads successfully within the Primecare Clinic workspace.
- The interface correctly displays all primary modules and active widgets.
- Role-based access control restricts unauthorized actions, permitting only Guest access.
- System telemetry and data tables refresh correctly upon user interaction."
control_center,Control Center,ci,guest,/governance/control-center,created,No,Business workflow and domain data binding need verification; Authenticated browser and accessibility evidence is pending; No domain API is linked to this page,,GET /v1/governance/workspace,"- The Control Center route loads successfully within the Primecare Clinic workspace.
- The interface correctly displays all primary modules and active widgets.
- Role-based access control restricts unauthorized actions, permitting only Guest access.
- System telemetry and data tables refresh correctly upon user interaction."
governance_hud,Governance Hud,ci,guest,/governance/hud,created,No,Business workflow and domain data binding need verification; Authenticated browser and accessibility evidence is pending; No domain API is linked to this page,,GET /v1/governance/workspace,"- The Governance Hud route loads successfully within the Primecare Clinic workspace.
- The interface correctly displays all primary modules and active widgets.
- Role-based access control restricts unauthorized actions, permitting only Guest access.
- System telemetry and data tables refresh correctly upon user interaction."
growth_pipeline,Growth Pipeline,ci,guest,/generated/offices/corporate/roles/ceo/growth-pipeline,created,No,Business workflow and domain data binding need verification; Authenticated browser and accessibility evidence is pending; No domain API is linked to this page,,GET /v1/governance/workspace,"- The Growth Pipeline route loads successfully within the Primecare Clinic workspace.
- The interface correctly displays all primary modules and active widgets.
- Role-based access control restricts unauthorized actions, permitting only Guest access.
- System telemetry and data tables refresh correctly upon user interaction."
leadership_reports,Leadership Reports,ci,guest,/generated/offices/corporate/roles/ceo/leadership-reports,created,No,Business workflow and domain data binding need verification; Authenticated browser and accessibility evidence is pending; No domain API is linked to this page,,GET /v1/governance/workspace,"- The Leadership Reports route loads successfully within the Primecare Clinic workspace.
- The interface correctly displays all primary modules and active widgets.
- Role-based access control restricts unauthorized actions, permitting only Guest access.
- System telemetry and data tables refresh correctly upon user interaction."
proposals,Proposals,ci,guest,/proposals,created,No,Business workflow and domain data binding need verification; Authenticated browser and accessibility evidence is pending; No domain API is linked to this page,,GET /v1/governance/workspace,"- The Proposals route loads successfully within the Primecare Clinic workspace.
- The interface correctly displays all primary modules and active widgets.
- Role-based access control restricts unauthorized actions, permitting only Guest access.
- System telemetry and data tables refresh correctly upon user interaction."
regional_performance,Regional Performance,ci,guest,/generated/offices/corporate/roles/ceo/region-performance,created,No,Business workflow and domain data binding need verification; Authenticated browser and accessibility evidence is pending; No domain API is linked to this page,,GET /v1/governance/workspace,"- The Regional Performance route loads successfully within the Primecare Clinic workspace.
- The interface correctly displays all primary modules and active widgets.
- Role-based access control restricts unauthorized actions, permitting only Guest access.
- System telemetry and data tables refresh correctly upon user interaction."
audit_dashboard,Audit Dashboard,ci,guest,/generated/audit-dashboard,created,No,Business workflow and domain data binding need verification; Authenticated browser and accessibility evidence is pending; No domain API is linked to this page,,GET /v1/governance/workspace,"- The Audit Dashboard route loads successfully within the Primecare Clinic workspace.
- The interface correctly displays all primary modules and active widgets.
- Role-based access control restricts unauthorized actions, permitting only Guest access.
- System telemetry and data tables refresh correctly upon user interaction."
compliance_reviews,Compliance Reviews,ci,guest,/generated/compliance-reviews,created,No,Business workflow and domain data binding need verification; Authenticated browser and accessibility evidence is pending; No domain API is linked to this page,,GET /v1/governance/workspace,"- The Compliance Reviews route loads successfully within the Primecare Clinic workspace.
- The interface correctly displays all primary modules and active widgets.
- Role-based access control restricts unauthorized actions, permitting only Guest access.
- System telemetry and data tables refresh correctly upon user interaction."
incident_reports,Incident Reports,ci,guest,/generated/incident-reports,created,No,Business workflow and domain data binding need verification; Authenticated browser and accessibility evidence is pending; No domain API is linked to this page,,GET /v1/governance/workspace,"- The Incident Reports route loads successfully within the Primecare Clinic workspace.
- The interface correctly displays all primary modules and active widgets.
- Role-based access control restricts unauthorized actions, permitting only Guest access.
- System telemetry and data tables refresh correctly upon user interaction."
quality_metrics,Quality Metrics,ci,guest,/generated/quality-metrics,created,No,Business workflow and domain data binding need verification; Authenticated browser and accessibility evidence is pending; No domain API is linked to this page,,GET /v1/governance/workspace,"- The Quality Metrics route loads successfully within the Primecare Clinic workspace.
- The interface correctly displays all primary modules and active widgets.
- Role-based access control restricts unauthorized actions, permitting only Guest access.
- System telemetry and data tables refresh correctly upon user interaction."
clinical_reference,Clinical Reference,ci,guest,/governance/clinical-reference,created,No,Business workflow and domain data binding need verification; Authenticated browser and accessibility evidence is pending; No domain API is linked to this page,,GET /v1/governance/workspace,"- The Clinical Reference route loads successfully within the Primecare Clinic workspace.
- The interface correctly displays all primary modules and active widgets.
- Role-based access control restricts unauthorized actions, permitting only Guest access.
- System telemetry and data tables refresh correctly upon user interaction."
security_hub,Security Hub,ci,guest,/governance/device-security,created,No,Business workflow and domain data binding need verification; Authenticated browser and accessibility evidence is pending; No domain API is linked to this page,,GET /v1/governance/workspace,"- The Security Hub route loads successfully within the Primecare Clinic workspace.
- The interface correctly displays all primary modules and active widgets.
- Role-based access control restricts unauthorized actions, permitting only Guest access.
- System telemetry and data tables refresh correctly upon user interaction."
security_sentinel,Security Sentinel,ci,guest,/governance/security,created,No,Business workflow and domain data binding need verification; Authenticated browser and accessibility evidence is pending; No domain API is linked to this page,,GET /v1/governance/workspace,"- The Security Sentinel route loads successfully within the Primecare Clinic workspace.
- The interface correctly displays all primary modules and active widgets.
- Role-based access control restricts unauthorized actions, permitting only Guest access.
- System telemetry and data tables refresh correctly upon user interaction."
verification_center,Verification Center,ci,guest,/verification,created,No,Business workflow and domain data binding need verification; Authenticated browser and accessibility evidence is pending; No domain API is linked to this page,,GET /v1/governance/workspace,"- The Verification Center route loads successfully within the Primecare Clinic workspace.
- The interface correctly displays all primary modules and active widgets.
- Role-based access control restricts unauthorized actions, permitting only Guest access.
- System telemetry and data tables refresh correctly upon user interaction."
community_outreach_contacts,Community Outreach Contacts,ci,guest,/generated/community-outreach-contacts,created,No,Business workflow and domain data binding need verification; Authenticated browser and accessibility evidence is pending; No domain API is linked to this page,,GET /v1/governance/workspace,"- The Community Outreach Contacts route loads successfully within the Primecare Clinic workspace.
- The interface correctly displays all primary modules and active widgets.
- Role-based access control restricts unauthorized actions, permitting only Guest access.
- System telemetry and data tables refresh correctly upon user interaction."
community_outreach_events,Community Outreach Events,ci,guest,/generated/community-outreach-events,created,No,Business workflow and domain data binding need verification; Authenticated browser and accessibility evidence is pending; No domain API is linked to this page,,GET /v1/governance/workspace,"- The Community Outreach Events route loads successfully within the Primecare Clinic workspace.
- The interface correctly displays all primary modules and active widgets.
- Role-based access control restricts unauthorized actions, permitting only Guest access.
- System telemetry and data tables refresh correctly upon user interaction."
community_outreach_follow_ups,Community Outreach Follow Ups,ci,guest,/generated/community-outreach-follow-ups,created,No,Business workflow and domain data binding need verification; Authenticated browser and accessibility evidence is pending; No domain API is linked to this page,,GET /v1/governance/workspace,"- The Community Outreach Follow Ups route loads successfully within the Primecare Clinic workspace.
- The interface correctly displays all primary modules and active widgets.
- Role-based access control restricts unauthorized actions, permitting only Guest access.
- System telemetry and data tables refresh correctly upon user interaction."
community_outreach_partnerships,Community Outreach Partnerships,ci,guest,/generated/community-outreach-partnerships,created,No,Business workflow and domain data binding need verification; Authenticated browser and accessibility evidence is pending; No domain API is linked to this page,,GET /v1/governance/workspace,"- The Community Outreach Partnerships route loads successfully within the Primecare Clinic workspace.
- The interface correctly displays all primary modules and active widgets.
- Role-based access control restricts unauthorized actions, permitting only Guest access.
- System telemetry and data tables refresh correctly upon user interaction."
community_outreach_programs,Community Outreach Programs,ci,guest,/generated/community-outreach-programs,created,No,Business workflow and domain data binding need verification; Authenticated browser and accessibility evidence is pending; No domain API is linked to this page,,GET /v1/governance/workspace,"- The Community Outreach Programs route loads successfully within the Primecare Clinic workspace.
- The interface correctly displays all primary modules and active widgets.
- Role-based access control restricts unauthorized actions, permitting only Guest access.
- System telemetry and data tables refresh correctly upon user interaction."
community_outreach_reports,Community Outreach Reports,ci,guest,/generated/community-outreach-reports,created,No,Business workflow and domain data binding need verification; Authenticated browser and accessibility evidence is pending; No domain API is linked to this page,,GET /v1/governance/workspace,"- The Community Outreach Reports route loads successfully within the Primecare Clinic workspace.
- The interface correctly displays all primary modules and active widgets.
- Role-based access control restricts unauthorized actions, permitting only Guest access.
- System telemetry and data tables refresh correctly upon user interaction."
community_outreach_volunteers,Community Outreach Volunteers,ci,guest,/generated/community-outreach-volunteers,created,No,Business workflow and domain data binding need verification; Authenticated browser and accessibility evidence is pending; No domain API is linked to this page,,GET /v1/governance/workspace,"- The Community Outreach Volunteers route loads successfully within the Primecare Clinic workspace.
- The interface correctly displays all primary modules and active widgets.
- Role-based access control restricts unauthorized actions, permitting only Guest access.
- System telemetry and data tables refresh correctly upon user interaction."
head_of_marketing_brand_assets,Head Of Marketing Brand Assets,ci,guest,/generated/head-of-marketing-brand-assets,created,No,Business workflow and domain data binding need verification; Authenticated browser and accessibility evidence is pending; No domain API is linked to this page,,GET /v1/governance/workspace,"- The Head Of Marketing Brand Assets route loads successfully within the Primecare Clinic workspace.
- The interface correctly displays all primary modules and active widgets.
- Role-based access control restricts unauthorized actions, permitting only Guest access.
- System telemetry and data tables refresh correctly upon user interaction."
head_of_marketing_campaigns,Head Of Marketing Campaigns,ci,guest,/generated/head-of-marketing-campaigns,created,No,Business workflow and domain data binding need verification; Authenticated browser and accessibility evidence is pending; No domain API is linked to this page,,GET /v1/governance/workspace,"- The Head Of Marketing Campaigns route loads successfully within the Primecare Clinic workspace.
- The interface correctly displays all primary modules and active widgets.
- Role-based access control restricts unauthorized actions, permitting only Guest access.
- System telemetry and data tables refresh correctly upon user interaction."
head_of_marketing_content_approval,Head Of Marketing Content Approval,ci,guest,/generated/head-of-marketing-content-approval,created,No,Business workflow and domain data binding need verification; Authenticated browser and accessibility evidence is pending; No domain API is linked to this page,,GET /v1/governance/workspace,"- The Head Of Marketing Content Approval route loads successfully within the Primecare Clinic workspace.
- The interface correctly displays all primary modules and active widgets.
- Role-based access control restricts unauthorized actions, permitting only Guest access.
- System telemetry and data tables refresh correctly upon user interaction."
head_of_marketing_funnel_analytics,Head Of Marketing Funnel Analytics,ci,guest,/generated/head-of-marketing-funnel-analytics,created,No,Business workflow and domain data binding need verification; Authenticated browser and accessibility evidence is pending; No domain API is linked to this page,,GET /v1/governance/workspace,"- The Head Of Marketing Funnel Analytics route loads successfully within the Primecare Clinic workspace.
- The interface correctly displays all primary modules and active widgets.
- Role-based access control restricts unauthorized actions, permitting only Guest access.
- System telemetry and data tables refresh correctly upon user interaction."
head_of_marketing_leads,Head Of Marketing Leads,ci,guest,/generated/head-of-marketing-leads,created,No,Business workflow and domain data binding need verification; Authenticated browser and accessibility evidence is pending; No domain API is linked to this page,,GET /v1/governance/workspace,"- The Head Of Marketing Leads route loads successfully within the Primecare Clinic workspace.
- The interface correctly displays all primary modules and active widgets.
- Role-based access control restricts unauthorized actions, permitting only Guest access.
- System telemetry and data tables refresh correctly upon user interaction."
head_of_marketing_performance_reports,Head Of Marketing Performance Reports,ci,guest,/generated/head-of-marketing-performance-reports,created,No,Business workflow and domain data binding need verification; Authenticated browser and accessibility evidence is pending; No domain API is linked to this page,,GET /v1/governance/workspace,"- The Head Of Marketing Performance Reports route loads successfully within the Primecare Clinic workspace.
- The interface correctly displays all primary modules and active widgets.
- Role-based access control restricts unauthorized actions, permitting only Guest access.
- System telemetry and data tables refresh correctly upon user interaction."
head_of_marketing_regional_campaigns,Head Of Marketing Regional Campaigns,ci,guest,/generated/head-of-marketing-regional-campaigns,created,No,Business workflow and domain data binding need verification; Authenticated browser and accessibility evidence is pending; No domain API is linked to this page,,GET /v1/governance/workspace,"- The Head Of Marketing Regional Campaigns route loads successfully within the Primecare Clinic workspace.
- The interface correctly displays all primary modules and active widgets.
- Role-based access control restricts unauthorized actions, permitting only Guest access.
- System telemetry and data tables refresh correctly upon user interaction."
local_marketing_manager_assets,Local Marketing Manager Assets,ci,guest,/generated/local-marketing-manager-assets,created,No,Business workflow and domain data binding need verification; Authenticated browser and accessibility evidence is pending; No domain API is linked to this page,,GET /v1/governance/workspace,"- The Local Marketing Manager Assets route loads successfully within the Primecare Clinic workspace.
- The interface correctly displays all primary modules and active widgets.
- Role-based access control restricts unauthorized actions, permitting only Guest access.
- System telemetry and data tables refresh correctly upon user interaction."
local_marketing_manager_budget,Local Marketing Manager Budget,ci,guest,/generated/local-marketing-manager-budget,created,No,Business workflow and domain data binding need verification; Authenticated browser and accessibility evidence is pending; No domain API is linked to this page,,GET /v1/governance/workspace,"- The Local Marketing Manager Budget route loads successfully within the Primecare Clinic workspace.
- The interface correctly displays all primary modules and active widgets.
- Role-based access control restricts unauthorized actions, permitting only Guest access.
- System telemetry and data tables refresh correctly upon user interaction."
local_marketing_manager_campaigns,Local Marketing Manager Campaigns,ci,guest,/generated/local-marketing-manager-campaigns,created,No,Business workflow and domain data binding need verification; Authenticated browser and accessibility evidence is pending; No domain API is linked to this page,,GET /v1/governance/workspace,"- The Local Marketing Manager Campaigns route loads successfully within the Primecare Clinic workspace.
- The interface correctly displays all primary modules and active widgets.
- Role-based access control restricts unauthorized actions, permitting only Guest access.
- System telemetry and data tables refresh correctly upon user interaction."
local_marketing_manager_content_calendar,Local Marketing Manager Content Calendar,ci,guest,/generated/local-marketing-manager-content-calendar,created,No,Business workflow and domain data binding need verification; Authenticated browser and accessibility evidence is pending; No domain API is linked to this page,,GET /v1/governance/workspace,"- The Local Marketing Manager Content Calendar route loads successfully within the Primecare Clinic workspace.
- The interface correctly displays all primary modules and active widgets.
- Role-based access control restricts unauthorized actions, permitting only Guest access.
- System telemetry and data tables refresh correctly upon user interaction."
local_marketing_manager_events,Local Marketing Manager Events,ci,guest,/generated/local-marketing-manager-events,created,No,Business workflow and domain data binding need verification; Authenticated browser and accessibility evidence is pending; No domain API is linked to this page,,GET /v1/governance/workspace,"- The Local Marketing Manager Events route loads successfully within the Primecare Clinic workspace.
- The interface correctly displays all primary modules and active widgets.
- Role-based access control restricts unauthorized actions, permitting only Guest access.
- System telemetry and data tables refresh correctly upon user interaction."
local_marketing_manager_leads,Local Marketing Manager Leads,ci,guest,/generated/local-marketing-manager-leads,created,No,Business workflow and domain data binding need verification; Authenticated browser and accessibility evidence is pending; No domain API is linked to this page,,GET /v1/governance/workspace,"- The Local Marketing Manager Leads route loads successfully within the Primecare Clinic workspace.
- The interface correctly displays all primary modules and active widgets.
- Role-based access control restricts unauthorized actions, permitting only Guest access.
- System telemetry and data tables refresh correctly upon user interaction."
local_marketing_manager_reports,Local Marketing Manager Reports,ci,guest,/generated/local-marketing-manager-reports,created,No,Business workflow and domain data binding need verification; Authenticated browser and accessibility evidence is pending; No domain API is linked to this page,,GET /v1/governance/workspace,"- The Local Marketing Manager Reports route loads successfully within the Primecare Clinic workspace.
- The interface correctly displays all primary modules and active widgets.
- Role-based access control restricts unauthorized actions, permitting only Guest access.
- System telemetry and data tables refresh correctly upon user interaction."
territory_sales_manager_area_performance,Territory Sales Manager Area Performance,ci,guest,/generated/territory-sales-manager-area-performance,created,No,Business workflow and domain data binding need verification; Authenticated browser and accessibility evidence is pending; No domain API is linked to this page,,GET /v1/governance/workspace,"- The Territory Sales Manager Area Performance route loads successfully within the Primecare Clinic workspace.
- The interface correctly displays all primary modules and active widgets.
- Role-based access control restricts unauthorized actions, permitting only Guest access.
- System telemetry and data tables refresh correctly upon user interaction."
territory_sales_manager_competitors,Territory Sales Manager Competitors,ci,guest,/generated/territory-sales-manager-competitors,created,No,Business workflow and domain data binding need verification; Authenticated browser and accessibility evidence is pending; No domain API is linked to this page,,GET /v1/governance/workspace,"- The Territory Sales Manager Competitors route loads successfully within the Primecare Clinic workspace.
- The interface correctly displays all primary modules and active widgets.
- Role-based access control restricts unauthorized actions, permitting only Guest access.
- System telemetry and data tables refresh correctly upon user interaction."
territory_sales_manager_conversions,Territory Sales Manager Conversions,ci,guest,/generated/territory-sales-manager-conversions,created,No,Business workflow and domain data binding need verification; Authenticated browser and accessibility evidence is pending; No domain API is linked to this page,,GET /v1/governance/workspace,"- The Territory Sales Manager Conversions route loads successfully within the Primecare Clinic workspace.
- The interface correctly displays all primary modules and active widgets.
- Role-based access control restricts unauthorized actions, permitting only Guest access.
- System telemetry and data tables refresh correctly upon user interaction."
territory_sales_manager_field_activity,Territory Sales Manager Field Activity,ci,guest,/generated/territory-sales-manager-field-activity,created,No,Business workflow and domain data binding need verification; Authenticated browser and accessibility evidence is pending; No domain API is linked to this page,,GET /v1/governance/workspace,"- The Territory Sales Manager Field Activity route loads successfully within the Primecare Clinic workspace.
- The interface correctly displays all primary modules and active widgets.
- Role-based access control restricts unauthorized actions, permitting only Guest access.
- System telemetry and data tables refresh correctly upon user interaction."
territory_sales_manager_leads,Territory Sales Manager Leads,ci,guest,/generated/territory-sales-manager-leads,created,No,Business workflow and domain data binding need verification; Authenticated browser and accessibility evidence is pending; No domain API is linked to this page,,GET /v1/governance/workspace,"- The Territory Sales Manager Leads route loads successfully within the Primecare Clinic workspace.
- The interface correctly displays all primary modules and active widgets.
- Role-based access control restricts unauthorized actions, permitting only Guest access.
- System telemetry and data tables refresh correctly upon user interaction."
territory_sales_manager_pipeline,Territory Sales Manager Pipeline,ci,guest,/generated/territory-sales-manager-pipeline,created,No,Business workflow and domain data binding need verification; Authenticated browser and accessibility evidence is pending; No domain API is linked to this page,,GET /v1/governance/workspace,"- The Territory Sales Manager Pipeline route loads successfully within the Primecare Clinic workspace.
- The interface correctly displays all primary modules and active widgets.
- Role-based access control restricts unauthorized actions, permitting only Guest access.
- System telemetry and data tables refresh correctly upon user interaction."
territory_sales_manager_reports,Territory Sales Manager Reports,ci,guest,/generated/territory-sales-manager-reports,created,No,Business workflow and domain data binding need verification; Authenticated browser and accessibility evidence is pending; No domain API is linked to this page,,GET /v1/governance/workspace,"- The Territory Sales Manager Reports route loads successfully within the Primecare Clinic workspace.
- The interface correctly displays all primary modules and active widgets.
- Role-based access control restricts unauthorized actions, permitting only Guest access.
- System telemetry and data tables refresh correctly upon user interaction."
customer_support_escalations,Customer Support Escalations,ci,guest,/generated/customer-support-escalations,created,No,Business workflow and domain data binding need verification; Authenticated browser and accessibility evidence is pending; No domain API is linked to this page,,GET /v1/governance/workspace,"- The Customer Support Escalations route loads successfully within the Primecare Clinic workspace.
- The interface correctly displays all primary modules and active widgets.
- Role-based access control restricts unauthorized actions, permitting only Guest access.
- System telemetry and data tables refresh correctly upon user interaction."
customer_support_issue_categories,Customer Support Issue Categories,ci,guest,/generated/customer-support-issue-categories,created,No,Business workflow and domain data binding need verification; Authenticated browser and accessibility evidence is pending; No domain API is linked to this page,,GET /v1/governance/workspace,"- The Customer Support Issue Categories route loads successfully within the Primecare Clinic workspace.
- The interface correctly displays all primary modules and active widgets.
- Role-based access control restricts unauthorized actions, permitting only Guest access.
- System telemetry and data tables refresh correctly upon user interaction."
customer_support_reports,Customer Support Reports,ci,guest,/generated/customer-support-reports,created,No,Business workflow and domain data binding need verification; Authenticated browser and accessibility evidence is pending; No domain API is linked to this page,,GET /v1/governance/workspace,"- The Customer Support Reports route loads successfully within the Primecare Clinic workspace.
- The interface correctly displays all primary modules and active widgets.
- Role-based access control restricts unauthorized actions, permitting only Guest access.
- System telemetry and data tables refresh correctly upon user interaction."
customer_support_templates,Customer Support Templates,ci,guest,/generated/customer-support-templates,created,No,Business workflow and domain data binding need verification; Authenticated browser and accessibility evidence is pending; No domain API is linked to this page,,GET /v1/governance/workspace,"- The Customer Support Templates route loads successfully within the Primecare Clinic workspace.
- The interface correctly displays all primary modules and active widgets.
- Role-based access control restricts unauthorized actions, permitting only Guest access.
- System telemetry and data tables refresh correctly upon user interaction."
customer_support_tickets,Customer Support Tickets,ci,guest,/generated/customer-support-tickets,created,No,Business workflow and domain data binding need verification; Authenticated browser and accessibility evidence is pending; No domain API is linked to this page,,GET /v1/governance/workspace,"- The Customer Support Tickets route loads successfully within the Primecare Clinic workspace.
- The interface correctly displays all primary modules and active widgets.
- Role-based access control restricts unauthorized actions, permitting only Guest access.
- System telemetry and data tables refresh correctly upon user interaction."
intake_coordinator_client_assignment,Intake Coordinator Client Assignment,ci,guest,/generated/intake-coordinator-client-assignment,created,No,Business workflow and domain data binding need verification; Authenticated browser and accessibility evidence is pending; No domain API is linked to this page,,GET /v1/governance/workspace,"- The Intake Coordinator Client Assignment route loads successfully within the Primecare Clinic workspace.
- The interface correctly displays all primary modules and active widgets.
- Role-based access control restricts unauthorized actions, permitting only Guest access.
- System telemetry and data tables refresh correctly upon user interaction."
intake_coordinator_eligibility,Intake Coordinator Eligibility,ci,guest,/generated/intake-coordinator-eligibility,created,No,Business workflow and domain data binding need verification; Authenticated browser and accessibility evidence is pending; No domain API is linked to this page,,GET /v1/governance/workspace,"- The Intake Coordinator Eligibility route loads successfully within the Primecare Clinic workspace.
- The interface correctly displays all primary modules and active widgets.
- Role-based access control restricts unauthorized actions, permitting only Guest access.
- System telemetry and data tables refresh correctly upon user interaction."
intake_coordinator_intake_forms,Intake Coordinator Intake Forms,ci,guest,/generated/intake-coordinator-intake-forms,created,No,Business workflow and domain data binding need verification; Authenticated browser and accessibility evidence is pending; No domain API is linked to this page,,GET /v1/governance/workspace,"- The Intake Coordinator Intake Forms route loads successfully within the Primecare Clinic workspace.
- The interface correctly displays all primary modules and active widgets.
- Role-based access control restricts unauthorized actions, permitting only Guest access.
- System telemetry and data tables refresh correctly upon user interaction."
intake_coordinator_new_intakes,Intake Coordinator New Intakes,ci,guest,/generated/intake-coordinator-new-intakes,created,No,Business workflow and domain data binding need verification; Authenticated browser and accessibility evidence is pending; No domain API is linked to this page,,GET /v1/governance/workspace,"- The Intake Coordinator New Intakes route loads successfully within the Primecare Clinic workspace.
- The interface correctly displays all primary modules and active widgets.
- Role-based access control restricts unauthorized actions, permitting only Guest access.
- System telemetry and data tables refresh correctly upon user interaction."
intake_coordinator_reports,Intake Coordinator Reports,ci,guest,/generated/intake-coordinator-reports,created,No,Business workflow and domain data binding need verification; Authenticated browser and accessibility evidence is pending; No domain API is linked to this page,,GET /v1/governance/workspace,"- The Intake Coordinator Reports route loads successfully within the Primecare Clinic workspace.
- The interface correctly displays all primary modules and active widgets.
- Role-based access control restricts unauthorized actions, permitting only Guest access.
- System telemetry and data tables refresh correctly upon user interaction."
intake_coordinator_scheduling,Intake Coordinator Scheduling,ci,guest,/generated/intake-coordinator-scheduling,created,No,Business workflow and domain data binding need verification; Authenticated browser and accessibility evidence is pending; No domain API is linked to this page,,GET /v1/governance/workspace,"- The Intake Coordinator Scheduling route loads successfully within the Primecare Clinic workspace.
- The interface correctly displays all primary modules and active widgets.
- Role-based access control restricts unauthorized actions, permitting only Guest access.
- System telemetry and data tables refresh correctly upon user interaction."
quality_assurance_audits,Quality Assurance Audits,ci,guest,/generated/quality-assurance-audits,created,No,Business workflow and domain data binding need verification; Authenticated browser and accessibility evidence is pending; No domain API is linked to this page,,GET /v1/governance/workspace,"- The Quality Assurance Audits route loads successfully within the Primecare Clinic workspace.
- The interface correctly displays all primary modules and active widgets.
- Role-based access control restricts unauthorized actions, permitting only Guest access.
- System telemetry and data tables refresh correctly upon user interaction."
quality_assurance_complaints,Quality Assurance Complaints,ci,guest,/generated/quality-assurance-complaints,created,No,Business workflow and domain data binding need verification; Authenticated browser and accessibility evidence is pending; No domain API is linked to this page,,GET /v1/governance/workspace,"- The Quality Assurance Complaints route loads successfully within the Primecare Clinic workspace.
- The interface correctly displays all primary modules and active widgets.
- Role-based access control restricts unauthorized actions, permitting only Guest access.
- System telemetry and data tables refresh correctly upon user interaction."
quality_assurance_compliance_checks,Quality Assurance Compliance Checks,ci,guest,/generated/quality-assurance-compliance-checks,created,No,Business workflow and domain data binding need verification; Authenticated browser and accessibility evidence is pending; No domain API is linked to this page,,GET /v1/governance/workspace,"- The Quality Assurance Compliance Checks route loads successfully within the Primecare Clinic workspace.
- The interface correctly displays all primary modules and active widgets.
- Role-based access control restricts unauthorized actions, permitting only Guest access.
- System telemetry and data tables refresh correctly upon user interaction."
quality_assurance_corrective_actions,Quality Assurance Corrective Actions,ci,guest,/generated/quality-assurance-corrective-actions,created,No,Business workflow and domain data binding need verification; Authenticated browser and accessibility evidence is pending; No domain API is linked to this page,,GET /v1/governance/workspace,"- The Quality Assurance Corrective Actions route loads successfully within the Primecare Clinic workspace.
- The interface correctly displays all primary modules and active widgets.
- Role-based access control restricts unauthorized actions, permitting only Guest access.
- System telemetry and data tables refresh correctly upon user interaction."
quality_assurance_reports,Quality Assurance Reports,ci,guest,/generated/quality-assurance-reports,created,No,Business workflow and domain data binding need verification; Authenticated browser and accessibility evidence is pending; No domain API is linked to this page,,GET /v1/governance/workspace,"- The Quality Assurance Reports route loads successfully within the Primecare Clinic workspace.
- The interface correctly displays all primary modules and active widgets.
- Role-based access control restricts unauthorized actions, permitting only Guest access.
- System telemetry and data tables refresh correctly upon user interaction."
quality_assurance_reviews,Quality Assurance Reviews,ci,guest,/generated/quality-assurance-reviews,created,No,Business workflow and domain data binding need verification; Authenticated browser and accessibility evidence is pending; No domain API is linked to this page,,GET /v1/governance/workspace,"- The Quality Assurance Reviews route loads successfully within the Primecare Clinic workspace.
- The interface correctly displays all primary modules and active widgets.
- Role-based access control restricts unauthorized actions, permitting only Guest access.
- System telemetry and data tables refresh correctly upon user interaction."
quality_assurance_scorecards,Quality Assurance Scorecards,ci,guest,/generated/quality-assurance-scorecards,created,No,Business workflow and domain data binding need verification; Authenticated browser and accessibility evidence is pending; No domain API is linked to this page,,GET /v1/governance/workspace,"- The Quality Assurance Scorecards route loads successfully within the Primecare Clinic workspace.
- The interface correctly displays all primary modules and active widgets.
- Role-based access control restricts unauthorized actions, permitting only Guest access.
- System telemetry and data tables refresh correctly upon user interaction."
training_coordinator_attendance,Training Coordinator Attendance,ci,guest,/generated/training-coordinator-attendance,created,No,Business workflow and domain data binding need verification; Authenticated browser and accessibility evidence is pending; No domain API is linked to this page,,GET /v1/governance/workspace,"- The Training Coordinator Attendance route loads successfully within the Primecare Clinic workspace.
- The interface correctly displays all primary modules and active widgets.
- Role-based access control restricts unauthorized actions, permitting only Guest access.
- System telemetry and data tables refresh correctly upon user interaction."
training_coordinator_certifications,Training Coordinator Certifications,ci,guest,/generated/training-coordinator-certifications,created,No,Business workflow and domain data binding need verification; Authenticated browser and accessibility evidence is pending; No domain API is linked to this page,,GET /v1/governance/workspace,"- The Training Coordinator Certifications route loads successfully within the Primecare Clinic workspace.
- The interface correctly displays all primary modules and active widgets.
- Role-based access control restricts unauthorized actions, permitting only Guest access.
- System telemetry and data tables refresh correctly upon user interaction."
training_coordinator_courses,Training Coordinator Courses,ci,guest,/generated/training-coordinator-courses,created,No,Business workflow and domain data binding need verification; Authenticated browser and accessibility evidence is pending; No domain API is linked to this page,,GET /v1/governance/workspace,"- The Training Coordinator Courses route loads successfully within the Primecare Clinic workspace.
- The interface correctly displays all primary modules and active widgets.
- Role-based access control restricts unauthorized actions, permitting only Guest access.
- System telemetry and data tables refresh correctly upon user interaction."
training_coordinator_materials,Training Coordinator Materials,ci,guest,/generated/training-coordinator-materials,created,No,Business workflow and domain data binding need verification; Authenticated browser and accessibility evidence is pending; No domain API is linked to this page,,GET /v1/governance/workspace,"- The Training Coordinator Materials route loads successfully within the Primecare Clinic workspace.
- The interface correctly displays all primary modules and active widgets.
- Role-based access control restricts unauthorized actions, permitting only Guest access.
- System telemetry and data tables refresh correctly upon user interaction."
training_coordinator_progress,Training Coordinator Progress,ci,guest,/generated/training-coordinator-progress,created,No,Business workflow and domain data binding need verification; Authenticated browser and accessibility evidence is pending; No domain API is linked to this page,,GET /v1/governance/workspace,"- The Training Coordinator Progress route loads successfully within the Primecare Clinic workspace.
- The interface correctly displays all primary modules and active widgets.
- Role-based access control restricts unauthorized actions, permitting only Guest access.
- System telemetry and data tables refresh correctly upon user interaction."
training_coordinator_reports,Training Coordinator Reports,ci,guest,/generated/training-coordinator-reports,created,No,Business workflow and domain data binding need verification; Authenticated browser and accessibility evidence is pending; No domain API is linked to this page,,GET /v1/governance/workspace,"- The Training Coordinator Reports route loads successfully within the Primecare Clinic workspace.
- The interface correctly displays all primary modules and active widgets.
- Role-based access control restricts unauthorized actions, permitting only Guest access.
- System telemetry and data tables refresh correctly upon user interaction."
training_coordinator_training_schedule,Training Coordinator Training Schedule,ci,guest,/generated/training-coordinator-training-schedule,created,No,Business workflow and domain data binding need verification; Authenticated browser and accessibility evidence is pending; No domain API is linked to this page,,GET /v1/governance/workspace,"- The Training Coordinator Training Schedule route loads successfully within the Primecare Clinic workspace.
- The interface correctly displays all primary modules and active widgets.
- Role-based access control restricts unauthorized actions, permitting only Guest access.
- System telemetry and data tables refresh correctly upon user interaction."
training_coordinator_workshops,Training Coordinator Workshops,ci,guest,/generated/training-coordinator-workshops,created,No,Business workflow and domain data binding need verification; Authenticated browser and accessibility evidence is pending; No domain API is linked to this page,,GET /v1/governance/workspace,"- The Training Coordinator Workshops route loads successfully within the Primecare Clinic workspace.
- The interface correctly displays all primary modules and active widgets.
- Role-based access control restricts unauthorized actions, permitting only Guest access.
- System telemetry and data tables refresh correctly upon user interaction."
escalation_dashboard,Escalation Dashboard,ci,guest,/support/escalation-dashboard,created,No,Business workflow and domain data binding need verification; Authenticated browser and accessibility evidence is pending; No domain API is linked to this page,,GET /v1/governance/workspace,"- The Escalation Dashboard route loads successfully within the Primecare Clinic workspace.
- The interface correctly displays all primary modules and active widgets.
- Role-based access control restricts unauthorized actions, permitting only Guest access.
- System telemetry and data tables refresh correctly upon user interaction."
help_desk_dashboard,Help Desk Dashboard,ci,guest,/support/help-desk-dashboard,created,No,Business workflow and domain data binding need verification; Authenticated browser and accessibility evidence is pending; No domain API is linked to this page,,GET /v1/governance/workspace,"- The Help Desk Dashboard route loads successfully within the Primecare Clinic workspace.
- The interface correctly displays all primary modules and active widgets.
- Role-based access control restricts unauthorized actions, permitting only Guest access.
- System telemetry and data tables refresh correctly upon user interaction."
it_administrator_dashboard,It Administrator Dashboard,ci,guest,/generated/it-administrator-dashboard,created,No,Business workflow and domain data binding need verification; Authenticated browser and accessibility evidence is pending; No domain API is linked to this page,,GET /v1/governance/workspace,"- The It Administrator Dashboard route loads successfully within the Primecare Clinic workspace.
- The interface correctly displays all primary modules and active widgets.
- Role-based access control restricts unauthorized actions, permitting only Guest access.
- System telemetry and data tables refresh correctly upon user interaction."
prime_care,Prime Care,ci,guest,/generated/prime-care,created,No,Business workflow and domain data binding need verification; Authenticated browser and accessibility evidence is pending; No domain API is linked to this page,,GET /v1/governance/workspace,"- The Prime Care route loads successfully within the Primecare Clinic workspace.
- The interface correctly displays all primary modules and active widgets.
- Role-based access control restricts unauthorized actions, permitting only Guest access.
- System telemetry and data tables refresh correctly upon user interaction."
default_not_implemented,Default Not Implemented,ci,guest,/generated/default-not-implemented,created,No,Business workflow and domain data binding need verification; Authenticated browser and accessibility evidence is pending; No domain API is linked to this page,,GET /v1/governance/workspace,"- The Default Not Implemented route loads successfully within the Primecare Clinic workspace.
- The interface correctly displays all primary modules and active widgets.
- Role-based access control restricts unauthorized actions, permitting only Guest access.
- System telemetry and data tables refresh correctly upon user interaction."
sso_redirect,Sso Redirect,ci,guest,/generated/sso-redirect,created,No,Business workflow and domain data binding need verification; Authenticated browser and accessibility evidence is pending; No domain API is linked to this page,,GET /v1/governance/workspace,"- The Sso Redirect route loads successfully within the Primecare Clinic workspace.
- The interface correctly displays all primary modules and active widgets.
- Role-based access control restricts unauthorized actions, permitting only Guest access.
- System telemetry and data tables refresh correctly upon user interaction."
governed,Governed,ci,guest,/generated/governed,created,No,Business workflow and domain data binding need verification; Authenticated browser and accessibility evidence is pending; No domain API is linked to this page,,GET /v1/governance/workspace,"- The Governed route loads successfully within the Primecare Clinic workspace.
- The interface correctly displays all primary modules and active widgets.
- Role-based access control restricts unauthorized actions, permitting only Guest access.
- System telemetry and data tables refresh correctly upon user interaction."
access_review_certifier,Access Review Certifier,ci,guest,/generated/access-review-certifier,created,No,Business workflow and domain data binding need verification; Authenticated browser and accessibility evidence is pending; No domain API is linked to this page,,GET /v1/governance/workspace,"- The Access Review Certifier route loads successfully within the Primecare Clinic workspace.
- The interface correctly displays all primary modules and active widgets.
- Role-based access control restricts unauthorized actions, permitting only Guest access.
- System telemetry and data tables refresh correctly upon user interaction."
admin_user_management,Admin User Management,ci,guest,/generated/admin-user-management,created,No,Business workflow and domain data binding need verification; Authenticated browser and accessibility evidence is pending,,GET /v1/admin/users; GET /v1/admin/users/audit; GET /v1/admin/users/creation-audit; GET /v1/admin/users/{userId}; DELETE /v1/admin/users/{userId}/sessions; GET /v1/admin/users/{userId}/sessions; GET /v1/governance/workspace,"- The Admin User Management route loads successfully within the Primecare Clinic workspace.
- The interface correctly displays all primary modules and active widgets.
- Role-based access control restricts unauthorized actions, permitting only Guest access.
- System telemetry and data tables refresh correctly upon user interaction."
api_key_manager,Api Key Manager,ci,guest,/generated/api-key-manager,created,No,Business workflow and domain data binding need verification; Authenticated browser and accessibility evidence is pending; No domain API is linked to this page,,GET /v1/governance/workspace,"- The Api Key Manager route loads successfully within the Primecare Clinic workspace.
- The interface correctly displays all primary modules and active widgets.
- Role-based access control restricts unauthorized actions, permitting only Guest access.
- System telemetry and data tables refresh correctly upon user interaction."
compliance_training_tracker,Compliance Training Tracker,ci,guest,/generated/compliance-training-tracker,created,No,Business workflow and domain data binding need verification; Authenticated browser and accessibility evidence is pending; No domain API is linked to this page,,GET /v1/governance/workspace,"- The Compliance Training Tracker route loads successfully within the Primecare Clinic workspace.
- The interface correctly displays all primary modules and active widgets.
- Role-based access control restricts unauthorized actions, permitting only Guest access.
- System telemetry and data tables refresh correctly upon user interaction."
configuration_version_control,Configuration Version Control,ci,guest,/generated/configuration-version-control,created,No,Business workflow and domain data binding need verification; Authenticated browser and accessibility evidence is pending; No domain API is linked to this page,,GET /v1/governance/workspace,"- The Configuration Version Control route loads successfully within the Primecare Clinic workspace.
- The interface correctly displays all primary modules and active widgets.
- Role-based access control restricts unauthorized actions, permitting only Guest access.
- System telemetry and data tables refresh correctly upon user interaction."
consent_management_console,Consent Management Console,ci,guest,/generated/consent-management-console,created,No,Business workflow and domain data binding need verification; Authenticated browser and accessibility evidence is pending; No domain API is linked to this page,,GET /v1/governance/workspace,"- The Consent Management Console route loads successfully within the Primecare Clinic workspace.
- The interface correctly displays all primary modules and active widgets.
- Role-based access control restricts unauthorized actions, permitting only Guest access.
- System telemetry and data tables refresh correctly upon user interaction."
crisis_protocol_trigger,Crisis Protocol Trigger,ci,guest,/generated/crisis-protocol-trigger,created,No,Business workflow and domain data binding need verification; Authenticated browser and accessibility evidence is pending; No domain API is linked to this page,,GET /v1/governance/workspace,"- The Crisis Protocol Trigger route loads successfully within the Primecare Clinic workspace.
- The interface correctly displays all primary modules and active widgets.
- Role-based access control restricts unauthorized actions, permitting only Guest access.
- System telemetry and data tables refresh correctly upon user interaction."
data_privacy_monitor,Data Privacy Monitor,ci,guest,/generated/data-privacy-monitor,created,No,Business workflow and domain data binding need verification; Authenticated browser and accessibility evidence is pending; No domain API is linked to this page,,GET /v1/governance/workspace,"- The Data Privacy Monitor route loads successfully within the Primecare Clinic workspace.
- The interface correctly displays all primary modules and active widgets.
- Role-based access control restricts unauthorized actions, permitting only Guest access.
- System telemetry and data tables refresh correctly upon user interaction."
ecosystem_state_board,Ecosystem State Board,ci,guest,/generated/ecosystem-state-board,created,No,Business workflow and domain data binding need verification; Authenticated browser and accessibility evidence is pending; No domain API is linked to this page,,GET /v1/governance/workspace,"- The Ecosystem State Board route loads successfully within the Primecare Clinic workspace.
- The interface correctly displays all primary modules and active widgets.
- Role-based access control restricts unauthorized actions, permitting only Guest access.
- System telemetry and data tables refresh correctly upon user interaction."
f_a_q_manager,FAQManager,ci,guest,/generated/f-a-q-manager,created,No,Business workflow and domain data binding need verification; Authenticated browser and accessibility evidence is pending; No domain API is linked to this page,,GET /v1/governance/workspace,"- The F A Q Manager route loads successfully within the Primecare Clinic workspace.
- The interface correctly displays all primary modules and active widgets.
- Role-based access control restricts unauthorized actions, permitting only Guest access.
- System telemetry and data tables refresh correctly upon user interaction."
feature_flag_controller,Feature Flag Controller,ci,guest,/generated/feature-flag-controller,created,No,Business workflow and domain data binding need verification; Authenticated browser and accessibility evidence is pending; No domain API is linked to this page,,GET /v1/governance/workspace,"- The Feature Flag Controller route loads successfully within the Primecare Clinic workspace.
- The interface correctly displays all primary modules and active widgets.
- Role-based access control restricts unauthorized actions, permitting only Guest access.
- System telemetry and data tables refresh correctly upon user interaction."
hipaa_audit_dashboard,Hipaa Audit Dashboard,ci,guest,/generated/hipaa-audit-dashboard,created,No,Business workflow and domain data binding need verification; Authenticated browser and accessibility evidence is pending; No domain API is linked to this page,,GET /v1/governance/workspace,"- The Hipaa Audit Dashboard route loads successfully within the Primecare Clinic workspace.
- The interface correctly displays all primary modules and active widgets.
- Role-based access control restricts unauthorized actions, permitting only Guest access.
- System telemetry and data tables refresh correctly upon user interaction."
incident_response_hub,Incident Response Hub,ci,guest,/generated/incident-response-hub,created,No,Business workflow and domain data binding need verification; Authenticated browser and accessibility evidence is pending; No domain API is linked to this page,,GET /v1/governance/workspace,"- The Incident Response Hub route loads successfully within the Primecare Clinic workspace.
- The interface correctly displays all primary modules and active widgets.
- Role-based access control restricts unauthorized actions, permitting only Guest access.
- System telemetry and data tables refresh correctly upon user interaction."
integration_health_monitor,Integration Health Monitor,ci,guest,/generated/integration-health-monitor,created,No,Business workflow and domain data binding need verification; Authenticated browser and accessibility evidence is pending; No domain API is linked to this page,,GET /v1/governance/workspace,"- The Integration Health Monitor route loads successfully within the Primecare Clinic workspace.
- The interface correctly displays all primary modules and active widgets.
- Role-based access control restricts unauthorized actions, permitting only Guest access.
- System telemetry and data tables refresh correctly upon user interaction."
lead_pipeline,Lead Pipeline,ci,guest,/generated/lead-pipeline,created,No,Business workflow and domain data binding need verification; Authenticated browser and accessibility evidence is pending; No domain API is linked to this page,,GET /v1/governance/workspace,"- The Lead Pipeline route loads successfully within the Primecare Clinic workspace.
- The interface correctly displays all primary modules and active widgets.
- Role-based access control restricts unauthorized actions, permitting only Guest access.
- System telemetry and data tables refresh correctly upon user interaction."
message_archiveer,Message Archiveer,ci,guest,/generated/message-archiveer,created,No,Business workflow and domain data binding need verification; Authenticated browser and accessibility evidence is pending; No domain API is linked to this page,,GET /v1/governance/workspace,"- The Message Archiveer route loads successfully within the Primecare Clinic workspace.
- The interface correctly displays all primary modules and active widgets.
- Role-based access control restricts unauthorized actions, permitting only Guest access.
- System telemetry and data tables refresh correctly upon user interaction."
osha_incident_reporter,Osha Incident Reporter,ci,guest,/generated/osha-incident-reporter,created,No,Business workflow and domain data binding need verification; Authenticated browser and accessibility evidence is pending; No domain API is linked to this page,,GET /v1/governance/workspace,"- The Osha Incident Reporter route loads successfully within the Primecare Clinic workspace.
- The interface correctly displays all primary modules and active widgets.
- Role-based access control restricts unauthorized actions, permitting only Guest access.
- System telemetry and data tables refresh correctly upon user interaction."
policy_exception_tracker,Policy Exception Tracker,ci,guest,/generated/policy-exception-tracker,created,No,Business workflow and domain data binding need verification; Authenticated browser and accessibility evidence is pending; No domain API is linked to this page,,GET /v1/governance/workspace,"- The Policy Exception Tracker route loads successfully within the Primecare Clinic workspace.
- The interface correctly displays all primary modules and active widgets.
- Role-based access control restricts unauthorized actions, permitting only Guest access.
- System telemetry and data tables refresh correctly upon user interaction."
protocol_resolution_log,Protocol Resolution Log,ci,guest,/generated/protocol-resolution-log,created,No,Business workflow and domain data binding need verification; Authenticated browser and accessibility evidence is pending; No domain API is linked to this page,,GET /v1/governance/workspace,"- The Protocol Resolution Log route loads successfully within the Primecare Clinic workspace.
- The interface correctly displays all primary modules and active widgets.
- Role-based access control restricts unauthorized actions, permitting only Guest access.
- System telemetry and data tables refresh correctly upon user interaction."
provider_performance_dashboard,Provider Performance Dashboard,ci,guest,/generated/provider-performance-dashboard,created,No,Business workflow and domain data binding need verification; Authenticated browser and accessibility evidence is pending; No domain API is linked to this page,,GET /v1/governance/workspace,"- The Provider Performance Dashboard route loads successfully within the Primecare Clinic workspace.
- The interface correctly displays all primary modules and active widgets.
- Role-based access control restricts unauthorized actions, permitting only Guest access.
- System telemetry and data tables refresh correctly upon user interaction."
quality_assurance_metrics,Quality Assurance Metrics,ci,guest,/generated/quality-assurance-metrics,created,No,Business workflow and domain data binding need verification; Authenticated browser and accessibility evidence is pending; No domain API is linked to this page,,GET /v1/governance/workspace,"- The Quality Assurance Metrics route loads successfully within the Primecare Clinic workspace.
- The interface correctly displays all primary modules and active widgets.
- Role-based access control restricts unauthorized actions, permitting only Guest access.
- System telemetry and data tables refresh correctly upon user interaction."
registry_entry_editor,Registry Entry Editor,ci,guest,/generated/registry-entry-editor,created,No,Business workflow and domain data binding need verification; Authenticated browser and accessibility evidence is pending; No domain API is linked to this page,,GET /v1/governance/workspace,"- The Registry Entry Editor route loads successfully within the Primecare Clinic workspace.
- The interface correctly displays all primary modules and active widgets.
- Role-based access control restricts unauthorized actions, permitting only Guest access.
- System telemetry and data tables refresh correctly upon user interaction."
regulatory_change_radar,Regulatory Change Radar,ci,guest,/generated/regulatory-change-radar,created,No,Business workflow and domain data binding need verification; Authenticated browser and accessibility evidence is pending; No domain API is linked to this page,,GET /v1/governance/workspace,"- The Regulatory Change Radar route loads successfully within the Primecare Clinic workspace.
- The interface correctly displays all primary modules and active widgets.
- Role-based access control restricts unauthorized actions, permitting only Guest access.
- System telemetry and data tables refresh correctly upon user interaction."
resource_allocation_map,Resource Allocation Map,ci,guest,/generated/resource-allocation-map,created,No,Business workflow and domain data binding need verification; Authenticated browser and accessibility evidence is pending; No domain API is linked to this page,,GET /v1/governance/workspace,"- The Resource Allocation Map route loads successfully within the Primecare Clinic workspace.
- The interface correctly displays all primary modules and active widgets.
- Role-based access control restricts unauthorized actions, permitting only Guest access.
- System telemetry and data tables refresh correctly upon user interaction."
response_bot_audit,Response Bot Audit,ci,guest,/generated/response-bot-audit,created,No,Business workflow and domain data binding need verification; Authenticated browser and accessibility evidence is pending; No domain API is linked to this page,,GET /v1/governance/workspace,"- The Response Bot Audit route loads successfully within the Primecare Clinic workspace.
- The interface correctly displays all primary modules and active widgets.
- Role-based access control restricts unauthorized actions, permitting only Guest access.
- System telemetry and data tables refresh correctly upon user interaction."
role_access_matrix,Role Access Matrix,ci,guest,/generated/role-access-matrix,created,No,Business workflow and domain data binding need verification; Authenticated browser and accessibility evidence is pending; No domain API is linked to this page,,GET /v1/governance/workspace,"- The Role Access Matrix route loads successfully within the Primecare Clinic workspace.
- The interface correctly displays all primary modules and active widgets.
- Role-based access control restricts unauthorized actions, permitting only Guest access.
- System telemetry and data tables refresh correctly upon user interaction."
role_access,Role Access,ci,guest,/generated/role-access,created,No,Business workflow and domain data binding need verification; Authenticated browser and accessibility evidence is pending; No domain API is linked to this page,,GET /v1/governance/workspace,"- The Role Access route loads successfully within the Primecare Clinic workspace.
- The interface correctly displays all primary modules and active widgets.
- Role-based access control restricts unauthorized actions, permitting only Guest access.
- System telemetry and data tables refresh correctly upon user interaction."
secure_message_center,Secure Message Center,ci,guest,/generated/secure-message-center,created,No,Business workflow and domain data binding need verification; Authenticated browser and accessibility evidence is pending; No domain API is linked to this page,,GET /v1/governance/workspace,"- The Secure Message Center route loads successfully within the Primecare Clinic workspace.
- The interface correctly displays all primary modules and active widgets.
- Role-based access control restricts unauthorized actions, permitting only Guest access.
- System telemetry and data tables refresh correctly upon user interaction."
security_incident_logger,Security Incident Logger,ci,guest,/generated/security-incident-logger,created,No,Business workflow and domain data binding need verification; Authenticated browser and accessibility evidence is pending; No domain API is linked to this page,,GET /v1/governance/workspace,"- The Security Incident Logger route loads successfully within the Primecare Clinic workspace.
- The interface correctly displays all primary modules and active widgets.
- Role-based access control restricts unauthorized actions, permitting only Guest access.
- System telemetry and data tables refresh correctly upon user interaction."
service_mesh_topology,Service Mesh Topology,ci,guest,/generated/service-mesh-topology,created,No,Business workflow and domain data binding need verification; Authenticated browser and accessibility evidence is pending; No domain API is linked to this page,,GET /v1/governance/workspace,"- The Service Mesh Topology route loads successfully within the Primecare Clinic workspace.
- The interface correctly displays all primary modules and active widgets.
- Role-based access control restricts unauthorized actions, permitting only Guest access.
- System telemetry and data tables refresh correctly upon user interaction."
system_capacity_planner,System Capacity Planner,ci,guest,/generated/system-capacity-planner,created,No,Business workflow and domain data binding need verification; Authenticated browser and accessibility evidence is pending; No domain API is linked to this page,,GET /v1/governance/workspace,"- The System Capacity Planner route loads successfully within the Primecare Clinic workspace.
- The interface correctly displays all primary modules and active widgets.
- Role-based access control restricts unauthorized actions, permitting only Guest access.
- System telemetry and data tables refresh correctly upon user interaction."
tenant_configuration,Tenant Configuration,ci,guest,/generated/tenant-configuration,created,No,Business workflow and domain data binding need verification; Authenticated browser and accessibility evidence is pending; No domain API is linked to this page,,GET /v1/governance/workspace,"- The Tenant Configuration route loads successfully within the Primecare Clinic workspace.
- The interface correctly displays all primary modules and active widgets.
- Role-based access control restricts unauthorized actions, permitting only Guest access.
- System telemetry and data tables refresh correctly upon user interaction."
touchpoint_analyzer,Touchpoint Analyzer,ci,guest,/generated/touchpoint-analyzer,created,No,Business workflow and domain data binding need verification; Authenticated browser and accessibility evidence is pending; No domain API is linked to this page,,GET /v1/governance/workspace,"- The Touchpoint Analyzer route loads successfully within the Primecare Clinic workspace.
- The interface correctly displays all primary modules and active widgets.
- Role-based access control restricts unauthorized actions, permitting only Guest access.
- System telemetry and data tables refresh correctly upon user interaction."
user_management,User Management,ci,guest,/generated/user-management,created,No,Business workflow and domain data binding need verification; Authenticated browser and accessibility evidence is pending,,GET /v1/admin/users; GET /v1/admin/users/audit; GET /v1/admin/users/creation-audit; GET /v1/admin/users/{userId}; DELETE /v1/admin/users/{userId}/sessions; GET /v1/admin/users/{userId}/sessions; GET /v1/governance/workspace,"- The User Management route loads successfully within the Primecare Clinic workspace.
- The interface correctly displays all primary modules and active widgets.
- Role-based access control restricts unauthorized actions, permitting only Guest access.
- System telemetry and data tables refresh correctly upon user interaction."
vendor_risk_assessor,Vendor Risk Assessor,ci,guest,/generated/vendor-risk-assessor,created,No,Business workflow and domain data binding need verification; Authenticated browser and accessibility evidence is pending; No domain API is linked to this page,,GET /v1/governance/workspace,"- The Vendor Risk Assessor route loads successfully within the Primecare Clinic workspace.
- The interface correctly displays all primary modules and active widgets.
- Role-based access control restricts unauthorized actions, permitting only Guest access.
- System telemetry and data tables refresh correctly upon user interaction."
board_of_directors_summary,Board Of Directors Summary,ci,guest,/generated/board-of-directors-summary,created,No,Business workflow and domain data binding need verification; Authenticated browser and accessibility evidence is pending; No domain API is linked to this page,,GET /v1/governance/workspace,"- The Board Of Directors Summary route loads successfully within the Primecare Clinic workspace.
- The interface correctly displays all primary modules and active widgets.
- Role-based access control restricts unauthorized actions, permitting only Guest access.
- System telemetry and data tables refresh correctly upon user interaction."
clinical_outcomes_report,Clinical Outcomes Report,ci,guest,/generated/clinical-outcomes-report,created,No,Business workflow and domain data binding need verification; Authenticated browser and accessibility evidence is pending; No domain API is linked to this page,,GET /v1/governance/workspace,"- The Clinical Outcomes Report route loads successfully within the Primecare Clinic workspace.
- The interface correctly displays all primary modules and active widgets.
- Role-based access control restricts unauthorized actions, permitting only Guest access.
- System telemetry and data tables refresh correctly upon user interaction."
financial_forecasting_model,Financial Forecasting Model,ci,guest,/generated/financial-forecasting-model,created,No,Business workflow and domain data binding need verification; Authenticated browser and accessibility evidence is pending; No domain API is linked to this page,,GET /v1/governance/workspace,"- The Financial Forecasting Model route loads successfully within the Primecare Clinic workspace.
- The interface correctly displays all primary modules and active widgets.
- Role-based access control restricts unauthorized actions, permitting only Guest access.
- System telemetry and data tables refresh correctly upon user interaction."
marketing_r_o_i_report,Marketing ROIReport,ci,guest,/generated/marketing-r-o-i-report,created,No,Business workflow and domain data binding need verification; Authenticated browser and accessibility evidence is pending; No domain API is linked to this page,,GET /v1/governance/workspace,"- The Marketing R O I Report route loads successfully within the Primecare Clinic workspace.
- The interface correctly displays all primary modules and active widgets.
- Role-based access control restricts unauthorized actions, permitting only Guest access.
- System telemetry and data tables refresh correctly upon user interaction."
operational_efficiency_metrics,Operational Efficiency Metrics,ci,guest,/generated/operational-efficiency-metrics,created,No,Business workflow and domain data binding need verification; Authenticated browser and accessibility evidence is pending; No domain API is linked to this page,,GET /v1/governance/workspace,"- The Operational Efficiency Metrics route loads successfully within the Primecare Clinic workspace.
- The interface correctly displays all primary modules and active widgets.
- Role-based access control restricts unauthorized actions, permitting only Guest access.
- System telemetry and data tables refresh correctly upon user interaction."
patient_retention_analytics,Patient Retention Analytics,ci,guest,/generated/patient-retention-analytics,created,No,Business workflow and domain data binding need verification; Authenticated browser and accessibility evidence is pending; No domain API is linked to this page,,GET /v1/governance/workspace,"- The Patient Retention Analytics route loads successfully within the Primecare Clinic workspace.
- The interface correctly displays all primary modules and active widgets.
- Role-based access control restricts unauthorized actions, permitting only Guest access.
- System telemetry and data tables refresh correctly upon user interaction."
population_health_analyzer,Population Health Analyzer,ci,guest,/generated/population-health-analyzer,created,No,Business workflow and domain data binding need verification; Authenticated browser and accessibility evidence is pending; No domain API is linked to this page,,GET /v1/governance/workspace,"- The Population Health Analyzer route loads successfully within the Primecare Clinic workspace.
- The interface correctly displays all primary modules and active widgets.
- Role-based access control restricts unauthorized actions, permitting only Guest access.
- System telemetry and data tables refresh correctly upon user interaction."
predictive_analytics_dashboard,Predictive Analytics Dashboard,ci,guest,/generated/predictive-analytics-dashboard,created,No,Business workflow and domain data binding need verification; Authenticated browser and accessibility evidence is pending; No domain API is linked to this page,,GET /v1/governance/workspace,"- The Predictive Analytics Dashboard route loads successfully within the Primecare Clinic workspace.
- The interface correctly displays all primary modules and active widgets.
- Role-based access control restricts unauthorized actions, permitting only Guest access.
- System telemetry and data tables refresh correctly upon user interaction."
staff_utilization_heatmap,Staff Utilization Heatmap,ci,guest,/generated/staff-utilization-heatmap,created,No,Business workflow and domain data binding need verification; Authenticated browser and accessibility evidence is pending; No domain API is linked to this page,,GET /v1/governance/workspace,"- The Staff Utilization Heatmap route loads successfully within the Primecare Clinic workspace.
- The interface correctly displays all primary modules and active widgets.
- Role-based access control restricts unauthorized actions, permitting only Guest access.
- System telemetry and data tables refresh correctly upon user interaction."
supply_chain_cost_analyzer,Supply Chain Cost Analyzer,ci,guest,/generated/supply-chain-cost-analyzer,created,No,Business workflow and domain data binding need verification; Authenticated browser and accessibility evidence is pending; No domain API is linked to this page,,GET /v1/governance/workspace,"- The Supply Chain Cost Analyzer route loads successfully within the Primecare Clinic workspace.
- The interface correctly displays all primary modules and active widgets.
- Role-based access control restricts unauthorized actions, permitting only Guest access.
- System telemetry and data tables refresh correctly upon user interaction."
forgot_password,Forgot Password,ci,guest,/generated/forgot-password,created,No,Business workflow and domain data binding need verification; Authenticated browser and accessibility evidence is pending; No domain API is linked to this page,,GET /v1/governance/workspace,"- The Forgot Password route loads successfully within the Primecare Clinic workspace.
- The interface correctly displays all primary modules and active widgets.
- Role-based access control restricts unauthorized actions, permitting only Guest access.
- System telemetry and data tables refresh correctly upon user interaction."
mfa,Mfa,ci,guest,/generated/mfa,created,No,Existing account flow requires separate evidence,,,"- The Mfa route loads successfully within the Primecare Clinic workspace.
- The interface correctly displays all primary modules and active widgets.
- Role-based access control restricts unauthorized actions, permitting only Guest access.
- System telemetry and data tables refresh correctly upon user interaction."
reset_password,Reset Password,ci,guest,/generated/reset-password,created,No,Existing account flow requires separate evidence,,,"- The Reset Password route loads successfully within the Primecare Clinic workspace.
- The interface correctly displays all primary modules and active widgets.
- Role-based access control restricts unauthorized actions, permitting only Guest access.
- System telemetry and data tables refresh correctly upon user interaction."
certification_renewal_alerts,Certification Renewal Alerts,ci,guest,/generated/certification-renewal-alerts,created,No,Business workflow and domain data binding need verification; Authenticated browser and accessibility evidence is pending; No domain API is linked to this page,,GET /v1/governance/workspace,"- The Certification Renewal Alerts route loads successfully within the Primecare Clinic workspace.
- The interface correctly displays all primary modules and active widgets.
- Role-based access control restricts unauthorized actions, permitting only Guest access.
- System telemetry and data tables refresh correctly upon user interaction."
clinical_guideline_library,Clinical Guideline Library,ci,guest,/generated/clinical-guideline-library,created,No,Business workflow and domain data binding need verification; Authenticated browser and accessibility evidence is pending; No domain API is linked to this page,,GET /v1/governance/workspace,"- The Clinical Guideline Library route loads successfully within the Primecare Clinic workspace.
- The interface correctly displays all primary modules and active widgets.
- Role-based access control restricts unauthorized actions, permitting only Guest access.
- System telemetry and data tables refresh correctly upon user interaction."
c_m_e_tracking_dashboard,CMETracking Dashboard,ci,guest,/generated/c-m-e-tracking-dashboard,created,No,Business workflow and domain data binding need verification; Authenticated browser and accessibility evidence is pending; No domain API is linked to this page,,GET /v1/governance/workspace,"- The C M E Tracking Dashboard route loads successfully within the Primecare Clinic workspace.
- The interface correctly displays all primary modules and active widgets.
- Role-based access control restricts unauthorized actions, permitting only Guest access.
- System telemetry and data tables refresh correctly upon user interaction."
journal_club_discussion_board,Journal Club Discussion Board,ci,guest,/generated/journal-club-discussion-board,created,No,Business workflow and domain data binding need verification; Authenticated browser and accessibility evidence is pending; No domain API is linked to this page,,GET /v1/governance/workspace,"- The Journal Club Discussion Board route loads successfully within the Primecare Clinic workspace.
- The interface correctly displays all primary modules and active widgets.
- Role-based access control restricts unauthorized actions, permitting only Guest access.
- System telemetry and data tables refresh correctly upon user interaction."
medical_library_access_portal,Medical Library Access Portal,ci,guest,/generated/medical-library-access-portal,created,No,Business workflow and domain data binding need verification; Authenticated browser and accessibility evidence is pending; No domain API is linked to this page,,GET /v1/governance/workspace,"- The Medical Library Access Portal route loads successfully within the Primecare Clinic workspace.
- The interface correctly displays all primary modules and active widgets.
- Role-based access control restricts unauthorized actions, permitting only Guest access.
- System telemetry and data tables refresh correctly upon user interaction."
patient_case_study_repository,Patient Case Study Repository,ci,guest,/generated/patient-case-study-repository,created,No,Business workflow and domain data binding need verification; Authenticated browser and accessibility evidence is pending; No domain API is linked to this page,,GET /v1/governance/workspace,"- The Patient Case Study Repository route loads successfully within the Primecare Clinic workspace.
- The interface correctly displays all primary modules and active widgets.
- Role-based access control restricts unauthorized actions, permitting only Guest access.
- System telemetry and data tables refresh correctly upon user interaction."
peer_review_conference_room,Peer Review Conference Room,ci,guest,/generated/peer-review-conference-room,created,No,Business workflow and domain data binding need verification; Authenticated browser and accessibility evidence is pending; No domain API is linked to this page,,GET /v1/governance/workspace,"- The Peer Review Conference Room route loads successfully within the Primecare Clinic workspace.
- The interface correctly displays all primary modules and active widgets.
- Role-based access control restricts unauthorized actions, permitting only Guest access.
- System telemetry and data tables refresh correctly upon user interaction."
residency_program_tracker,Residency Program Tracker,ci,guest,/generated/residency-program-tracker,created,No,Business workflow and domain data binding need verification; Authenticated browser and accessibility evidence is pending; No domain API is linked to this page,,GET /v1/governance/workspace,"- The Residency Program Tracker route loads successfully within the Primecare Clinic workspace.
- The interface correctly displays all primary modules and active widgets.
- Role-based access control restricts unauthorized actions, permitting only Guest access.
- System telemetry and data tables refresh correctly upon user interaction."
simulation_lab_scheduler,Simulation Lab Scheduler,ci,guest,/generated/simulation-lab-scheduler,created,No,Business workflow and domain data binding need verification; Authenticated browser and accessibility evidence is pending; No domain API is linked to this page,,GET /v1/governance/workspace,"- The Simulation Lab Scheduler route loads successfully within the Primecare Clinic workspace.
- The interface correctly displays all primary modules and active widgets.
- Role-based access control restricts unauthorized actions, permitting only Guest access.
- System telemetry and data tables refresh correctly upon user interaction."
surgical_video_archive,Surgical Video Archive,ci,guest,/generated/surgical-video-archive,created,No,Business workflow and domain data binding need verification; Authenticated browser and accessibility evidence is pending; No domain API is linked to this page,,GET /v1/governance/workspace,"- The Surgical Video Archive route loads successfully within the Primecare Clinic workspace.
- The interface correctly displays all primary modules and active widgets.
- Role-based access control restricts unauthorized actions, permitting only Guest access.
- System telemetry and data tables refresh correctly upon user interaction."
billing_claims,Billing Claims,ci,guest,/generated/billing-claims,created,No,Business workflow and domain data binding need verification; Authenticated browser and accessibility evidence is pending; No domain API is linked to this page,,GET /v1/governance/workspace,"- The Billing Claims route loads successfully within the Primecare Clinic workspace.
- The interface correctly displays all primary modules and active widgets.
- Role-based access control restricts unauthorized actions, permitting only Guest access.
- System telemetry and data tables refresh correctly upon user interaction."
billing_invoices,Billing Invoices,ci,guest,/generated/billing-invoices,created,No,Business workflow and domain data binding need verification; Authenticated browser and accessibility evidence is pending; No domain API is linked to this page,,GET /v1/governance/workspace,"- The Billing Invoices route loads successfully within the Primecare Clinic workspace.
- The interface correctly displays all primary modules and active widgets.
- Role-based access control restricts unauthorized actions, permitting only Guest access.
- System telemetry and data tables refresh correctly upon user interaction."
billing_payments,Billing Payments,ci,guest,/generated/billing-payments,created,No,Business workflow and domain data binding need verification; Authenticated browser and accessibility evidence is pending; No domain API is linked to this page,,GET /v1/governance/workspace,"- The Billing Payments route loads successfully within the Primecare Clinic workspace.
- The interface correctly displays all primary modules and active widgets.
- Role-based access control restricts unauthorized actions, permitting only Guest access.
- System telemetry and data tables refresh correctly upon user interaction."
hr_applicants,Hr Applicants,ci,guest,/generated/hr-applicants,created,No,Business workflow and domain data binding need verification; Authenticated browser and accessibility evidence is pending; No domain API is linked to this page,,GET /v1/governance/workspace,"- The Hr Applicants route loads successfully within the Primecare Clinic workspace.
- The interface correctly displays all primary modules and active widgets.
- Role-based access control restricts unauthorized actions, permitting only Guest access.
- System telemetry and data tables refresh correctly upon user interaction."
hr_onboarding,Hr Onboarding,ci,guest,/generated/hr-onboarding,created,No,Business workflow and domain data binding need verification; Authenticated browser and accessibility evidence is pending; No domain API is linked to this page,,GET /v1/governance/workspace,"- The Hr Onboarding route loads successfully within the Primecare Clinic workspace.
- The interface correctly displays all primary modules and active widgets.
- Role-based access control restricts unauthorized actions, permitting only Guest access.
- System telemetry and data tables refresh correctly upon user interaction."
hr_staff_files,Hr Staff Files,ci,guest,/generated/hr-staff-files,created,No,Business workflow and domain data binding need verification; Authenticated browser and accessibility evidence is pending; No domain API is linked to this page,,GET /v1/governance/workspace,"- The Hr Staff Files route loads successfully within the Primecare Clinic workspace.
- The interface correctly displays all primary modules and active widgets.
- Role-based access control restricts unauthorized actions, permitting only Guest access.
- System telemetry and data tables refresh correctly upon user interaction."
receptionist_appointments,Receptionist Appointments,ci,guest,/generated/receptionist-appointments,created,No,Business workflow and domain data binding need verification; Authenticated browser and accessibility evidence is pending; No domain API is linked to this page,,GET /v1/governance/workspace,"- The Receptionist Appointments route loads successfully within the Primecare Clinic workspace.
- The interface correctly displays all primary modules and active widgets.
- Role-based access control restricts unauthorized actions, permitting only Guest access.
- System telemetry and data tables refresh correctly upon user interaction."
receptionist_calls,Receptionist Calls,ci,guest,/generated/receptionist-calls,created,No,Business workflow and domain data binding need verification; Authenticated browser and accessibility evidence is pending; No domain API is linked to this page,,GET /v1/governance/workspace,"- The Receptionist Calls route loads successfully within the Primecare Clinic workspace.
- The interface correctly displays all primary modules and active widgets.
- Role-based access control restricts unauthorized actions, permitting only Guest access.
- System telemetry and data tables refresh correctly upon user interaction."
receptionist_visitors,Receptionist Visitors,ci,guest,/generated/receptionist-visitors,created,No,Business workflow and domain data binding need verification; Authenticated browser and accessibility evidence is pending; No domain API is linked to this page,,GET /v1/governance/workspace,"- The Receptionist Visitors route loads successfully within the Primecare Clinic workspace.
- The interface correctly displays all primary modules and active widgets.
- Role-based access control restricts unauthorized actions, permitting only Guest access.
- System telemetry and data tables refresh correctly upon user interaction."
scheduler_availability,Scheduler Availability,ci,guest,/generated/scheduler-availability,created,No,Business workflow and domain data binding need verification; Authenticated browser and accessibility evidence is pending; No domain API is linked to this page,,GET /v1/governance/workspace,"- The Scheduler Availability route loads successfully within the Primecare Clinic workspace.
- The interface correctly displays all primary modules and active widgets.
- Role-based access control restricts unauthorized actions, permitting only Guest access.
- System telemetry and data tables refresh correctly upon user interaction."
scheduler_shifts,Scheduler Shifts,ci,guest,/generated/scheduler-shifts,created,No,Business workflow and domain data binding need verification; Authenticated browser and accessibility evidence is pending; No domain API is linked to this page,,GET /v1/governance/workspace,"- The Scheduler Shifts route loads successfully within the Primecare Clinic workspace.
- The interface correctly displays all primary modules and active widgets.
- Role-based access control restricts unauthorized actions, permitting only Guest access.
- System telemetry and data tables refresh correctly upon user interaction."
brand_asset_library,Brand Asset Library,ci,guest,/generated/brand-asset-library,created,No,Business workflow and domain data binding need verification; Authenticated browser and accessibility evidence is pending; No domain API is linked to this page,,GET /v1/governance/workspace,"- The Brand Asset Library route loads successfully within the Primecare Clinic workspace.
- The interface correctly displays all primary modules and active widgets.
- Role-based access control restricts unauthorized actions, permitting only Guest access.
- System telemetry and data tables refresh correctly upon user interaction."
campaign_performance_dashboard,Campaign Performance Dashboard,ci,guest,/generated/campaign-performance-dashboard,created,No,Business workflow and domain data binding need verification; Authenticated browser and accessibility evidence is pending; No domain API is linked to this page,,GET /v1/governance/workspace,"- The Campaign Performance Dashboard route loads successfully within the Primecare Clinic workspace.
- The interface correctly displays all primary modules and active widgets.
- Role-based access control restricts unauthorized actions, permitting only Guest access.
- System telemetry and data tables refresh correctly upon user interaction."
competitor_analysis_board,Competitor Analysis Board,ci,guest,/generated/competitor-analysis-board,created,No,Business workflow and domain data binding need verification; Authenticated browser and accessibility evidence is pending; No domain API is linked to this page,,GET /v1/governance/workspace,"- The Competitor Analysis Board route loads successfully within the Primecare Clinic workspace.
- The interface correctly displays all primary modules and active widgets.
- Role-based access control restricts unauthorized actions, permitting only Guest access.
- System telemetry and data tables refresh correctly upon user interaction."
email_marketing_automator,Email Marketing Automator,ci,guest,/generated/email-marketing-automator,created,No,Business workflow and domain data binding need verification; Authenticated browser and accessibility evidence is pending; No domain API is linked to this page,,GET /v1/governance/workspace,"- The Email Marketing Automator route loads successfully within the Primecare Clinic workspace.
- The interface correctly displays all primary modules and active widgets.
- Role-based access control restricts unauthorized actions, permitting only Guest access.
- System telemetry and data tables refresh correctly upon user interaction."
event_and_webinar_manager,Event And Webinar Manager,ci,guest,/generated/event-and-webinar-manager,created,No,Business workflow and domain data binding need verification; Authenticated browser and accessibility evidence is pending; No domain API is linked to this page,,GET /v1/governance/workspace,"- The Event And Webinar Manager route loads successfully within the Primecare Clinic workspace.
- The interface correctly displays all primary modules and active widgets.
- Role-based access control restricts unauthorized actions, permitting only Guest access.
- System telemetry and data tables refresh correctly upon user interaction."
lead_conversion_funnel,Lead Conversion Funnel,ci,guest,/generated/lead-conversion-funnel,created,No,Business workflow and domain data binding need verification; Authenticated browser and accessibility evidence is pending; No domain API is linked to this page,,GET /v1/governance/workspace,"- The Lead Conversion Funnel route loads successfully within the Primecare Clinic workspace.
- The interface correctly displays all primary modules and active widgets.
- Role-based access control restricts unauthorized actions, permitting only Guest access.
- System telemetry and data tables refresh correctly upon user interaction."
patient_acquisition_cost_tracker,Patient Acquisition Cost Tracker,ci,guest,/generated/patient-acquisition-cost-tracker,created,No,Business workflow and domain data binding need verification; Authenticated browser and accessibility evidence is pending; No domain API is linked to this page,,GET /v1/governance/workspace,"- The Patient Acquisition Cost Tracker route loads successfully within the Primecare Clinic workspace.
- The interface correctly displays all primary modules and active widgets.
- Role-based access control restricts unauthorized actions, permitting only Guest access.
- System telemetry and data tables refresh correctly upon user interaction."
referral_network_manager,Referral Network Manager,ci,guest,/generated/referral-network-manager,created,No,Business workflow and domain data binding need verification; Authenticated browser and accessibility evidence is pending; No domain API is linked to this page,,GET /v1/governance/workspace,"- The Referral Network Manager route loads successfully within the Primecare Clinic workspace.
- The interface correctly displays all primary modules and active widgets.
- Role-based access control restricts unauthorized actions, permitting only Guest access.
- System telemetry and data tables refresh correctly upon user interaction."
social_media_sentiment_analyzer,Social Media Sentiment Analyzer,ci,guest,/generated/social-media-sentiment-analyzer,created,No,Business workflow and domain data binding need verification; Authenticated browser and accessibility evidence is pending; No domain API is linked to this page,,GET /v1/governance/workspace,"- The Social Media Sentiment Analyzer route loads successfully within the Primecare Clinic workspace.
- The interface correctly displays all primary modules and active widgets.
- Role-based access control restricts unauthorized actions, permitting only Guest access.
- System telemetry and data tables refresh correctly upon user interaction."
territory_sales_mapping,Territory Sales Mapping,ci,guest,/generated/territory-sales-mapping,created,No,Business workflow and domain data binding need verification; Authenticated browser and accessibility evidence is pending; No domain API is linked to this page,,GET /v1/governance/workspace,"- The Territory Sales Mapping route loads successfully within the Primecare Clinic workspace.
- The interface correctly displays all primary modules and active widgets.
- Role-based access control restricts unauthorized actions, permitting only Guest access.
- System telemetry and data tables refresh correctly upon user interaction."
app_notification,App Notification,ci,guest,/generated/app-notification,created,No,Business workflow and domain data binding need verification; Authenticated browser and accessibility evidence is pending; No domain API is linked to this page,,GET /v1/governance/workspace,"- The App Notification route loads successfully within the Primecare Clinic workspace.
- The interface correctly displays all primary modules and active widgets.
- Role-based access control restricts unauthorized actions, permitting only Guest access.
- System telemetry and data tables refresh correctly upon user interaction."
gamification_profile,Gamification Profile,ci,guest,/generated/gamification-profile,created,No,Business workflow and domain data binding need verification; Authenticated browser and accessibility evidence is pending; No domain API is linked to this page,,GET /v1/governance/workspace,"- The Gamification Profile route loads successfully within the Primecare Clinic workspace.
- The interface correctly displays all primary modules and active widgets.
- Role-based access control restricts unauthorized actions, permitting only Guest access.
- System telemetry and data tables refresh correctly upon user interaction."
security_incident,Security Incident,ci,guest,/generated/security-incident,created,No,Business workflow and domain data binding need verification; Authenticated browser and accessibility evidence is pending; No domain API is linked to this page,,GET /v1/governance/workspace,"- The Security Incident route loads successfully within the Primecare Clinic workspace.
- The interface correctly displays all primary modules and active widgets.
- Role-based access control restricts unauthorized actions, permitting only Guest access.
- System telemetry and data tables refresh correctly upon user interaction."
service_procurement,Service Procurement,ci,guest,/generated/service-procurement,created,No,Business workflow and domain data binding need verification; Authenticated browser and accessibility evidence is pending; No domain API is linked to this page,,GET /v1/governance/workspace,"- The Service Procurement route loads successfully within the Primecare Clinic workspace.
- The interface correctly displays all primary modules and active widgets.
- Role-based access control restricts unauthorized actions, permitting only Guest access.
- System telemetry and data tables refresh correctly upon user interaction."
site_readiness,Site Readiness,ci,guest,/generated/site-readiness,created,No,Business workflow and domain data binding need verification; Authenticated browser and accessibility evidence is pending; No domain API is linked to this page,,GET /v1/governance/workspace,"- The Site Readiness route loads successfully within the Primecare Clinic workspace.
- The interface correctly displays all primary modules and active widgets.
- Role-based access control restricts unauthorized actions, permitting only Guest access.
- System telemetry and data tables refresh correctly upon user interaction."
virtual_consult,Virtual Consult,ci,guest,/generated/virtual-consult,created,No,Business workflow and domain data binding need verification; Authenticated browser and accessibility evidence is pending; No domain API is linked to this page,,GET /v1/governance/workspace,"- The Virtual Consult route loads successfully within the Primecare Clinic workspace.
- The interface correctly displays all primary modules and active widgets.
- Role-based access control restricts unauthorized actions, permitting only Guest access.
- System telemetry and data tables refresh correctly upon user interaction."
chemotherapy_protocol_builder,Chemotherapy Protocol Builder,ci,guest,/generated/chemotherapy-protocol-builder,created,No,Business workflow and domain data binding need verification; Authenticated browser and accessibility evidence is pending; No domain API is linked to this page,,GET /v1/governance/workspace,"- The Chemotherapy Protocol Builder route loads successfully within the Primecare Clinic workspace.
- The interface correctly displays all primary modules and active widgets.
- Role-based access control restricts unauthorized actions, permitting only Guest access.
- System telemetry and data tables refresh correctly upon user interaction."
controlled_substance_log,Controlled Substance Log,ci,guest,/generated/controlled-substance-log,created,No,Business workflow and domain data binding need verification; Authenticated browser and accessibility evidence is pending; No domain API is linked to this page,,GET /v1/governance/workspace,"- The Controlled Substance Log route loads successfully within the Primecare Clinic workspace.
- The interface correctly displays all primary modules and active widgets.
- Role-based access control restricts unauthorized actions, permitting only Guest access.
- System telemetry and data tables refresh correctly upon user interaction."
drug_interaction_alert_center,Drug Interaction Alert Center,ci,guest,/generated/drug-interaction-alert-center,created,No,Business workflow and domain data binding need verification; Authenticated browser and accessibility evidence is pending; No domain API is linked to this page,,GET /v1/governance/workspace,"- The Drug Interaction Alert Center route loads successfully within the Primecare Clinic workspace.
- The interface correctly displays all primary modules and active widgets.
- Role-based access control restricts unauthorized actions, permitting only Guest access.
- System telemetry and data tables refresh correctly upon user interaction."
formulary_compliance_manager,Formulary Compliance Manager,ci,guest,/generated/formulary-compliance-manager,created,No,Business workflow and domain data binding need verification; Authenticated browser and accessibility evidence is pending; No domain API is linked to this page,,GET /v1/governance/workspace,"- The Formulary Compliance Manager route loads successfully within the Primecare Clinic workspace.
- The interface correctly displays all primary modules and active widgets.
- Role-based access control restricts unauthorized actions, permitting only Guest access.
- System telemetry and data tables refresh correctly upon user interaction."
inpatient_pharmacy_queue,Inpatient Pharmacy Queue,ci,guest,/generated/inpatient-pharmacy-queue,created,No,Business workflow and domain data binding need verification; Authenticated browser and accessibility evidence is pending; No domain API is linked to this page,,GET /v1/governance/workspace,"- The Inpatient Pharmacy Queue route loads successfully within the Primecare Clinic workspace.
- The interface correctly displays all primary modules and active widgets.
- Role-based access control restricts unauthorized actions, permitting only Guest access.
- System telemetry and data tables refresh correctly upon user interaction."
medication_reconciliation_tool,Medication Reconciliation Tool,ci,guest,/generated/medication-reconciliation-tool,created,No,Business workflow and domain data binding need verification; Authenticated browser and accessibility evidence is pending; No domain API is linked to this page,,GET /v1/governance/workspace,"- The Medication Reconciliation Tool route loads successfully within the Primecare Clinic workspace.
- The interface correctly displays all primary modules and active widgets.
- Role-based access control restricts unauthorized actions, permitting only Guest access.
- System telemetry and data tables refresh correctly upon user interaction."
outpatient_prescription_tracker,Outpatient Prescription Tracker,ci,guest,/generated/outpatient-prescription-tracker,created,No,Business workflow and domain data binding need verification; Authenticated browser and accessibility evidence is pending; No domain API is linked to this page,,GET /v1/governance/workspace,"- The Outpatient Prescription Tracker route loads successfully within the Primecare Clinic workspace.
- The interface correctly displays all primary modules and active widgets.
- Role-based access control restricts unauthorized actions, permitting only Guest access.
- System telemetry and data tables refresh correctly upon user interaction."
patient_medication_adherence,Patient Medication Adherence,ci,guest,/generated/patient-medication-adherence,created,No,Business workflow and domain data binding need verification; Authenticated browser and accessibility evidence is pending; No domain API is linked to this page,,GET /v1/governance/workspace,"- The Patient Medication Adherence route loads successfully within the Primecare Clinic workspace.
- The interface correctly displays all primary modules and active widgets.
- Role-based access control restricts unauthorized actions, permitting only Guest access.
- System telemetry and data tables refresh correctly upon user interaction."
pharmacy_dispensing_dashboard,Pharmacy Dispensing Dashboard,ci,guest,/generated/pharmacy-dispensing-dashboard,created,No,Business workflow and domain data binding need verification; Authenticated browser and accessibility evidence is pending; No domain API is linked to this page,,GET /v1/governance/workspace,"- The Pharmacy Dispensing Dashboard route loads successfully within the Primecare Clinic workspace.
- The interface correctly displays all primary modules and active widgets.
- Role-based access control restricts unauthorized actions, permitting only Guest access.
- System telemetry and data tables refresh correctly upon user interaction."
pharmacy_inventory_management,Pharmacy Inventory Management,ci,guest,/generated/pharmacy-inventory-management,created,No,Business workflow and domain data binding need verification; Authenticated browser and accessibility evidence is pending; No domain API is linked to this page,,GET /v1/governance/workspace,"- The Pharmacy Inventory Management route loads successfully within the Primecare Clinic workspace.
- The interface correctly displays all primary modules and active widgets.
- Role-based access control restricts unauthorized actions, permitting only Guest access.
- System telemetry and data tables refresh correctly upon user interaction."
community_health_needs_assessment,Community Health Needs Assessment,ci,guest,/generated/community-health-needs-assessment,created,No,Business workflow and domain data binding need verification; Authenticated browser and accessibility evidence is pending; No domain API is linked to this page,,GET /v1/governance/workspace,"- The Community Health Needs Assessment route loads successfully within the Primecare Clinic workspace.
- The interface correctly displays all primary modules and active widgets.
- Role-based access control restricts unauthorized actions, permitting only Guest access.
- System telemetry and data tables refresh correctly upon user interaction."
environmental_health_hazards,Environmental Health Hazards,ci,guest,/generated/environmental-health-hazards,created,No,Business workflow and domain data binding need verification; Authenticated browser and accessibility evidence is pending; No domain API is linked to this page,,GET /v1/governance/workspace,"- The Environmental Health Hazards route loads successfully within the Primecare Clinic workspace.
- The interface correctly displays all primary modules and active widgets.
- Role-based access control restricts unauthorized actions, permitting only Guest access.
- System telemetry and data tables refresh correctly upon user interaction."
epidemiological_surveillance_dashboard,Epidemiological Surveillance Dashboard,ci,guest,/generated/epidemiological-surveillance-dashboard,created,No,Business workflow and domain data binding need verification; Authenticated browser and accessibility evidence is pending; No domain API is linked to this page,,GET /v1/governance/workspace,"- The Epidemiological Surveillance Dashboard route loads successfully within the Primecare Clinic workspace.
- The interface correctly displays all primary modules and active widgets.
- Role-based access control restricts unauthorized actions, permitting only Guest access.
- System telemetry and data tables refresh correctly upon user interaction."
mobile_clinic_dispatch,Mobile Clinic Dispatch,ci,guest,/generated/mobile-clinic-dispatch,created,No,Business workflow and domain data binding need verification; Authenticated browser and accessibility evidence is pending; No domain API is linked to this page,,GET /v1/governance/workspace,"- The Mobile Clinic Dispatch route loads successfully within the Primecare Clinic workspace.
- The interface correctly displays all primary modules and active widgets.
- Role-based access control restricts unauthorized actions, permitting only Guest access.
- System telemetry and data tables refresh correctly upon user interaction."
public_health_alert_broadcaster,Public Health Alert Broadcaster,ci,guest,/generated/public-health-alert-broadcaster,created,No,Business workflow and domain data binding need verification; Authenticated browser and accessibility evidence is pending; No domain API is linked to this page,,GET /v1/governance/workspace,"- The Public Health Alert Broadcaster route loads successfully within the Primecare Clinic workspace.
- The interface correctly displays all primary modules and active widgets.
- Role-based access control restricts unauthorized actions, permitting only Guest access.
- System telemetry and data tables refresh correctly upon user interaction."
school_health_program_dashboard,School Health Program Dashboard,ci,guest,/generated/school-health-program-dashboard,created,No,Business workflow and domain data binding need verification; Authenticated browser and accessibility evidence is pending; No domain API is linked to this page,,GET /v1/governance/workspace,"- The School Health Program Dashboard route loads successfully within the Primecare Clinic workspace.
- The interface correctly displays all primary modules and active widgets.
- Role-based access control restricts unauthorized actions, permitting only Guest access.
- System telemetry and data tables refresh correctly upon user interaction."
social_determinants_of_health_tracker,Social Determinants Of Health Tracker,ci,guest,/generated/social-determinants-of-health-tracker,created,No,Business workflow and domain data binding need verification; Authenticated browser and accessibility evidence is pending; No domain API is linked to this page,,GET /v1/governance/workspace,"- The Social Determinants Of Health Tracker route loads successfully within the Primecare Clinic workspace.
- The interface correctly displays all primary modules and active widgets.
- Role-based access control restricts unauthorized actions, permitting only Guest access.
- System telemetry and data tables refresh correctly upon user interaction."
substance_abuse_prevention_tracker,Substance Abuse Prevention Tracker,ci,guest,/generated/substance-abuse-prevention-tracker,created,No,Business workflow and domain data binding need verification; Authenticated browser and accessibility evidence is pending; No domain API is linked to this page,,GET /v1/governance/workspace,"- The Substance Abuse Prevention Tracker route loads successfully within the Primecare Clinic workspace.
- The interface correctly displays all primary modules and active widgets.
- Role-based access control restricts unauthorized actions, permitting only Guest access.
- System telemetry and data tables refresh correctly upon user interaction."
vaccination_campaign_manager,Vaccination Campaign Manager,ci,guest,/generated/vaccination-campaign-manager,created,No,Business workflow and domain data binding need verification; Authenticated browser and accessibility evidence is pending; No domain API is linked to this page,,GET /v1/governance/workspace,"- The Vaccination Campaign Manager route loads successfully within the Primecare Clinic workspace.
- The interface correctly displays all primary modules and active widgets.
- Role-based access control restricts unauthorized actions, permitting only Guest access.
- System telemetry and data tables refresh correctly upon user interaction."
vulnerable_population_registry,Vulnerable Population Registry,ci,guest,/generated/vulnerable-population-registry,created,No,Business workflow and domain data binding need verification; Authenticated browser and accessibility evidence is pending; No domain API is linked to this page,,GET /v1/governance/workspace,"- The Vulnerable Population Registry route loads successfully within the Primecare Clinic workspace.
- The interface correctly displays all primary modules and active widgets.
- Role-based access control restricts unauthorized actions, permitting only Guest access.
- System telemetry and data tables refresh correctly upon user interaction."
adverse_event_reporting_portal,Adverse Event Reporting Portal,ci,guest,/generated/adverse-event-reporting-portal,created,No,Business workflow and domain data binding need verification; Authenticated browser and accessibility evidence is pending; No domain API is linked to this page,,GET /v1/governance/workspace,"- The Adverse Event Reporting Portal route loads successfully within the Primecare Clinic workspace.
- The interface correctly displays all primary modules and active widgets.
- Role-based access control restricts unauthorized actions, permitting only Guest access.
- System telemetry and data tables refresh correctly upon user interaction."
biospecimen_inventory_tracker,Biospecimen Inventory Tracker,ci,guest,/generated/biospecimen-inventory-tracker,created,No,Business workflow and domain data binding need verification; Authenticated browser and accessibility evidence is pending; No domain API is linked to this page,,GET /v1/governance/workspace,"- The Biospecimen Inventory Tracker route loads successfully within the Primecare Clinic workspace.
- The interface correctly displays all primary modules and active widgets.
- Role-based access control restricts unauthorized actions, permitting only Guest access.
- System telemetry and data tables refresh correctly upon user interaction."
clinical_trial_recruitment_dashboard,Clinical Trial Recruitment Dashboard,ci,guest,/generated/clinical-trial-recruitment-dashboard,created,No,Business workflow and domain data binding need verification; Authenticated browser and accessibility evidence is pending; No domain API is linked to this page,,GET /v1/governance/workspace,"- The Clinical Trial Recruitment Dashboard route loads successfully within the Primecare Clinic workspace.
- The interface correctly displays all primary modules and active widgets.
- Role-based access control restricts unauthorized actions, permitting only Guest access.
- System telemetry and data tables refresh correctly upon user interaction."
grant_funding_allocation,Grant Funding Allocation,ci,guest,/generated/grant-funding-allocation,created,No,Business workflow and domain data binding need verification; Authenticated browser and accessibility evidence is pending; No domain API is linked to this page,,GET /v1/governance/workspace,"- The Grant Funding Allocation route loads successfully within the Primecare Clinic workspace.
- The interface correctly displays all primary modules and active widgets.
- Role-based access control restricts unauthorized actions, permitting only Guest access.
- System telemetry and data tables refresh correctly upon user interaction."
informed_consent_tracker,Informed Consent Tracker,ci,guest,/generated/informed-consent-tracker,created,No,Business workflow and domain data binding need verification; Authenticated browser and accessibility evidence is pending; No domain API is linked to this page,,GET /v1/governance/workspace,"- The Informed Consent Tracker route loads successfully within the Primecare Clinic workspace.
- The interface correctly displays all primary modules and active widgets.
- Role-based access control restricts unauthorized actions, permitting only Guest access.
- System telemetry and data tables refresh correctly upon user interaction."
multi_center_trial_collaboration,Multi Center Trial Collaboration,ci,guest,/generated/multi-center-trial-collaboration,created,No,Business workflow and domain data binding need verification; Authenticated browser and accessibility evidence is pending; No domain API is linked to this page,,GET /v1/governance/workspace,"- The Multi Center Trial Collaboration route loads successfully within the Primecare Clinic workspace.
- The interface correctly displays all primary modules and active widgets.
- Role-based access control restricts unauthorized actions, permitting only Guest access.
- System telemetry and data tables refresh correctly upon user interaction."
patient_trial_outcomeser,Patient Trial Outcomeser,ci,guest,/generated/patient-trial-outcomeser,created,No,Business workflow and domain data binding need verification; Authenticated browser and accessibility evidence is pending; No domain API is linked to this page,,GET /v1/governance/workspace,"- The Patient Trial Outcomeser route loads successfully within the Primecare Clinic workspace.
- The interface correctly displays all primary modules and active widgets.
- Role-based access control restricts unauthorized actions, permitting only Guest access.
- System telemetry and data tables refresh correctly upon user interaction."
research_protocol_manager,Research Protocol Manager,ci,guest,/generated/research-protocol-manager,created,No,Business workflow and domain data binding need verification; Authenticated browser and accessibility evidence is pending; No domain API is linked to this page,,GET /v1/governance/workspace,"- The Research Protocol Manager route loads successfully within the Primecare Clinic workspace.
- The interface correctly displays all primary modules and active widgets.
- Role-based access control restricts unauthorized actions, permitting only Guest access.
- System telemetry and data tables refresh correctly upon user interaction."
research_publication_drafting,Research Publication Drafting,ci,guest,/generated/research-publication-drafting,created,No,Business workflow and domain data binding need verification; Authenticated browser and accessibility evidence is pending; No domain API is linked to this page,,GET /v1/governance/workspace,"- The Research Publication Drafting route loads successfully within the Primecare Clinic workspace.
- The interface correctly displays all primary modules and active widgets.
- Role-based access control restricts unauthorized actions, permitting only Guest access.
- System telemetry and data tables refresh correctly upon user interaction."
trial_data_collection_c_r_f,Trial Data Collection CRFScreen,ci,guest,/generated/trial-data-collection-c-r-f,created,No,Business workflow and domain data binding need verification; Authenticated browser and accessibility evidence is pending; No domain API is linked to this page,,GET /v1/governance/workspace,"- The Trial Data Collection C R F route loads successfully within the Primecare Clinic workspace.
- The interface correctly displays all primary modules and active widgets.
- Role-based access control restricts unauthorized actions, permitting only Guest access.
- System telemetry and data tables refresh correctly upon user interaction."
asynchronous_consultation_inbox,Asynchronous Consultation Inbox,ci,guest,/generated/asynchronous-consultation-inbox,created,No,Business workflow and domain data binding need verification; Authenticated browser and accessibility evidence is pending; No domain API is linked to this page,,GET /v1/governance/workspace,"- The Asynchronous Consultation Inbox route loads successfully within the Primecare Clinic workspace.
- The interface correctly displays all primary modules and active widgets.
- Role-based access control restricts unauthorized actions, permitting only Guest access.
- System telemetry and data tables refresh correctly upon user interaction."
chronic_care_management_tracker,Chronic Care Management Tracker,ci,guest,/generated/chronic-care-management-tracker,created,No,Business workflow and domain data binding need verification; Authenticated browser and accessibility evidence is pending; No domain API is linked to this page,,GET /v1/governance/workspace,"- The Chronic Care Management Tracker route loads successfully within the Primecare Clinic workspace.
- The interface correctly displays all primary modules and active widgets.
- Role-based access control restricts unauthorized actions, permitting only Guest access.
- System telemetry and data tables refresh correctly upon user interaction."
device_integration_hub,Device Integration Hub,ci,guest,/generated/device-integration-hub,created,No,Business workflow and domain data binding need verification; Authenticated browser and accessibility evidence is pending; No domain API is linked to this page,,GET /v1/governance/workspace,"- The Device Integration Hub route loads successfully within the Primecare Clinic workspace.
- The interface correctly displays all primary modules and active widgets.
- Role-based access control restricts unauthorized actions, permitting only Guest access.
- System telemetry and data tables refresh correctly upon user interaction."
digital_symptom_checker,Digital Symptom Checker,ci,guest,/generated/digital-symptom-checker,created,No,Business workflow and domain data binding need verification; Authenticated browser and accessibility evidence is pending; No domain API is linked to this page,,GET /v1/governance/workspace,"- The Digital Symptom Checker route loads successfully within the Primecare Clinic workspace.
- The interface correctly displays all primary modules and active widgets.
- Role-based access control restricts unauthorized actions, permitting only Guest access.
- System telemetry and data tables refresh correctly upon user interaction."
remote_diagnosticser,Remote Diagnosticser,ci,guest,/generated/remote-diagnosticser,created,No,Business workflow and domain data binding need verification; Authenticated browser and accessibility evidence is pending; No domain API is linked to this page,,GET /v1/governance/workspace,"- The Remote Diagnosticser route loads successfully within the Primecare Clinic workspace.
- The interface correctly displays all primary modules and active widgets.
- Role-based access control restricts unauthorized actions, permitting only Guest access.
- System telemetry and data tables refresh correctly upon user interaction."
remote_patient_monitoring_dashboard,Remote Patient Monitoring Dashboard,ci,guest,/generated/remote-patient-monitoring-dashboard,created,No,Business workflow and domain data binding need verification; Authenticated browser and accessibility evidence is pending; No domain API is linked to this page,,GET /v1/governance/workspace,"- The Remote Patient Monitoring Dashboard route loads successfully within the Primecare Clinic workspace.
- The interface correctly displays all primary modules and active widgets.
- Role-based access control restricts unauthorized actions, permitting only Guest access.
- System telemetry and data tables refresh correctly upon user interaction."
telehealth_consultation_room,Telehealth Consultation Room,ci,guest,/generated/telehealth-consultation-room,created,No,Business workflow and domain data binding need verification; Authenticated browser and accessibility evidence is pending; No domain API is linked to this page,,GET /v1/governance/workspace,"- The Telehealth Consultation Room route loads successfully within the Primecare Clinic workspace.
- The interface correctly displays all primary modules and active widgets.
- Role-based access control restricts unauthorized actions, permitting only Guest access.
- System telemetry and data tables refresh correctly upon user interaction."
telehealth_quality_metrics,Telehealth Quality Metrics,ci,guest,/generated/telehealth-quality-metrics,created,No,Business workflow and domain data binding need verification; Authenticated browser and accessibility evidence is pending; No domain API is linked to this page,,GET /v1/governance/workspace,"- The Telehealth Quality Metrics route loads successfully within the Primecare Clinic workspace.
- The interface correctly displays all primary modules and active widgets.
- Role-based access control restricts unauthorized actions, permitting only Guest access.
- System telemetry and data tables refresh correctly upon user interaction."
telemedicine_prescription_pad,Telemedicine Prescription Pad,ci,guest,/generated/telemedicine-prescription-pad,created,No,Business workflow and domain data binding need verification; Authenticated browser and accessibility evidence is pending; No domain API is linked to this page,,GET /v1/governance/workspace,"- The Telemedicine Prescription Pad route loads successfully within the Primecare Clinic workspace.
- The interface correctly displays all primary modules and active widgets.
- Role-based access control restricts unauthorized actions, permitting only Guest access.
- System telemetry and data tables refresh correctly upon user interaction."
virtual_waiting_room,Virtual Waiting Room,ci,guest,/generated/virtual-waiting-room,created,No,Business workflow and domain data binding need verification; Authenticated browser and accessibility evidence is pending; No domain API is linked to this page,,GET /v1/governance/workspace,"- The Virtual Waiting Room route loads successfully within the Primecare Clinic workspace.
- The interface correctly displays all primary modules and active widgets.
- Role-based access control restricts unauthorized actions, permitting only Guest access.
- System telemetry and data tables refresh correctly upon user interaction."
screen_audit,Screen Audit,ci,guest,/generated/screen-audit,created,No,Business workflow and domain data binding need verification; Authenticated browser and accessibility evidence is pending; No domain API is linked to this page,,GET /v1/governance/workspace,"- The Screen Audit route loads successfully within the Primecare Clinic workspace.
- The interface correctly displays all primary modules and active widgets.
- Role-based access control restricts unauthorized actions, permitting only Guest access.
- System telemetry and data tables refresh correctly upon user interaction."
dynamic_dashboard,Dynamic Dashboard,ci,guest,/generated/dynamic-dashboard,created,No,Business workflow and domain data binding need verification; Authenticated browser and accessibility evidence is pending; No domain API is linked to this page,,GET /v1/governance/workspace,"- The Dynamic Dashboard route loads successfully within the Primecare Clinic workspace.
- The interface correctly displays all primary modules and active widgets.
- Role-based access control restricts unauthorized actions, permitting only Guest access.
- System telemetry and data tables refresh correctly upon user interaction."
screen_not_implemented,Screen Not Implemented,ci,guest,/generated/screen-not-implemented,created,No,Business workflow and domain data binding need verification; Authenticated browser and accessibility evidence is pending; No domain API is linked to this page,,GET /v1/governance/workspace,"- The Screen Not Implemented route loads successfully within the Primecare Clinic workspace.
- The interface correctly displays all primary modules and active widgets.
- Role-based access control restricts unauthorized actions, permitting only Guest access.
- System telemetry and data tables refresh correctly upon user interaction."
screen_progress_dashboard,Screen Progress Dashboard,go,governance,/management/screen-progress-dashboard,created,No,Business workflow and domain data binding need verification; Authenticated browser and accessibility evidence is pending,,GET /v1/governance/page-progress; GET /v1/governance/workspace,"- The ScreenProgressDashboardScreen route loads successfully within the Primecare Client workspace.
- The interface correctly displays all primary modules and active widgets.
- Role-based access control restricts unauthorized actions, permitting only Authorized Staff access.
- System telemetry and data tables refresh correctly upon user interaction."
admin_screen_health,Admin Screen Health,go,governance,/admin/screen-health,created,No,Business workflow and domain data binding need verification; Authenticated browser and accessibility evidence is pending,,GET /v1/governance/page-blueprints; GET /v1/governance/screen-health; GET /v1/governance/workspace,"- The AdminScreenHealthScreen route loads successfully within the PrimeCare UI Client workspace.
- The interface correctly displays all primary modules and active widgets.
- Role-based access control restricts unauthorized actions, permitting only Authorized Staff access.
- System telemetry and data tables refresh correctly upon user interaction."
MAINTENANCE_CONFIGURATION,IT Maintenance Configuration,su,maintenance,/maintenance/configuration,created,No,Existing account flow requires separate evidence,,,
