id,method,route,declared_service,verification_state,missing_contract_fields,screens,required_next_action
16450,GET,/api/clients,client,blocked,,client_profile,Resolve documented business/authorization dependency; keep access blocked
16451,POST,/api/clients,client,blocked,,client_profile,"Resolve documented business/authorization dependency; keep access blocked; define transactional workflow transitions, idempotency and audit semantics"
16458,GET,/api/compliance/audits,compliance,blocked,,compliance_manager_dashboard,Resolve documented business/authorization dependency; keep access blocked
16459,POST,/api/compliance/findings,compliance,blocked,,compliance_manager_dashboard,"Resolve documented business/authorization dependency; keep access blocked; define transactional workflow transitions, idempotency and audit semantics"
16456,GET,/api/invoices,billing,blocked,,client_profile,Resolve documented business/authorization dependency; keep access blocked
16452,GET,/api/providers,provider,blocked,,psw_profile,Resolve documented business/authorization dependency; keep access blocked
16453,GET,/api/providers/{providerId},provider,blocked,,psw_profile,Resolve documented business/authorization dependency; keep access blocked
16457,GET,/api/schedules,scheduling,blocked,,client_profile,Resolve documented business/authorization dependency; keep access blocked
16454,GET,/api/visits,visit,blocked,,client_profile,Resolve documented business/authorization dependency; keep access blocked
16455,POST,/api/visits,visit,blocked,,client_profile,"Resolve documented business/authorization dependency; keep access blocked; define transactional workflow transitions, idempotency and audit semantics"
1159,POST,/v1/adjustment-notes/compliance/scan,PRISMA,verification_pending,permission;requestSchema;responseSchema;screenLink,,"Inspect runtime and reconcile declaration; establish exact policy/tenant binding, validation and tests; define transactional workflow transitions, idempotency and audit semantics"
45,POST,/v1/admin/actions/audit-chain/stats,PRISMA,verification_pending,permission;requestSchema;responseSchema;screenLink,,"Inspect runtime and reconcile declaration; establish exact policy/tenant binding, validation and tests; define transactional workflow transitions, idempotency and audit semantics"
44,POST,/v1/admin/actions/audit-chain/verify,PRISMA,verification_pending,permission;requestSchema;responseSchema;screenLink,,"Inspect runtime and reconcile declaration; establish exact policy/tenant binding, validation and tests; define transactional workflow transitions, idempotency and audit semantics"
35,POST,/v1/admin/actions/backup,PRISMA,verification_pending,permission;requestSchema;responseSchema;screenLink,,"Inspect runtime and reconcile declaration; establish exact policy/tenant binding, validation and tests; define transactional workflow transitions, idempotency and audit semantics"
31,POST,/v1/admin/actions/commit-overrides,PRISMA,verification_pending,permission;requestSchema;responseSchema;screenLink,,"Inspect runtime and reconcile declaration; establish exact policy/tenant binding, validation and tests; define transactional workflow transitions, idempotency and audit semantics"
43,POST,/v1/admin/actions/emergency/trigger,PRISMA,verification_pending,permission;requestSchema;responseSchema;screenLink,,"Inspect runtime and reconcile declaration; establish exact policy/tenant binding, validation and tests; define transactional workflow transitions, idempotency and audit semantics"
32,POST,/v1/admin/actions/export,PRISMA,verification_pending,permission;requestSchema;responseSchema;screenLink,,"Inspect runtime and reconcile declaration; establish exact policy/tenant binding, validation and tests; define transactional workflow transitions, idempotency and audit semantics"
34,POST,/v1/admin/actions/optimize,PRISMA,verification_pending,permission;requestSchema;responseSchema;screenLink,,"Inspect runtime and reconcile declaration; establish exact policy/tenant binding, validation and tests; define transactional workflow transitions, idempotency and audit semantics"
36,POST,/v1/admin/actions/publish-content,PRISMA,verification_pending,permission;requestSchema;responseSchema;screenLink,,"Inspect runtime and reconcile declaration; establish exact policy/tenant binding, validation and tests; define transactional workflow transitions, idempotency and audit semantics"
40,POST,/v1/admin/actions/regions,PRISMA,verification_pending,permission;requestSchema;responseSchema;screenLink,,"Inspect runtime and reconcile declaration; establish exact policy/tenant binding, validation and tests; define transactional workflow transitions, idempotency and audit semantics"
37,POST,/v1/admin/actions/reindex-search,PRISMA,verification_pending,permission;requestSchema;responseSchema;screenLink,,"Inspect runtime and reconcile declaration; establish exact policy/tenant binding, validation and tests; define transactional workflow transitions, idempotency and audit semantics"
39,POST,/v1/admin/actions/shifts,PRISMA,verification_pending,permission;requestSchema;responseSchema;screenLink,,"Inspect runtime and reconcile declaration; establish exact policy/tenant binding, validation and tests; define transactional workflow transitions, idempotency and audit semantics"
41,POST,/v1/admin/actions/surveys,PRISMA,verification_pending,permission;requestSchema;responseSchema;screenLink,,"Inspect runtime and reconcile declaration; establish exact policy/tenant binding, validation and tests; define transactional workflow transitions, idempotency and audit semantics"
38,POST,/v1/admin/actions/suspend-reseller,PRISMA,verification_pending,permission;requestSchema;responseSchema;screenLink,,"Inspect runtime and reconcile declaration; establish exact policy/tenant binding, validation and tests; define transactional workflow transitions, idempotency and audit semantics"
42,POST,/v1/admin/actions/training-modules,PRISMA,verification_pending,permission;requestSchema;responseSchema;screenLink,,"Inspect runtime and reconcile declaration; establish exact policy/tenant binding, validation and tests; define transactional workflow transitions, idempotency and audit semantics"
33,POST,/v1/admin/actions/trigger-automation,PRISMA,verification_pending,permission;requestSchema;responseSchema;screenLink,,"Inspect runtime and reconcile declaration; establish exact policy/tenant binding, validation and tests; define transactional workflow transitions, idempotency and audit semantics"
378,POST,/v1/admin/ai-command,PRISMA,verification_pending,permission;requestSchema;responseSchema;screenLink,,"Inspect runtime and reconcile declaration; establish exact policy/tenant binding, validation and tests; define transactional workflow transitions, idempotency and audit semantics"
381,POST,/v1/admin/ai-command/config,PRISMA,verification_pending,permission;requestSchema;responseSchema;screenLink,,"Inspect runtime and reconcile declaration; establish exact policy/tenant binding, validation and tests; define transactional workflow transitions, idempotency and audit semantics"
380,POST,/v1/admin/ai-command/inferences,PRISMA,verification_pending,permission;requestSchema;responseSchema;screenLink,,"Inspect runtime and reconcile declaration; establish exact policy/tenant binding, validation and tests; define transactional workflow transitions, idempotency and audit semantics"
379,POST,/v1/admin/ai-command/models,PRISMA,verification_pending,permission;requestSchema;responseSchema;screenLink,,"Inspect runtime and reconcile declaration; establish exact policy/tenant binding, validation and tests; define transactional workflow transitions, idempotency and audit semantics"
157,POST,/v1/admin/ai-iot/predictions,PRISMA,verification_pending,permission;requestSchema;responseSchema;screenLink,,"Inspect runtime and reconcile declaration; establish exact policy/tenant binding, validation and tests; define transactional workflow transitions, idempotency and audit semantics"
158,POST,/v1/admin/ai-iot/telehealth/session,PRISMA,verification_pending,permission;requestSchema;responseSchema;screenLink,,"Inspect runtime and reconcile declaration; establish exact policy/tenant binding, validation and tests; define transactional workflow transitions, idempotency and audit semantics"
832,GET,/v1/admin/api-keys,PRISMA,verification_pending,permission;requestSchema;responseSchema;screenLink,,"Inspect runtime and reconcile declaration; establish exact policy/tenant binding, validation and tests"
146,POST,/v1/admin/audit-export/compliance-home,PRISMA,verification_pending,permission;requestSchema;responseSchema;screenLink,,"Inspect runtime and reconcile declaration; establish exact policy/tenant binding, validation and tests; define transactional workflow transitions, idempotency and audit semantics"
145,POST,/v1/admin/audit-export/download,PRISMA,verification_pending,permission;requestSchema;responseSchema;screenLink,,"Inspect runtime and reconcile declaration; establish exact policy/tenant binding, validation and tests; define transactional workflow transitions, idempotency and audit semantics"
147,POST,/v1/admin/audit-export/regulatory-report,PRISMA,verification_pending,permission;requestSchema;responseSchema;screenLink,,"Inspect runtime and reconcile declaration; establish exact policy/tenant binding, validation and tests; define transactional workflow transitions, idempotency and audit semantics"
833,GET,/v1/admin/audit-logs,PRISMA,verification_pending,permission;requestSchema;responseSchema;screenLink,,"Inspect runtime and reconcile declaration; establish exact policy/tenant binding, validation and tests"
807,POST,/v1/admin/audit-override,PRISMA,verification_pending,permission;requestSchema;responseSchema;screenLink,,"Inspect runtime and reconcile declaration; establish exact policy/tenant binding, validation and tests; define transactional workflow transitions, idempotency and audit semantics"
385,POST,/v1/admin/audit-trail,PRISMA,verification_pending,permission;requestSchema;responseSchema;screenLink,,"Inspect runtime and reconcile declaration; establish exact policy/tenant binding, validation and tests; define transactional workflow transitions, idempotency and audit semantics"
386,POST,/v1/admin/audit-trail/export,PRISMA,verification_pending,permission;requestSchema;responseSchema;screenLink,,"Inspect runtime and reconcile declaration; establish exact policy/tenant binding, validation and tests; define transactional workflow transitions, idempotency and audit semantics"
70,POST,/v1/admin/authorizations,PRISMA,verification_pending,permission;requestSchema;responseSchema;screenLink,,"Inspect runtime and reconcile declaration; establish exact policy/tenant binding, validation and tests; define transactional workflow transitions, idempotency and audit semantics"
71,POST,/v1/admin/authorizations/alerts,PRISMA,verification_pending,permission;requestSchema;responseSchema;screenLink,,"Inspect runtime and reconcile declaration; establish exact policy/tenant binding, validation and tests; define transactional workflow transitions, idempotency and audit semantics"
76,POST,/v1/admin/automation/clinical-autopilot/clinical-autopilot/run,PRISMA,verification_pending,permission;requestSchema;responseSchema;screenLink,,"Inspect runtime and reconcile declaration; establish exact policy/tenant binding, validation and tests; define transactional workflow transitions, idempotency and audit semantics"
47,POST,/v1/admin/billing-codes,PRISMA,verification_pending,permission;requestSchema;responseSchema;screenLink,,"Inspect runtime and reconcile declaration; establish exact policy/tenant binding, validation and tests; define transactional workflow transitions, idempotency and audit semantics"
107,POST,/v1/admin/blog,PRISMA,verification_pending,permission;requestSchema;responseSchema;screenLink,,"Inspect runtime and reconcile declaration; establish exact policy/tenant binding, validation and tests; define transactional workflow transitions, idempotency and audit semantics"
52,POST,/v1/admin/booking-requests,PRISMA,verification_pending,permission;requestSchema;responseSchema;screenLink,,"Inspect runtime and reconcile declaration; establish exact policy/tenant binding, validation and tests; define transactional workflow transitions, idempotency and audit semantics"
855,GET,/v1/admin/bot-audits,PRISMA,verification_pending,permission;requestSchema;responseSchema;screenLink,,"Inspect runtime and reconcile declaration; establish exact policy/tenant binding, validation and tests"
860,GET,/v1/admin/capacity/forecast,PRISMA,verification_pending,permission;requestSchema;responseSchema;screenLink,,"Inspect runtime and reconcile declaration; establish exact policy/tenant binding, validation and tests"
98,POST,/v1/admin/claims,PRISMA,verification_pending,permission;requestSchema;responseSchema;screenLink,,"Inspect runtime and reconcile declaration; establish exact policy/tenant binding, validation and tests; define transactional workflow transitions, idempotency and audit semantics"
100,POST,/v1/admin/claims/era,PRISMA,verification_pending,permission;requestSchema;responseSchema;screenLink,,"Inspect runtime and reconcile declaration; establish exact policy/tenant binding, validation and tests; define transactional workflow transitions, idempotency and audit semantics"
99,POST,/v1/admin/claims/scrub,PRISMA,verification_pending,permission;requestSchema;responseSchema;screenLink,,"Inspect runtime and reconcile declaration; establish exact policy/tenant binding, validation and tests; define transactional workflow transitions, idempotency and audit semantics"
102,POST,/v1/admin/claims/system/submit,PRISMA,verification_pending,permission;requestSchema;responseSchema;screenLink,,"Inspect runtime and reconcile declaration; establish exact policy/tenant binding, validation and tests; define transactional workflow transitions, idempotency and audit semantics"
101,POST,/v1/admin/claims/system/sync,PRISMA,verification_pending,permission;requestSchema;responseSchema;screenLink,,"Inspect runtime and reconcile declaration; establish exact policy/tenant binding, validation and tests; define transactional workflow transitions, idempotency and audit semantics"
53,POST,/v1/admin/clients,PRISMA,verification_pending,permission;requestSchema;responseSchema;screenLink,,"Inspect runtime and reconcile declaration; establish exact policy/tenant binding, validation and tests; define transactional workflow transitions, idempotency and audit semantics"
830,GET,/v1/admin/compliance/access-reviews,PRISMA,verification_pending,permission;requestSchema;responseSchema;screenLink,,"Inspect runtime and reconcile declaration; establish exact policy/tenant binding, validation and tests"
836,GET,/v1/admin/compliance/consents,PRISMA,verification_pending,permission;requestSchema;responseSchema;screenLink,,"Inspect runtime and reconcile declaration; establish exact policy/tenant binding, validation and tests"
837,GET,/v1/admin/compliance/data-privacy,PRISMA,verification_pending,permission;requestSchema;responseSchema;screenLink,,"Inspect runtime and reconcile declaration; establish exact policy/tenant binding, validation and tests"
843,GET,/v1/admin/compliance/hipaa-audit,PRISMA,verification_pending,permission;requestSchema;responseSchema;screenLink,,"Inspect runtime and reconcile declaration; establish exact policy/tenant binding, validation and tests"
848,GET,/v1/admin/compliance/osha-incidents,PRISMA,verification_pending,permission;requestSchema;responseSchema;screenLink,,"Inspect runtime and reconcile declaration; establish exact policy/tenant binding, validation and tests"
849,GET,/v1/admin/compliance/policy-exceptions,PRISMA,verification_pending,permission;requestSchema;responseSchema;screenLink,,"Inspect runtime and reconcile declaration; establish exact policy/tenant binding, validation and tests"
853,GET,/v1/admin/compliance/regulatory-radar,PRISMA,verification_pending,permission;requestSchema;responseSchema;screenLink,,"Inspect runtime and reconcile declaration; establish exact policy/tenant binding, validation and tests"
858,GET,/v1/admin/compliance/security-incidents,PRISMA,verification_pending,permission;requestSchema;responseSchema;screenLink,,"Inspect runtime and reconcile declaration; establish exact policy/tenant binding, validation and tests"
834,GET,/v1/admin/compliance/training,PRISMA,verification_pending,permission;requestSchema;responseSchema;screenLink,,"Inspect runtime and reconcile declaration; establish exact policy/tenant binding, validation and tests"
867,GET,/v1/admin/compliance/vendor-risk,PRISMA,verification_pending,permission;requestSchema;responseSchema;screenLink,,"Inspect runtime and reconcile declaration; establish exact policy/tenant binding, validation and tests"
835,GET,/v1/admin/configs/versions,PRISMA,verification_pending,permission;requestSchema;responseSchema;screenLink,,"Inspect runtime and reconcile declaration; establish exact policy/tenant binding, validation and tests"
67,POST,/v1/admin/consent,PRISMA,verification_pending,permission;requestSchema;responseSchema;screenLink,,"Inspect runtime and reconcile declaration; establish exact policy/tenant binding, validation and tests; define transactional workflow transitions, idempotency and audit semantics"
69,POST,/v1/admin/consent/expiring,PRISMA,verification_pending,permission;requestSchema;responseSchema;screenLink,,"Inspect runtime and reconcile declaration; establish exact policy/tenant binding, validation and tests; define transactional workflow transitions, idempotency and audit semantics"
68,POST,/v1/admin/consent/templates,PRISMA,verification_pending,permission;requestSchema;responseSchema;screenLink,,"Inspect runtime and reconcile declaration; establish exact policy/tenant binding, validation and tests; define transactional workflow transitions, idempotency and audit semantics"
428,POST,/v1/admin/content/publish,PRISMA,verification_pending,permission;requestSchema;responseSchema;screenLink,,"Inspect runtime and reconcile declaration; establish exact policy/tenant binding, validation and tests; define transactional workflow transitions, idempotency and audit semantics"
152,POST,/v1/admin/cron/authorization-exhaustion,PRISMA,verification_pending,permission;requestSchema;responseSchema;screenLink,,"Inspect runtime and reconcile declaration; establish exact policy/tenant binding, validation and tests; define transactional workflow transitions, idempotency and audit semantics"
150,POST,/v1/admin/cron/compliance-sweep,PRISMA,verification_pending,permission;requestSchema;responseSchema;screenLink,,"Inspect runtime and reconcile declaration; establish exact policy/tenant binding, validation and tests; define transactional workflow transitions, idempotency and audit semantics"
153,POST,/v1/admin/cron/inventory-reorder,PRISMA,verification_pending,permission;requestSchema;responseSchema;screenLink,,"Inspect runtime and reconcile declaration; establish exact policy/tenant binding, validation and tests; define transactional workflow transitions, idempotency and audit semantics"
151,POST,/v1/admin/cron/training-reminders,PRISMA,verification_pending,permission;requestSchema;responseSchema;screenLink,,"Inspect runtime and reconcile declaration; establish exact policy/tenant binding, validation and tests; define transactional workflow transitions, idempotency and audit semantics"
125,POST,/v1/admin/dam/accessibility/aria-labels,PRISMA,verification_pending,permission;requestSchema;responseSchema;screenLink,,"Inspect runtime and reconcile declaration; establish exact policy/tenant binding, validation and tests; define transactional workflow transitions, idempotency and audit semantics"
124,POST,/v1/admin/dam/analytics/browser-matrix,PRISMA,verification_pending,permission;requestSchema;responseSchema;screenLink,,"Inspect runtime and reconcile declaration; establish exact policy/tenant binding, validation and tests; define transactional workflow transitions, idempotency and audit semantics"
123,POST,/v1/admin/dam/compliance/legal-blockers,PRISMA,verification_pending,permission;requestSchema;responseSchema;screenLink,,"Inspect runtime and reconcile declaration; establish exact policy/tenant binding, validation and tests; define transactional workflow transitions, idempotency and audit semantics"
127,POST,/v1/admin/dam/content/dynamic-routing,PRISMA,verification_pending,permission;requestSchema;responseSchema;screenLink,,"Inspect runtime and reconcile declaration; establish exact policy/tenant binding, validation and tests; define transactional workflow transitions, idempotency and audit semantics"
126,POST,/v1/admin/dam/content/rich-text-policies,PRISMA,verification_pending,permission;requestSchema;responseSchema;screenLink,,"Inspect runtime and reconcile declaration; establish exact policy/tenant binding, validation and tests; define transactional workflow transitions, idempotency and audit semantics"
109,POST,/v1/admin/dam/design/sync-fonts,PRISMA,verification_pending,permission;requestSchema;responseSchema;screenLink,,"Inspect runtime and reconcile declaration; establish exact policy/tenant binding, validation and tests; define transactional workflow transitions, idempotency and audit semantics"
110,POST,/v1/admin/dam/design/sync-tokens,PRISMA,verification_pending,permission;requestSchema;responseSchema;screenLink,,"Inspect runtime and reconcile declaration; establish exact policy/tenant binding, validation and tests; define transactional workflow transitions, idempotency and audit semantics"
122,POST,/v1/admin/dam/governance/scripts-manifest,PRISMA,verification_pending,permission;requestSchema;responseSchema;screenLink,,"Inspect runtime and reconcile declaration; establish exact policy/tenant binding, validation and tests; define transactional workflow transitions, idempotency and audit semantics"
121,POST,/v1/admin/dam/localization/i18n-dictionary,PRISMA,verification_pending,permission;requestSchema;responseSchema;screenLink,,"Inspect runtime and reconcile declaration; establish exact policy/tenant binding, validation and tests; define transactional workflow transitions, idempotency and audit semantics"
119,POST,/v1/admin/dam/media/cdn-sync,PRISMA,verification_pending,permission;requestSchema;responseSchema;screenLink,,"Inspect runtime and reconcile declaration; establish exact policy/tenant binding, validation and tests; define transactional workflow transitions, idempotency and audit semantics"
120,POST,/v1/admin/dam/media/lifecycle-policies,PRISMA,verification_pending,permission;requestSchema;responseSchema;screenLink,,"Inspect runtime and reconcile declaration; establish exact policy/tenant binding, validation and tests; define transactional workflow transitions, idempotency and audit semantics"
118,POST,/v1/admin/dam/media/redact-document,PRISMA,verification_pending,permission;requestSchema;responseSchema;screenLink,,"Inspect runtime and reconcile declaration; establish exact policy/tenant binding, validation and tests; define transactional workflow transitions, idempotency and audit semantics"
117,POST,/v1/admin/dam/security/rbac-matrix,PRISMA,verification_pending,permission;requestSchema;responseSchema;screenLink,,"Inspect runtime and reconcile declaration; establish exact policy/tenant binding, validation and tests; define transactional workflow transitions, idempotency and audit semantics"
116,POST,/v1/admin/dam/templates/no-code,PRISMA,verification_pending,permission;requestSchema;responseSchema;screenLink,,"Inspect runtime and reconcile declaration; establish exact policy/tenant binding, validation and tests; define transactional workflow transitions, idempotency and audit semantics"
111,POST,/v1/admin/dam/traffic/routing-rules,PRISMA,verification_pending,permission;requestSchema;responseSchema;screenLink,,"Inspect runtime and reconcile declaration; establish exact policy/tenant binding, validation and tests; define transactional workflow transitions, idempotency and audit semantics"
115,POST,/v1/admin/dam/workflows/rate-limits,PRISMA,verification_pending,permission;requestSchema;responseSchema;screenLink,,"Inspect runtime and reconcile declaration; establish exact policy/tenant binding, validation and tests; define transactional workflow transitions, idempotency and audit semantics"
113,POST,/v1/admin/dam/workflows/rollback,PRISMA,verification_pending,permission;requestSchema;responseSchema;screenLink,,"Inspect runtime and reconcile declaration; establish exact policy/tenant binding, validation and tests; define transactional workflow transitions, idempotency and audit semantics"
114,POST,/v1/admin/dam/workflows/schemas,PRISMA,verification_pending,permission;requestSchema;responseSchema;screenLink,,"Inspect runtime and reconcile declaration; establish exact policy/tenant binding, validation and tests; define transactional workflow transitions, idempotency and audit semantics"
112,POST,/v1/admin/dam/workflows/visual-logic,PRISMA,verification_pending,permission;requestSchema;responseSchema;screenLink,,"Inspect runtime and reconcile declaration; establish exact policy/tenant binding, validation and tests; define transactional workflow transitions, idempotency and audit semantics"
30,POST,/v1/admin/developer/db-push,PRISMA,verification_pending,permission;requestSchema;responseSchema;screenLink,,"Inspect runtime and reconcile declaration; establish exact policy/tenant binding, validation and tests; define transactional workflow transitions, idempotency and audit semantics"
29,POST,/v1/admin/developer/keys,PRISMA,verification_pending,permission;requestSchema;responseSchema;screenLink,,"Inspect runtime and reconcile declaration; establish exact policy/tenant binding, validation and tests; define transactional workflow transitions, idempotency and audit semantics"
838,GET,/v1/admin/devices,PRISMA,verification_pending,permission;requestSchema;responseSchema;screenLink,,"Inspect runtime and reconcile declaration; establish exact policy/tenant binding, validation and tests"
60,POST,/v1/admin/documents,PRISMA,verification_pending,permission;requestSchema;responseSchema;screenLink,,"Inspect runtime and reconcile declaration; establish exact policy/tenant binding, validation and tests; define transactional workflow transitions, idempotency and audit semantics"
61,POST,/v1/admin/documents/pending,PRISMA,verification_pending,permission;requestSchema;responseSchema;screenLink,,"Inspect runtime and reconcile declaration; establish exact policy/tenant binding, validation and tests; define transactional workflow transitions, idempotency and audit semantics"
62,POST,/v1/admin/documents/upload,PRISMA,verification_pending,permission;requestSchema;responseSchema;screenLink,,"Inspect runtime and reconcile declaration; establish exact policy/tenant binding, validation and tests; define transactional workflow transitions, idempotency and audit semantics"
839,GET,/v1/admin/ecosystem,PRISMA,verification_pending,permission;requestSchema;responseSchema;screenLink,,"Inspect runtime and reconcile declaration; establish exact policy/tenant binding, validation and tests"
103,POST,/v1/admin/erp/inventory,PRISMA,verification_pending,permission;requestSchema;responseSchema;screenLink,,"Inspect runtime and reconcile declaration; establish exact policy/tenant binding, validation and tests; define transactional workflow transitions, idempotency and audit semantics"
106,POST,/v1/admin/erp/inventory/add,PRISMA,verification_pending,permission;requestSchema;responseSchema;screenLink,,"Inspect runtime and reconcile declaration; establish exact policy/tenant binding, validation and tests; define transactional workflow transitions, idempotency and audit semantics"
105,POST,/v1/admin/erp/po/create,PRISMA,verification_pending,permission;requestSchema;responseSchema;screenLink,,"Inspect runtime and reconcile declaration; establish exact policy/tenant binding, validation and tests; define transactional workflow transitions, idempotency and audit semantics"
104,POST,/v1/admin/erp/purchase-orders,PRISMA,verification_pending,permission;requestSchema;responseSchema;screenLink,,"Inspect runtime and reconcile declaration; establish exact policy/tenant binding, validation and tests; define transactional workflow transitions, idempotency and audit semantics"
445,POST,/v1/admin/erp/stock/sync,PRISMA,verification_pending,permission;requestSchema;responseSchema;screenLink,,"Inspect runtime and reconcile declaration; establish exact policy/tenant binding, validation and tests; define transactional workflow transitions, idempotency and audit semantics"
443,POST,/v1/admin/erp/suppliers,PRISMA,verification_pending,permission;requestSchema;responseSchema;screenLink,,"Inspect runtime and reconcile declaration; establish exact policy/tenant binding, validation and tests; define transactional workflow transitions, idempotency and audit semantics"
63,POST,/v1/admin/evv,PRISMA,verification_pending,permission;requestSchema;responseSchema;screenLink,,"Inspect runtime and reconcile declaration; establish exact policy/tenant binding, validation and tests; define transactional workflow transitions, idempotency and audit semantics"
65,POST,/v1/admin/evv/compliance-summary,PRISMA,verification_pending,permission;requestSchema;responseSchema;screenLink,,"Inspect runtime and reconcile declaration; establish exact policy/tenant binding, validation and tests; define transactional workflow transitions, idempotency and audit semantics"
64,POST,/v1/admin/evv/exceptions,PRISMA,verification_pending,permission;requestSchema;responseSchema;screenLink,,"Inspect runtime and reconcile declaration; establish exact policy/tenant binding, validation and tests; define transactional workflow transitions, idempotency and audit semantics"
66,POST,/v1/admin/evv/export,PRISMA,verification_pending,permission;requestSchema;responseSchema;screenLink,,"Inspect runtime and reconcile declaration; establish exact policy/tenant binding, validation and tests; define transactional workflow transitions, idempotency and audit semantics"
840,GET,/v1/admin/faqs,PRISMA,verification_pending,permission;requestSchema;responseSchema;screenLink,,"Inspect runtime and reconcile declaration; establish exact policy/tenant binding, validation and tests"
108,POST,/v1/admin/faqs,PRISMA,verification_pending,permission;requestSchema;responseSchema;screenLink,,"Inspect runtime and reconcile declaration; establish exact policy/tenant binding, validation and tests; define transactional workflow transitions, idempotency and audit semantics"
841,GET,/v1/admin/feature-flags,PRISMA,verification_pending,permission;requestSchema;responseSchema;screenLink,,"Inspect runtime and reconcile declaration; establish exact policy/tenant binding, validation and tests"
382,POST,/v1/admin/finance/multi-currency,PRISMA,verification_pending,permission;requestSchema;responseSchema;screenLink,,"Inspect runtime and reconcile declaration; establish exact policy/tenant binding, validation and tests; define transactional workflow transitions, idempotency and audit semantics"
384,POST,/v1/admin/finance/multi-currency/conversions,PRISMA,verification_pending,permission;requestSchema;responseSchema;screenLink,,"Inspect runtime and reconcile declaration; establish exact policy/tenant binding, validation and tests; define transactional workflow transitions, idempotency and audit semantics"
383,POST,/v1/admin/finance/multi-currency/rates,PRISMA,verification_pending,permission;requestSchema;responseSchema;screenLink,,"Inspect runtime and reconcile declaration; establish exact policy/tenant binding, validation and tests; define transactional workflow transitions, idempotency and audit semantics"
77,POST,/v1/admin/financial,PRISMA,verification_pending,permission;requestSchema;responseSchema;screenLink,,"Inspect runtime and reconcile declaration; establish exact policy/tenant binding, validation and tests; define transactional workflow transitions, idempotency and audit semantics"
78,POST,/v1/admin/financial/accounts,PRISMA,verification_pending,permission;requestSchema;responseSchema;screenLink,,"Inspect runtime and reconcile declaration; establish exact policy/tenant binding, validation and tests; define transactional workflow transitions, idempotency and audit semantics"
81,POST,/v1/admin/financial/balances,PRISMA,verification_pending,permission;requestSchema;responseSchema;screenLink,,"Inspect runtime and reconcile declaration; establish exact policy/tenant binding, validation and tests; define transactional workflow transitions, idempotency and audit semantics"
92,POST,/v1/admin/financial/earnings,PRISMA,verification_pending,permission;requestSchema;responseSchema;screenLink,,"Inspect runtime and reconcile declaration; establish exact policy/tenant binding, validation and tests; define transactional workflow transitions, idempotency and audit semantics"
79,POST,/v1/admin/financial/initialize,PRISMA,verification_pending,permission;requestSchema;responseSchema;screenLink,,"Inspect runtime and reconcile declaration; establish exact policy/tenant binding, validation and tests; define transactional workflow transitions, idempotency and audit semantics"
80,POST,/v1/admin/financial/invoices,PRISMA,verification_pending,permission;requestSchema;responseSchema;screenLink,,"Inspect runtime and reconcile declaration; establish exact policy/tenant binding, validation and tests; define transactional workflow transitions, idempotency and audit semantics"
82,POST,/v1/admin/financial/reconcile,PRISMA,verification_pending,permission;requestSchema;responseSchema;screenLink,,"Inspect runtime and reconcile declaration; establish exact policy/tenant binding, validation and tests; define transactional workflow transitions, idempotency and audit semantics"
83,POST,/v1/admin/financial/reconcile/auto,PRISMA,verification_pending,permission;requestSchema;responseSchema;screenLink,,"Inspect runtime and reconcile declaration; establish exact policy/tenant binding, validation and tests; define transactional workflow transitions, idempotency and audit semantics"
84,POST,/v1/admin/financial/reconciliation-summary,PRISMA,verification_pending,permission;requestSchema;responseSchema;screenLink,,"Inspect runtime and reconcile declaration; establish exact policy/tenant binding, validation and tests; define transactional workflow transitions, idempotency and audit semantics"
94,POST,/v1/admin/financial/reconciliation/match,PRISMA,verification_pending,permission;requestSchema;responseSchema;screenLink,,"Inspect runtime and reconcile declaration; establish exact policy/tenant binding, validation and tests; define transactional workflow transitions, idempotency and audit semantics"
93,POST,/v1/admin/financial/reconciliation/unmatched,PRISMA,verification_pending,permission;requestSchema;responseSchema;screenLink,,"Inspect runtime and reconcile declaration; establish exact policy/tenant binding, validation and tests; define transactional workflow transitions, idempotency and audit semantics"
86,POST,/v1/admin/financial/reports/balance-sheet,PRISMA,verification_pending,permission;requestSchema;responseSchema;screenLink,,"Inspect runtime and reconcile declaration; establish exact policy/tenant binding, validation and tests; define transactional workflow transitions, idempotency and audit semantics"
87,POST,/v1/admin/financial/reports/daily-summary,PRISMA,verification_pending,permission;requestSchema;responseSchema;screenLink,,"Inspect runtime and reconcile declaration; establish exact policy/tenant binding, validation and tests; define transactional workflow transitions, idempotency and audit semantics"
89,POST,/v1/admin/financial/reports/forecast,PRISMA,verification_pending,permission;requestSchema;responseSchema;screenLink,,"Inspect runtime and reconcile declaration; establish exact policy/tenant binding, validation and tests; define transactional workflow transitions, idempotency and audit semantics"
85,POST,/v1/admin/financial/reports/p-and-l,PRISMA,verification_pending,permission;requestSchema;responseSchema;screenLink,,"Inspect runtime and reconcile declaration; establish exact policy/tenant binding, validation and tests; define transactional workflow transitions, idempotency and audit semantics"
465,POST,/v1/admin/financial/reports/reconciliation-summary,PRISMA,verification_pending,permission;requestSchema;responseSchema;screenLink,,"Inspect runtime and reconcile declaration; establish exact policy/tenant binding, validation and tests; define transactional workflow transitions, idempotency and audit semantics"
90,POST,/v1/admin/financial/reports/tax-filing,PRISMA,verification_pending,permission;requestSchema;responseSchema;screenLink,,"Inspect runtime and reconcile declaration; establish exact policy/tenant binding, validation and tests; define transactional workflow transitions, idempotency and audit semantics"
88,POST,/v1/admin/financial/reports/trading-account,PRISMA,verification_pending,permission;requestSchema;responseSchema;screenLink,,"Inspect runtime and reconcile declaration; establish exact policy/tenant binding, validation and tests; define transactional workflow transitions, idempotency and audit semantics"
91,POST,/v1/admin/financial/tax-remittance,PRISMA,verification_pending,permission;requestSchema;responseSchema;screenLink,,"Inspect runtime and reconcile declaration; establish exact policy/tenant binding, validation and tests; define transactional workflow transitions, idempotency and audit semantics"
387,POST,/v1/admin/franchise,PRISMA,verification_pending,permission;requestSchema;responseSchema;screenLink,,"Inspect runtime and reconcile declaration; establish exact policy/tenant binding, validation and tests; define transactional workflow transitions, idempotency and audit semantics"
388,POST,/v1/admin/franchise/performance,PRISMA,verification_pending,permission;requestSchema;responseSchema;screenLink,,"Inspect runtime and reconcile declaration; establish exact policy/tenant binding, validation and tests; define transactional workflow transitions, idempotency and audit semantics"
301,POST,/v1/admin/home/stats,PRISMA,verification_pending,permission;requestSchema;responseSchema;screenLink,,"Inspect runtime and reconcile declaration; establish exact policy/tenant binding, validation and tests; define transactional workflow transitions, idempotency and audit semantics"
51,POST,/v1/admin/incidents,PRISMA,verification_pending,permission;requestSchema;responseSchema;screenLink,,"Inspect runtime and reconcile declaration; establish exact policy/tenant binding, validation and tests; define transactional workflow transitions, idempotency and audit semantics"
844,GET,/v1/admin/incidents/active,PRISMA,verification_pending,permission;requestSchema;responseSchema;screenLink,,"Inspect runtime and reconcile declaration; establish exact policy/tenant binding, validation and tests"
161,POST,/v1/admin/insights/predictive-staffing,PRISMA,verification_pending,permission;requestSchema;responseSchema;screenLink,,"Inspect runtime and reconcile declaration; establish exact policy/tenant binding, validation and tests; define transactional workflow transitions, idempotency and audit semantics"
46,POST,/v1/admin/insurance-providers,PRISMA,verification_pending,permission;requestSchema;responseSchema;screenLink,,"Inspect runtime and reconcile declaration; establish exact policy/tenant binding, validation and tests; define transactional workflow transitions, idempotency and audit semantics"
845,GET,/v1/admin/integrations/health,PRISMA,verification_pending,permission;requestSchema;responseSchema;screenLink,,"Inspect runtime and reconcile declaration; establish exact policy/tenant binding, validation and tests"
154,POST,/v1/admin/interop/fhir/export,PRISMA,verification_pending,permission;requestSchema;responseSchema;screenLink,,"Inspect runtime and reconcile declaration; establish exact policy/tenant binding, validation and tests; define transactional workflow transitions, idempotency and audit semantics"
155,POST,/v1/admin/interop/fhir/import,PRISMA,verification_pending,permission;requestSchema;responseSchema;screenLink,,"Inspect runtime and reconcile declaration; establish exact policy/tenant binding, validation and tests; define transactional workflow transitions, idempotency and audit semantics"
156,POST,/v1/admin/interop/fhir/sync-log,PRISMA,verification_pending,permission;requestSchema;responseSchema;screenLink,,"Inspect runtime and reconcile declaration; establish exact policy/tenant binding, validation and tests; define transactional workflow transitions, idempotency and audit semantics"
421,POST,/v1/admin/invoices,PRISMA,verification_pending,permission;requestSchema;responseSchema;screenLink,,"Inspect runtime and reconcile declaration; establish exact policy/tenant binding, validation and tests; define transactional workflow transitions, idempotency and audit semantics"
846,GET,/v1/admin/leads,PRISMA,verification_pending,permission;requestSchema;responseSchema;screenLink,,"Inspect runtime and reconcile declaration; establish exact policy/tenant binding, validation and tests"
54,POST,/v1/admin/leads,PRISMA,verification_pending,permission;requestSchema;responseSchema;screenLink,,"Inspect runtime and reconcile declaration; establish exact policy/tenant binding, validation and tests; define transactional workflow transitions, idempotency and audit semantics"
658,POST,/v1/admin/locations,PRISMA,verification_pending,permission;requestSchema;responseSchema;screenLink,,"Inspect runtime and reconcile declaration; establish exact policy/tenant binding, validation and tests; define transactional workflow transitions, idempotency and audit semantics"
334,POST,/v1/admin/marketing/campaigns,PRISMA,verification_pending,permission;requestSchema;responseSchema;screenLink,,"Inspect runtime and reconcile declaration; establish exact policy/tenant binding, validation and tests; define transactional workflow transitions, idempotency and audit semantics"
128,POST,/v1/admin/marketing/churn-risks,PRISMA,verification_pending,permission;requestSchema;responseSchema;screenLink,,"Inspect runtime and reconcile declaration; establish exact policy/tenant binding, validation and tests; define transactional workflow transitions, idempotency and audit semantics"
129,POST,/v1/admin/marketing/drip-sequences,PRISMA,verification_pending,permission;requestSchema;responseSchema;screenLink,,"Inspect runtime and reconcile declaration; establish exact policy/tenant binding, validation and tests; define transactional workflow transitions, idempotency and audit semantics"
132,POST,/v1/admin/marketing/promotions,PRISMA,verification_pending,permission;requestSchema;responseSchema;screenLink,,"Inspect runtime and reconcile declaration; establish exact policy/tenant binding, validation and tests; define transactional workflow transitions, idempotency and audit semantics"
130,POST,/v1/admin/marketing/revenue-attribution,PRISMA,verification_pending,permission;requestSchema;responseSchema;screenLink,,"Inspect runtime and reconcile declaration; establish exact policy/tenant binding, validation and tests; define transactional workflow transitions, idempotency and audit semantics"
131,POST,/v1/admin/marketing/subscribers,PRISMA,verification_pending,permission;requestSchema;responseSchema;screenLink,,"Inspect runtime and reconcile declaration; establish exact policy/tenant binding, validation and tests; define transactional workflow transitions, idempotency and audit semantics"
134,POST,/v1/admin/marketing/syndication/post,PRISMA,verification_pending,permission;requestSchema;responseSchema;screenLink,,"Inspect runtime and reconcile declaration; establish exact policy/tenant binding, validation and tests; define transactional workflow transitions, idempotency and audit semantics"
133,POST,/v1/admin/marketing/syndication/vault,PRISMA,verification_pending,permission;requestSchema;responseSchema;screenLink,,"Inspect runtime and reconcile declaration; establish exact policy/tenant binding, validation and tests; define transactional workflow transitions, idempotency and audit semantics"
865,GET,/v1/admin/marketing/touchpoints,PRISMA,verification_pending,permission;requestSchema;responseSchema;screenLink,,"Inspect runtime and reconcile declaration; establish exact policy/tenant binding, validation and tests"
847,GET,/v1/admin/message-archive,PRISMA,verification_pending,permission;requestSchema;responseSchema;screenLink,,"Inspect runtime and reconcile declaration; establish exact policy/tenant binding, validation and tests"
58,POST,/v1/admin/notifications,PRISMA,verification_pending,permission;requestSchema;responseSchema;screenLink,,"Inspect runtime and reconcile declaration; establish exact policy/tenant binding, validation and tests; define transactional workflow transitions, idempotency and audit semantics"
59,POST,/v1/admin/notifications/broadcast,PRISMA,verification_pending,permission;requestSchema;responseSchema;screenLink,,"Inspect runtime and reconcile declaration; establish exact policy/tenant binding, validation and tests; define transactional workflow transitions, idempotency and audit semantics"
432,POST,/v1/admin/ops/capacity,PRISMA,verification_pending,permission;requestSchema;responseSchema;screenLink,,"Inspect runtime and reconcile declaration; establish exact policy/tenant binding, validation and tests; define transactional workflow transitions, idempotency and audit semantics"
165,POST,/v1/admin/ops/center,PRISMA,verification_pending,permission;requestSchema;responseSchema;screenLink,,"Inspect runtime and reconcile declaration; establish exact policy/tenant binding, validation and tests; define transactional workflow transitions, idempotency and audit semantics"
435,POST,/v1/admin/ops/logistics,PRISMA,verification_pending,permission;requestSchema;responseSchema;screenLink,,"Inspect runtime and reconcile declaration; establish exact policy/tenant binding, validation and tests; define transactional workflow transitions, idempotency and audit semantics"
437,POST,/v1/admin/ops/optimize,PRISMA,verification_pending,permission;requestSchema;responseSchema;screenLink,,"Inspect runtime and reconcile declaration; establish exact policy/tenant binding, validation and tests; define transactional workflow transitions, idempotency and audit semantics"
436,POST,/v1/admin/ops/predictive/dispatch,PRISMA,verification_pending,permission;requestSchema;responseSchema;screenLink,,"Inspect runtime and reconcile declaration; establish exact policy/tenant binding, validation and tests; define transactional workflow transitions, idempotency and audit semantics"
433,POST,/v1/admin/ops/regions,PRISMA,verification_pending,permission;requestSchema;responseSchema;screenLink,,"Inspect runtime and reconcile declaration; establish exact policy/tenant binding, validation and tests; define transactional workflow transitions, idempotency and audit semantics"
434,POST,/v1/admin/ops/supply-demand,PRISMA,verification_pending,permission;requestSchema;responseSchema;screenLink,,"Inspect runtime and reconcile declaration; establish exact policy/tenant binding, validation and tests; define transactional workflow transitions, idempotency and audit semantics"
96,POST,/v1/admin/payroll/batch/approve,PRISMA,verification_pending,permission;requestSchema;responseSchema;screenLink,,"Inspect runtime and reconcile declaration; establish exact policy/tenant binding, validation and tests; define transactional workflow transitions, idempotency and audit semantics"
95,POST,/v1/admin/payroll/pending,PRISMA,verification_pending,permission;requestSchema;responseSchema;screenLink,,"Inspect runtime and reconcile declaration; establish exact policy/tenant binding, validation and tests; define transactional workflow transitions, idempotency and audit semantics"
97,POST,/v1/admin/payroll/run,PRISMA,verification_pending,permission;requestSchema;responseSchema;screenLink,,"Inspect runtime and reconcile declaration; establish exact policy/tenant binding, validation and tests; define transactional workflow transitions, idempotency and audit semantics"
75,POST,/v1/admin/pharmacy/mar/sync,PRISMA,verification_pending,permission;requestSchema;responseSchema;screenLink,,"Inspect runtime and reconcile declaration; establish exact policy/tenant binding, validation and tests; define transactional workflow transitions, idempotency and audit semantics"
73,POST,/v1/admin/pharmacy/orders,PRISMA,verification_pending,permission;requestSchema;responseSchema;screenLink,,"Inspect runtime and reconcile declaration; establish exact policy/tenant binding, validation and tests; define transactional workflow transitions, idempotency and audit semantics"
72,POST,/v1/admin/pharmacy/prescriptions,PRISMA,verification_pending,permission;requestSchema;responseSchema;screenLink,,"Inspect runtime and reconcile declaration; establish exact policy/tenant binding, validation and tests; define transactional workflow transitions, idempotency and audit semantics"
454,POST,/v1/admin/pharmacy/stats,PRISMA,verification_pending,permission;requestSchema;responseSchema;screenLink,,"Inspect runtime and reconcile declaration; establish exact policy/tenant binding, validation and tests; define transactional workflow transitions, idempotency and audit semantics"
74,POST,/v1/admin/pharmacy/verify-barcode,PRISMA,verification_pending,permission;requestSchema;responseSchema;screenLink,,"Inspect runtime and reconcile declaration; establish exact policy/tenant binding, validation and tests; define transactional workflow transitions, idempotency and audit semantics"
862,GET,/v1/admin/policies,PRISMA,verification_pending,permission;requestSchema;responseSchema;screenLink,,"Inspect runtime and reconcile declaration; establish exact policy/tenant binding, validation and tests"
850,GET,/v1/admin/protocols/logs,PRISMA,verification_pending,permission;requestSchema;responseSchema;screenLink,,"Inspect runtime and reconcile declaration; establish exact policy/tenant binding, validation and tests"
851,GET,/v1/admin/providers/performance,PRISMA,verification_pending,permission;requestSchema;responseSchema;screenLink,,"Inspect runtime and reconcile declaration; establish exact policy/tenant binding, validation and tests"
852,GET,/v1/admin/qa/metrics,PRISMA,verification_pending,permission;requestSchema;responseSchema;screenLink,,"Inspect runtime and reconcile declaration; establish exact policy/tenant binding, validation and tests"
742,POST,/v1/admin/qa/stats/compliance,PRISMA,verification_pending,permission;requestSchema;responseSchema;screenLink,,"Inspect runtime and reconcile declaration; establish exact policy/tenant binding, validation and tests; define transactional workflow transitions, idempotency and audit semantics"
743,POST,/v1/admin/qa/stats/incidents,PRISMA,verification_pending,permission;requestSchema;responseSchema;screenLink,,"Inspect runtime and reconcile declaration; establish exact policy/tenant binding, validation and tests; define transactional workflow transitions, idempotency and audit semantics"
451,POST,/v1/admin/rcm/claims,PRISMA,verification_pending,permission;requestSchema;responseSchema;screenLink,,"Inspect runtime and reconcile declaration; establish exact policy/tenant binding, validation and tests; define transactional workflow transitions, idempotency and audit semantics"
452,POST,/v1/admin/rcm/claims/submit,PRISMA,verification_pending,permission;requestSchema;responseSchema;screenLink,,"Inspect runtime and reconcile declaration; establish exact policy/tenant binding, validation and tests; define transactional workflow transitions, idempotency and audit semantics"
453,POST,/v1/admin/rcm/revenue/sync,PRISMA,verification_pending,permission;requestSchema;responseSchema;screenLink,,"Inspect runtime and reconcile declaration; establish exact policy/tenant binding, validation and tests; define transactional workflow transitions, idempotency and audit semantics"
450,POST,/v1/admin/rcm/stats,PRISMA,verification_pending,permission;requestSchema;responseSchema;screenLink,,"Inspect runtime and reconcile declaration; establish exact policy/tenant binding, validation and tests; define transactional workflow transitions, idempotency and audit semantics"
56,POST,/v1/admin/referrals,PRISMA,verification_pending,permission;requestSchema;responseSchema;screenLink,,"Inspect runtime and reconcile declaration; establish exact policy/tenant binding, validation and tests; define transactional workflow transitions, idempotency and audit semantics"
57,POST,/v1/admin/referrals/analytics,PRISMA,verification_pending,permission;requestSchema;responseSchema;screenLink,,"Inspect runtime and reconcile declaration; establish exact policy/tenant binding, validation and tests; define transactional workflow transitions, idempotency and audit semantics"
459,POST,/v1/admin/regional/fin/pl-export,PRISMA,verification_pending,permission;requestSchema;responseSchema;screenLink,,"Inspect runtime and reconcile declaration; establish exact policy/tenant binding, validation and tests; define transactional workflow transitions, idempotency and audit semantics"
460,POST,/v1/admin/regional/governance/audit-req,PRISMA,verification_pending,permission;requestSchema;responseSchema;screenLink,,"Inspect runtime and reconcile declaration; establish exact policy/tenant binding, validation and tests; define transactional workflow transitions, idempotency and audit semantics"
863,GET,/v1/admin/registry,PRISMA,verification_pending,permission;requestSchema;responseSchema;screenLink,,"Inspect runtime and reconcile declaration; establish exact policy/tenant binding, validation and tests"
430,POST,/v1/admin/registry/ui-override/commit,PRISMA,verification_pending,permission;requestSchema;responseSchema;screenLink,,"Inspect runtime and reconcile declaration; establish exact policy/tenant binding, validation and tests; define transactional workflow transitions, idempotency and audit semantics"
55,POST,/v1/admin/reports/export,PRISMA,verification_pending,permission;requestSchema;responseSchema;screenLink,,"Inspect runtime and reconcile declaration; establish exact policy/tenant binding, validation and tests; define transactional workflow transitions, idempotency and audit semantics"
162,POST,/v1/admin/reseller,PRISMA,verification_pending,permission;requestSchema;responseSchema;screenLink,,"Inspect runtime and reconcile declaration; establish exact policy/tenant binding, validation and tests; define transactional workflow transitions, idempotency and audit semantics"
441,POST,/v1/admin/reseller/agreements,PRISMA,verification_pending,permission;requestSchema;responseSchema;screenLink,,"Inspect runtime and reconcile declaration; establish exact policy/tenant binding, validation and tests; define transactional workflow transitions, idempotency and audit semantics"
439,POST,/v1/admin/reseller/franchises,PRISMA,verification_pending,permission;requestSchema;responseSchema;screenLink,,"Inspect runtime and reconcile declaration; establish exact policy/tenant binding, validation and tests; define transactional workflow transitions, idempotency and audit semantics"
163,POST,/v1/admin/reseller/provision,PRISMA,verification_pending,permission;requestSchema;responseSchema;screenLink,,"Inspect runtime and reconcile declaration; establish exact policy/tenant binding, validation and tests; define transactional workflow transitions, idempotency and audit semantics"
438,POST,/v1/admin/reseller/stats,PRISMA,verification_pending,permission;requestSchema;responseSchema;screenLink,,"Inspect runtime and reconcile declaration; establish exact policy/tenant binding, validation and tests; define transactional workflow transitions, idempotency and audit semantics"
854,GET,/v1/admin/resources/allocation,PRISMA,verification_pending,permission;requestSchema;responseSchema;screenLink,,"Inspect runtime and reconcile declaration; establish exact policy/tenant binding, validation and tests"
856,GET,/v1/admin/roles/matrix,PRISMA,verification_pending,permission;requestSchema;responseSchema;screenLink,,"Inspect runtime and reconcile declaration; establish exact policy/tenant binding, validation and tests"
26,POST,/v1/admin/scrum/audits,PRISMA,verification_pending,permission;requestSchema;responseSchema;screenLink,,"Inspect runtime and reconcile declaration; establish exact policy/tenant binding, validation and tests; define transactional workflow transitions, idempotency and audit semantics"
323,POST,/v1/admin/scrum/auto-fix,PRISMA,verification_pending,permission;requestSchema;responseSchema;screenLink,,"Inspect runtime and reconcile declaration; establish exact policy/tenant binding, validation and tests; define transactional workflow transitions, idempotency and audit semantics"
25,POST,/v1/admin/scrum/env-audit,PRISMA,verification_pending,permission;requestSchema;responseSchema;screenLink,,"Inspect runtime and reconcile declaration; establish exact policy/tenant binding, validation and tests; define transactional workflow transitions, idempotency and audit semantics"
28,POST,/v1/admin/scrum/registry/sync,PRISMA,verification_pending,permission;requestSchema;responseSchema;screenLink,,"Inspect runtime and reconcile declaration; establish exact policy/tenant binding, validation and tests; define transactional workflow transitions, idempotency and audit semantics"
27,POST,/v1/admin/scrum/response-bot/audit,PRISMA,verification_pending,permission;requestSchema;responseSchema;screenLink,,"Inspect runtime and reconcile declaration; establish exact policy/tenant binding, validation and tests; define transactional workflow transitions, idempotency and audit semantics"
22,POST,/v1/admin/search,PRISMA,verification_pending,permission;requestSchema;responseSchema;screenLink,,"Inspect runtime and reconcile declaration; establish exact policy/tenant binding, validation and tests; define transactional workflow transitions, idempotency and audit semantics"
429,POST,/v1/admin/search/reindex,PRISMA,verification_pending,permission;requestSchema;responseSchema;screenLink,,"Inspect runtime and reconcile declaration; establish exact policy/tenant binding, validation and tests; define transactional workflow transitions, idempotency and audit semantics"
24,POST,/v1/admin/services,PRISMA,verification_pending,permission;requestSchema;responseSchema;screenLink,,"Inspect runtime and reconcile declaration; establish exact policy/tenant binding, validation and tests; define transactional workflow transitions, idempotency and audit semantics"
14,POST,/v1/admin/settings/branding,PRISMA,verification_pending,permission;requestSchema;responseSchema;screenLink,,"Inspect runtime and reconcile declaration; establish exact policy/tenant binding, validation and tests; define transactional workflow transitions, idempotency and audit semantics"
13,POST,/v1/admin/settings/business-model,PRISMA,verification_pending,permission;requestSchema;responseSchema;screenLink,,"Inspect runtime and reconcile declaration; establish exact policy/tenant binding, validation and tests; define transactional workflow transitions, idempotency and audit semantics"
424,POST,/v1/admin/settings/logo,PRISMA,verification_pending,permission;requestSchema;responseSchema;screenLink,,"Inspect runtime and reconcile declaration; establish exact policy/tenant binding, validation and tests; define transactional workflow transitions, idempotency and audit semantics"
427,POST,/v1/admin/settings/save,PRISMA,verification_pending,permission;requestSchema;responseSchema;screenLink,,"Inspect runtime and reconcile declaration; establish exact policy/tenant binding, validation and tests; define transactional workflow transitions, idempotency and audit semantics"
15,POST,/v1/admin/settings/security,PRISMA,verification_pending,permission;requestSchema;responseSchema;screenLink,,"Inspect runtime and reconcile declaration; establish exact policy/tenant binding, validation and tests; define transactional workflow transitions, idempotency and audit semantics"
19,POST,/v1/admin/settings/security/cors,PRISMA,verification_pending,permission;requestSchema;responseSchema;screenLink,,"Inspect runtime and reconcile declaration; establish exact policy/tenant binding, validation and tests; define transactional workflow transitions, idempotency and audit semantics"
18,POST,/v1/admin/settings/security/daily-summary,PRISMA,verification_pending,permission;requestSchema;responseSchema;screenLink,,"Inspect runtime and reconcile declaration; establish exact policy/tenant binding, validation and tests; define transactional workflow transitions, idempotency and audit semantics"
16,POST,/v1/admin/settings/security/devices,PRISMA,verification_pending,permission;requestSchema;responseSchema;screenLink,,"Inspect runtime and reconcile declaration; establish exact policy/tenant binding, validation and tests; define transactional workflow transitions, idempotency and audit semantics"
17,POST,/v1/admin/settings/security/forensic-trails,PRISMA,verification_pending,permission;requestSchema;responseSchema;screenLink,,"Inspect runtime and reconcile declaration; establish exact policy/tenant binding, validation and tests; define transactional workflow transitions, idempotency and audit semantics"
20,POST,/v1/admin/settings/security/verify-integrity,PRISMA,verification_pending,permission;requestSchema;responseSchema;screenLink,,"Inspect runtime and reconcile declaration; establish exact policy/tenant binding, validation and tests; define transactional workflow transitions, idempotency and audit semantics"
21,POST,/v1/admin/settings/usage-stats,PRISMA,verification_pending,permission;requestSchema;responseSchema;screenLink,,"Inspect runtime and reconcile declaration; establish exact policy/tenant binding, validation and tests; define transactional workflow transitions, idempotency and audit semantics"
23,POST,/v1/admin/staff-groups,PRISMA,verification_pending,permission;requestSchema;responseSchema;screenLink,,"Inspect runtime and reconcile declaration; establish exact policy/tenant binding, validation and tests; define transactional workflow transitions, idempotency and audit semantics"
806,POST,/v1/admin/staff-provision,PRISMA,verification_pending,permission;requestSchema;responseSchema;screenLink,,"Inspect runtime and reconcile declaration; establish exact policy/tenant binding, validation and tests; define transactional workflow transitions, idempotency and audit semantics"
164,POST,/v1/admin/stats,PRISMA,verification_pending,permission;requestSchema;responseSchema;screenLink,,"Inspect runtime and reconcile declaration; establish exact policy/tenant binding, validation and tests; define transactional workflow transitions, idempotency and audit semantics"
389,POST,/v1/admin/supply-chain,PRISMA,verification_pending,permission;requestSchema;responseSchema;screenLink,,"Inspect runtime and reconcile declaration; establish exact policy/tenant binding, validation and tests; define transactional workflow transitions, idempotency and audit semantics"
392,POST,/v1/admin/supply-chain/inventory/sync,PRISMA,verification_pending,permission;requestSchema;responseSchema;screenLink,,"Inspect runtime and reconcile declaration; establish exact policy/tenant binding, validation and tests; define transactional workflow transitions, idempotency and audit semantics"
391,POST,/v1/admin/supply-chain/purchase-orders,PRISMA,verification_pending,permission;requestSchema;responseSchema;screenLink,,"Inspect runtime and reconcile declaration; establish exact policy/tenant binding, validation and tests; define transactional workflow transitions, idempotency and audit semantics"
390,POST,/v1/admin/supply-chain/vendors,PRISMA,verification_pending,permission;requestSchema;responseSchema;screenLink,,"Inspect runtime and reconcile declaration; establish exact policy/tenant binding, validation and tests; define transactional workflow transitions, idempotency and audit semantics"
143,POST,/v1/admin/system-data/ai-inferences,PRISMA,verification_pending,permission;requestSchema;responseSchema;screenLink,,"Inspect runtime and reconcile declaration; establish exact policy/tenant binding, validation and tests; define transactional workflow transitions, idempotency and audit semantics"
144,POST,/v1/admin/system-data/communication-logs,PRISMA,verification_pending,permission;requestSchema;responseSchema;screenLink,,"Inspect runtime and reconcile declaration; establish exact policy/tenant binding, validation and tests; define transactional workflow transitions, idempotency and audit semantics"
141,POST,/v1/admin/system-data/gamification,PRISMA,verification_pending,permission;requestSchema;responseSchema;screenLink,,"Inspect runtime and reconcile declaration; establish exact policy/tenant binding, validation and tests; define transactional workflow transitions, idempotency and audit semantics"
140,POST,/v1/admin/system-data/iot-events,PRISMA,verification_pending,permission;requestSchema;responseSchema;screenLink,,"Inspect runtime and reconcile declaration; establish exact policy/tenant binding, validation and tests; define transactional workflow transitions, idempotency and audit semantics"
142,POST,/v1/admin/system-data/notifications,PRISMA,verification_pending,permission;requestSchema;responseSchema;screenLink,,"Inspect runtime and reconcile declaration; establish exact policy/tenant binding, validation and tests; define transactional workflow transitions, idempotency and audit semantics"
861,GET,/v1/admin/system-events,PRISMA,verification_pending,permission;requestSchema;responseSchema;screenLink,,"Inspect runtime and reconcile declaration; establish exact policy/tenant binding, validation and tests"
159,POST,/v1/admin/system/platform/stats,PRISMA,verification_pending,permission;requestSchema;responseSchema;screenLink,,"Inspect runtime and reconcile declaration; establish exact policy/tenant binding, validation and tests; define transactional workflow transitions, idempotency and audit semantics"
160,POST,/v1/admin/system/risk-surveillance,PRISMA,verification_pending,permission;requestSchema;responseSchema;screenLink,,"Inspect runtime and reconcile declaration; establish exact policy/tenant binding, validation and tests; define transactional workflow transitions, idempotency and audit semantics"
137,POST,/v1/admin/telehealth/session/start,PRISMA,verification_pending,permission;requestSchema;responseSchema;screenLink,,"Inspect runtime and reconcile declaration; establish exact policy/tenant binding, validation and tests; define transactional workflow transitions, idempotency and audit semantics"
135,POST,/v1/admin/telehealth/sessions,PRISMA,verification_pending,permission;requestSchema;responseSchema;screenLink,,"Inspect runtime and reconcile declaration; establish exact policy/tenant binding, validation and tests; define transactional workflow transitions, idempotency and audit semantics"
448,POST,/v1/admin/telehealth/sessions/create,PRISMA,verification_pending,permission;requestSchema;responseSchema;screenLink,,"Inspect runtime and reconcile declaration; establish exact policy/tenant binding, validation and tests; define transactional workflow transitions, idempotency and audit semantics"
446,POST,/v1/admin/telehealth/stats,PRISMA,verification_pending,permission;requestSchema;responseSchema;screenLink,,"Inspect runtime and reconcile declaration; establish exact policy/tenant binding, validation and tests; define transactional workflow transitions, idempotency and audit semantics"
138,POST,/v1/admin/telehealth/triage/open,PRISMA,verification_pending,permission;requestSchema;responseSchema;screenLink,,"Inspect runtime and reconcile declaration; establish exact policy/tenant binding, validation and tests; define transactional workflow transitions, idempotency and audit semantics"
136,POST,/v1/admin/telehealth/vitals,PRISMA,verification_pending,permission;requestSchema;responseSchema;screenLink,,"Inspect runtime and reconcile declaration; establish exact policy/tenant binding, validation and tests; define transactional workflow transitions, idempotency and audit semantics"
449,POST,/v1/admin/telehealth/vitals/push,PRISMA,verification_pending,permission;requestSchema;responseSchema;screenLink,,"Inspect runtime and reconcile declaration; establish exact policy/tenant binding, validation and tests; define transactional workflow transitions, idempotency and audit semantics"
139,POST,/v1/admin/telehealth/vitals/verify,PRISMA,verification_pending,permission;requestSchema;responseSchema;screenLink,,"Inspect runtime and reconcile declaration; establish exact policy/tenant binding, validation and tests; define transactional workflow transitions, idempotency and audit semantics"
864,GET,/v1/admin/tenants,PRISMA,verification_pending,permission;requestSchema;responseSchema;screenLink,,"Inspect runtime and reconcile declaration; establish exact policy/tenant binding, validation and tests"
50,POST,/v1/admin/timesheets,PRISMA,verification_pending,permission;requestSchema;responseSchema;screenLink,,"Inspect runtime and reconcile declaration; establish exact policy/tenant binding, validation and tests; define transactional workflow transitions, idempotency and audit semantics"
859,GET,/v1/admin/topology,PRISMA,verification_pending,permission;requestSchema;responseSchema;screenLink,,"Inspect runtime and reconcile declaration; establish exact policy/tenant binding, validation and tests"
716,POST,/v1/admin/training/architect/audit,PRISMA,verification_pending,permission;requestSchema;responseSchema;screenLink,,"Inspect runtime and reconcile declaration; establish exact policy/tenant binding, validation and tests; define transactional workflow transitions, idempotency and audit semantics"
714,POST,/v1/admin/training/stats,PRISMA,verification_pending,permission;requestSchema;responseSchema;screenLink,,"Inspect runtime and reconcile declaration; establish exact policy/tenant binding, validation and tests; define transactional workflow transitions, idempotency and audit semantics"
740,POST,/v1/admin/training/stats/compliance-overview,PRISMA,verification_pending,permission;requestSchema;responseSchema;screenLink,,"Inspect runtime and reconcile declaration; establish exact policy/tenant binding, validation and tests; define transactional workflow transitions, idempotency and audit semantics"
741,POST,/v1/admin/training/stats/expiring-certs,PRISMA,verification_pending,permission;requestSchema;responseSchema;screenLink,,"Inspect runtime and reconcile declaration; establish exact policy/tenant binding, validation and tests; define transactional workflow transitions, idempotency and audit semantics"
12,POST,/v1/admin/users/churn-heatmap,PRISMA,verification_pending,permission;requestSchema;responseSchema;screenLink,,"Inspect runtime and reconcile declaration; establish exact policy/tenant binding, validation and tests; define transactional workflow transitions, idempotency and audit semantics"
831,GET,/v1/admin/users/privileged,PRISMA,verification_pending,permission;requestSchema;responseSchema;screenLink,,"Inspect runtime and reconcile declaration; establish exact policy/tenant binding, validation and tests"
48,POST,/v1/admin/visits,PRISMA,verification_pending,permission;requestSchema;responseSchema;screenLink,,"Inspect runtime and reconcile declaration; establish exact policy/tenant binding, validation and tests; define transactional workflow transitions, idempotency and audit semantics"
49,POST,/v1/admin/visits/assign,PRISMA,verification_pending,permission;requestSchema;responseSchema;screenLink,,"Inspect runtime and reconcile declaration; establish exact policy/tenant binding, validation and tests; define transactional workflow transitions, idempotency and audit semantics"
300,POST,/v1/admin/visits/unassigned,PRISMA,verification_pending,permission;requestSchema;responseSchema;screenLink,,"Inspect runtime and reconcile declaration; establish exact policy/tenant binding, validation and tests; define transactional workflow transitions, idempotency and audit semantics"
148,POST,/v1/admin/webhooks,PRISMA,verification_pending,permission;requestSchema;responseSchema;screenLink,,"Inspect runtime and reconcile declaration; establish exact policy/tenant binding, validation and tests; define transactional workflow transitions, idempotency and audit semantics"
149,POST,/v1/admin/webhooks/deliveries,PRISMA,verification_pending,permission;requestSchema;responseSchema;screenLink,,"Inspect runtime and reconcile declaration; establish exact policy/tenant binding, validation and tests; define transactional workflow transitions, idempotency and audit semantics"
1242,POST,/v1/agent-dispatch/compliance/scan,PRISMA,verification_pending,permission;requestSchema;responseSchema;screenLink,,"Inspect runtime and reconcile declaration; establish exact policy/tenant binding, validation and tests; define transactional workflow transitions, idempotency and audit semantics"
503,POST,/v1/ai/autopilot/engage,PRISMA,verification_pending,permission;requestSchema;responseSchema;screenLink,,"Inspect runtime and reconcile declaration; establish exact policy/tenant binding, validation and tests; define transactional workflow transitions, idempotency and audit semantics"
310,POST,/v1/ai/churn,PRISMA,verification_pending,permission;requestSchema;responseSchema;screenLink,,"Inspect runtime and reconcile declaration; establish exact policy/tenant binding, validation and tests; define transactional workflow transitions, idempotency and audit semantics"
308,POST,/v1/ai/insights,PRISMA,verification_pending,permission;requestSchema;responseSchema;screenLink,,"Inspect runtime and reconcile declaration; establish exact policy/tenant binding, validation and tests; define transactional workflow transitions, idempotency and audit semantics"
502,POST,/v1/ai/insights/refresh,PRISMA,verification_pending,permission;requestSchema;responseSchema;screenLink,,"Inspect runtime and reconcile declaration; establish exact policy/tenant binding, validation and tests; define transactional workflow transitions, idempotency and audit semantics"
311,POST,/v1/ai/optimization,PRISMA,verification_pending,permission;requestSchema;responseSchema;screenLink,,"Inspect runtime and reconcile declaration; establish exact policy/tenant binding, validation and tests; define transactional workflow transitions, idempotency and audit semantics"
500,POST,/v1/ai/optimize-flow,PRISMA,verification_pending,permission;requestSchema;responseSchema;screenLink,,"Inspect runtime and reconcile declaration; establish exact policy/tenant binding, validation and tests; define transactional workflow transitions, idempotency and audit semantics"
309,POST,/v1/ai/predictive,PRISMA,verification_pending,permission;requestSchema;responseSchema;screenLink,,"Inspect runtime and reconcile declaration; establish exact policy/tenant binding, validation and tests; define transactional workflow transitions, idempotency and audit semantics"
501,POST,/v1/ai/sentiment-scan,PRISMA,verification_pending,permission;requestSchema;responseSchema;screenLink,,"Inspect runtime and reconcile declaration; establish exact policy/tenant binding, validation and tests; define transactional workflow transitions, idempotency and audit semantics"
499,POST,/v1/ai/visit-sentiment,PRISMA,verification_pending,permission;requestSchema;responseSchema;screenLink,,"Inspect runtime and reconcile declaration; establish exact policy/tenant binding, validation and tests; define transactional workflow transitions, idempotency and audit semantics"
739,POST,/v1/allied/stats,PRISMA,verification_pending,permission;requestSchema;responseSchema;screenLink,,"Inspect runtime and reconcile declaration; establish exact policy/tenant binding, validation and tests; define transactional workflow transitions, idempotency and audit semantics"
869,GET,/v1/analytics/clinical/outcomes,PRISMA,verification_pending,permission;requestSchema;responseSchema;screenLink,,"Inspect runtime and reconcile declaration; establish exact policy/tenant binding, validation and tests"
874,GET,/v1/analytics/clinical/population-health,PRISMA,verification_pending,permission;requestSchema;responseSchema;screenLink,,"Inspect runtime and reconcile declaration; establish exact policy/tenant binding, validation and tests"
868,GET,/v1/analytics/executive/summary,PRISMA,verification_pending,permission;requestSchema;responseSchema;screenLink,,"Inspect runtime and reconcile declaration; establish exact policy/tenant binding, validation and tests"
870,GET,/v1/analytics/finance/forecast,PRISMA,verification_pending,permission;requestSchema;responseSchema;screenLink,,"Inspect runtime and reconcile declaration; establish exact policy/tenant binding, validation and tests"
876,GET,/v1/analytics/hr/utilization,PRISMA,verification_pending,permission;requestSchema;responseSchema;screenLink,,"Inspect runtime and reconcile declaration; establish exact policy/tenant binding, validation and tests"
871,GET,/v1/analytics/marketing/roi,PRISMA,verification_pending,permission;requestSchema;responseSchema;screenLink,,"Inspect runtime and reconcile declaration; establish exact policy/tenant binding, validation and tests"
872,GET,/v1/analytics/operations/efficiency,PRISMA,verification_pending,permission;requestSchema;responseSchema;screenLink,,"Inspect runtime and reconcile declaration; establish exact policy/tenant binding, validation and tests"
873,GET,/v1/analytics/patients/retention,PRISMA,verification_pending,permission;requestSchema;responseSchema;screenLink,,"Inspect runtime and reconcile declaration; establish exact policy/tenant binding, validation and tests"
875,GET,/v1/analytics/predictive/forecast,PRISMA,verification_pending,permission;requestSchema;responseSchema;screenLink,,"Inspect runtime and reconcile declaration; establish exact policy/tenant binding, validation and tests"
877,GET,/v1/analytics/procurement/costs,PRISMA,verification_pending,permission;requestSchema;responseSchema;screenLink,,"Inspect runtime and reconcile declaration; establish exact policy/tenant binding, validation and tests"
1243,POST,/v1/api-health-dashboard/compliance/scan,PRISMA,verification_pending,permission;requestSchema;responseSchema,api_health_dashboard,"Inspect runtime and reconcile declaration; establish exact policy/tenant binding, validation and tests; define transactional workflow transitions, idempotency and audit semantics"
1275,POST,/v1/api-monitoring/compliance/scan,PRISMA,verification_pending,permission;requestSchema;responseSchema;screenLink,,"Inspect runtime and reconcile declaration; establish exact policy/tenant binding, validation and tests; define transactional workflow transitions, idempotency and audit semantics"
1436,POST,/v1/applicant-tracking/compliance/scan,PRISMA,verification_pending,permission;requestSchema;responseSchema;screenLink,,"Inspect runtime and reconcile declaration; establish exact policy/tenant binding, validation and tests; define transactional workflow transitions, idempotency and audit semantics"
1276,POST,/v1/appointment-overview/compliance/scan,PRISMA,verification_pending,permission;requestSchema;responseSchema;screenLink,,"Inspect runtime and reconcile declaration; establish exact policy/tenant binding, validation and tests; define transactional workflow transitions, idempotency and audit semantics"
1244,POST,/v1/appointment/compliance/scan,PRISMA,verification_pending,permission;requestSchema;responseSchema;screenLink,,"Inspect runtime and reconcile declaration; establish exact policy/tenant binding, validation and tests; define transactional workflow transitions, idempotency and audit semantics"
1201,POST,/v1/assessment/compliance/scan,PRISMA,verification_pending,permission;requestSchema;responseSchema;screenLink,,"Inspect runtime and reconcile declaration; establish exact policy/tenant binding, validation and tests; define transactional workflow transitions, idempotency and audit semantics"
1355,POST,/v1/attendance/compliance/scan,PRISMA,verification_pending,permission;requestSchema;responseSchema;screenLink,,"Inspect runtime and reconcile declaration; establish exact policy/tenant binding, validation and tests; define transactional workflow transitions, idempotency and audit semantics"
1356,POST,/v1/audit-review/compliance/scan,PRISMA,verification_pending,permission;requestSchema;responseSchema;screenLink,,"Inspect runtime and reconcile declaration; establish exact policy/tenant binding, validation and tests; define transactional workflow transitions, idempotency and audit semantics"
1490,POST,/v1/auth,PRISMA,verification_pending,permission;requestSchema;responseSchema;screenLink,,"Inspect runtime and reconcile declaration; establish exact policy/tenant binding, validation and tests; define transactional workflow transitions, idempotency and audit semantics"
822,POST,/v1/auth/,PRISMA,verification_pending,permission;requestSchema;responseSchema;screenLink,,"Inspect runtime and reconcile declaration; establish exact policy/tenant binding, validation and tests; define transactional workflow transitions, idempotency and audit semantics"
395,POST,/v1/auth/forgot-password,PRISMA,verification_pending,permission;requestSchema;responseSchema;screenLink,,"Inspect runtime and reconcile declaration; establish exact policy/tenant binding, validation and tests; define transactional workflow transitions, idempotency and audit semantics"
7,POST,/v1/auth/impersonate,PRISMA,verification_pending,permission;requestSchema;responseSchema;screenLink,,"Inspect runtime and reconcile declaration; establish exact policy/tenant binding, validation and tests; define transactional workflow transitions, idempotency and audit semantics"
2,POST,/v1/auth/login,PRISMA,verification_pending,permission;requestSchema;responseSchema;screenLink,,"Inspect runtime and reconcile declaration; establish exact policy/tenant binding, validation and tests; define transactional workflow transitions, idempotency and audit semantics"
5,POST,/v1/auth/logout,PRISMA,verification_pending,permission;requestSchema;responseSchema;screenLink,,"Inspect runtime and reconcile declaration; establish exact policy/tenant binding, validation and tests; define transactional workflow transitions, idempotency and audit semantics"
8,POST,/v1/auth/onboard-business,PRISMA,verification_pending,permission;requestSchema;responseSchema;screenLink,,"Inspect runtime and reconcile declaration; establish exact policy/tenant binding, validation and tests; define transactional workflow transitions, idempotency and audit semantics"
9,POST,/v1/auth/osm,PRISMA,verification_pending,permission;requestSchema;responseSchema;screenLink,,"Inspect runtime and reconcile declaration; establish exact policy/tenant binding, validation and tests; define transactional workflow transitions, idempotency and audit semantics"
10,POST,/v1/auth/osm/callback,PRISMA,verification_pending,permission;requestSchema;responseSchema;screenLink,,"Inspect runtime and reconcile declaration; establish exact policy/tenant binding, validation and tests; define transactional workflow transitions, idempotency and audit semantics"
708,POST,/v1/auth/profile,PRISMA,verification_pending,permission;requestSchema;responseSchema;screenLink,,"Inspect runtime and reconcile declaration; establish exact policy/tenant binding, validation and tests; define transactional workflow transitions, idempotency and audit semantics"
4,POST,/v1/auth/refresh,PRISMA,verification_pending,permission;requestSchema;responseSchema;screenLink,,"Inspect runtime and reconcile declaration; establish exact policy/tenant binding, validation and tests; define transactional workflow transitions, idempotency and audit semantics"
396,POST,/v1/auth/reset-password,PRISMA,verification_pending,permission;requestSchema;responseSchema;screenLink,,"Inspect runtime and reconcile declaration; establish exact policy/tenant binding, validation and tests; define transactional workflow transitions, idempotency and audit semantics"
3,POST,/v1/auth/switch-role,PRISMA,verification_pending,permission;requestSchema;responseSchema;screenLink,,"Inspect runtime and reconcile declaration; establish exact policy/tenant binding, validation and tests; define transactional workflow transitions, idempotency and audit semantics"
6,POST,/v1/auth/whoami,PRISMA,verification_pending,permission;requestSchema;responseSchema;screenLink,,"Inspect runtime and reconcile declaration; establish exact policy/tenant binding, validation and tests; define transactional workflow transitions, idempotency and audit semantics"
1245,POST,/v1/billing-overview/compliance/scan,PRISMA,verification_pending,permission;requestSchema;responseSchema;screenLink,,"Inspect runtime and reconcile declaration; establish exact policy/tenant binding, validation and tests; define transactional workflow transitions, idempotency and audit semantics"
1246,POST,/v1/billing/compliance/scan,PRISMA,verification_pending,permission;requestSchema;responseSchema;screenLink,,"Inspect runtime and reconcile declaration; establish exact policy/tenant binding, validation and tests; define transactional workflow transitions, idempotency and audit semantics"
1487,POST,/v1/billing/summary,PRISMA,verification_pending,permission;requestSchema;responseSchema;screenLink,,"Inspect runtime and reconcile declaration; establish exact policy/tenant binding, validation and tests; define transactional workflow transitions, idempotency and audit semantics"
1277,POST,/v1/booking/compliance/scan,PRISMA,verification_pending,permission;requestSchema;responseSchema;screenLink,,"Inspect runtime and reconcile declaration; establish exact policy/tenant binding, validation and tests; define transactional workflow transitions, idempotency and audit semantics"
1278,POST,/v1/branch-performance/compliance/scan,PRISMA,verification_pending,permission;requestSchema;responseSchema;screenLink,,"Inspect runtime and reconcile declaration; establish exact policy/tenant binding, validation and tests; define transactional workflow transitions, idempotency and audit semantics"
1357,POST,/v1/brand-management/compliance/scan,PRISMA,verification_pending,permission;requestSchema;responseSchema;screenLink,,"Inspect runtime and reconcile declaration; establish exact policy/tenant binding, validation and tests; define transactional workflow transitions, idempotency and audit semantics"
795,POST,/v1/business-development,PRISMA,verification_pending,permission;requestSchema;responseSchema;screenLink,,"Inspect runtime and reconcile declaration; establish exact policy/tenant binding, validation and tests; define transactional workflow transitions, idempotency and audit semantics"
1437,POST,/v1/calendar-management/compliance/scan,PRISMA,verification_pending,permission;requestSchema;responseSchema;screenLink,,"Inspect runtime and reconcile declaration; establish exact policy/tenant binding, validation and tests; define transactional workflow transitions, idempotency and audit semantics"
1358,POST,/v1/campaign-dashboard/compliance/scan,PRISMA,verification_pending,permission;requestSchema;responseSchema,campaign_dashboard,"Inspect runtime and reconcile declaration; establish exact policy/tenant binding, validation and tests; define transactional workflow transitions, idempotency and audit semantics"
1405,POST,/v1/care-plan-review/compliance/scan,PRISMA,verification_pending,permission;requestSchema;responseSchema;screenLink,,"Inspect runtime and reconcile declaration; establish exact policy/tenant binding, validation and tests; define transactional workflow transitions, idempotency and audit semantics"
1249,POST,/v1/care-plan/compliance/scan,PRISMA,verification_pending,permission;requestSchema;responseSchema;screenLink,,"Inspect runtime and reconcile declaration; establish exact policy/tenant binding, validation and tests; define transactional workflow transitions, idempotency and audit semantics"
1250,POST,/v1/care-updates/compliance/scan,PRISMA,verification_pending,permission;requestSchema;responseSchema;screenLink,,"Inspect runtime and reconcile declaration; establish exact policy/tenant binding, validation and tests; define transactional workflow transitions, idempotency and audit semantics"
1385,POST,/v1/caregiver-client-profile/compliance/scan,PRISMA,verification_pending,permission;requestSchema;responseSchema;screenLink,,"Inspect runtime and reconcile declaration; establish exact policy/tenant binding, validation and tests; define transactional workflow transitions, idempotency and audit semantics"
1386,POST,/v1/caregiver-incident-report/compliance/scan,PRISMA,verification_pending,permission;requestSchema;responseSchema;screenLink,,"Inspect runtime and reconcile declaration; establish exact policy/tenant binding, validation and tests; define transactional workflow transitions, idempotency and audit semantics"
1387,POST,/v1/caregiver-schedule/compliance/scan,PRISMA,verification_pending,permission;requestSchema;responseSchema;screenLink,,"Inspect runtime and reconcile declaration; establish exact policy/tenant binding, validation and tests; define transactional workflow transitions, idempotency and audit semantics"
1388,POST,/v1/caregiver-tasks/compliance/scan,PRISMA,verification_pending,permission;requestSchema;responseSchema;screenLink,,"Inspect runtime and reconcile declaration; establish exact policy/tenant binding, validation and tests; define transactional workflow transitions, idempotency and audit semantics"
1389,POST,/v1/caregiver-visit-notes/compliance/scan,PRISMA,verification_pending,permission;requestSchema;responseSchema;screenLink,,"Inspect runtime and reconcile declaration; establish exact policy/tenant binding, validation and tests; define transactional workflow transitions, idempotency and audit semantics"
1247,POST,/v1/caregiver/activity/log,PRISMA,verification_pending,permission;requestSchema;responseSchema,caregiver_dashboard,"Inspect runtime and reconcile declaration; establish exact policy/tenant binding, validation and tests; define transactional workflow transitions, idempotency and audit semantics"
1248,POST,/v1/caregiver/meds/acknowledge,PRISMA,verification_pending,permission;requestSchema;responseSchema,caregiver_dashboard,"Inspect runtime and reconcile declaration; establish exact policy/tenant binding, validation and tests; define transactional workflow transitions, idempotency and audit semantics"
1438,POST,/v1/certification-tracking/compliance/scan,PRISMA,verification_pending,permission;requestSchema;responseSchema;screenLink,,"Inspect runtime and reconcile declaration; establish exact policy/tenant binding, validation and tests; define transactional workflow transitions, idempotency and audit semantics"
1279,POST,/v1/cfo-cashflow/compliance/scan,PRISMA,verification_pending,permission;requestSchema;responseSchema;screenLink,,"Inspect runtime and reconcile declaration; establish exact policy/tenant binding, validation and tests; define transactional workflow transitions, idempotency and audit semantics"
1280,POST,/v1/cfo-expenses/compliance/scan,PRISMA,verification_pending,permission;requestSchema;responseSchema;screenLink,,"Inspect runtime and reconcile declaration; establish exact policy/tenant binding, validation and tests; define transactional workflow transitions, idempotency and audit semantics"
1281,POST,/v1/cfo-invoices/compliance/scan,PRISMA,verification_pending,permission;requestSchema;responseSchema;screenLink,,"Inspect runtime and reconcile declaration; establish exact policy/tenant binding, validation and tests; define transactional workflow transitions, idempotency and audit semantics"
1282,POST,/v1/cfo-payroll/compliance/scan,PRISMA,verification_pending,permission;requestSchema;responseSchema;screenLink,,"Inspect runtime and reconcile declaration; establish exact policy/tenant binding, validation and tests; define transactional workflow transitions, idempotency and audit semantics"
1283,POST,/v1/cfo-profitability/compliance/scan,PRISMA,verification_pending,permission;requestSchema;responseSchema;screenLink,,"Inspect runtime and reconcile declaration; establish exact policy/tenant binding, validation and tests; define transactional workflow transitions, idempotency and audit semantics"
1284,POST,/v1/cfo-revenue/compliance/scan,PRISMA,verification_pending,permission;requestSchema;responseSchema;screenLink,,"Inspect runtime and reconcile declaration; establish exact policy/tenant binding, validation and tests; define transactional workflow transitions, idempotency and audit semantics"
1285,POST,/v1/cfo-tax/compliance/scan,PRISMA,verification_pending,permission;requestSchema;responseSchema;screenLink,,"Inspect runtime and reconcile declaration; establish exact policy/tenant binding, validation and tests; define transactional workflow transitions, idempotency and audit semantics"
1160,POST,/v1/chiropractic-assessment/compliance/scan,PRISMA,verification_pending,permission;requestSchema;responseSchema;screenLink,,"Inspect runtime and reconcile declaration; establish exact policy/tenant binding, validation and tests; define transactional workflow transitions, idempotency and audit semantics"
1161,POST,/v1/chiropractic-progress-tracking/compliance/scan,PRISMA,verification_pending,permission;requestSchema;responseSchema;screenLink,,"Inspect runtime and reconcile declaration; establish exact policy/tenant binding, validation and tests; define transactional workflow transitions, idempotency and audit semantics"
1162,POST,/v1/chiropractor-appointments/compliance/scan,PRISMA,verification_pending,permission;requestSchema;responseSchema;screenLink,,"Inspect runtime and reconcile declaration; establish exact policy/tenant binding, validation and tests; define transactional workflow transitions, idempotency and audit semantics"
1163,POST,/v1/chiropractor-assessment/compliance/scan,PRISMA,verification_pending,permission;requestSchema;responseSchema;screenLink,,"Inspect runtime and reconcile declaration; establish exact policy/tenant binding, validation and tests; define transactional workflow transitions, idempotency and audit semantics"
1164,POST,/v1/chiropractor-billing-link/compliance/scan,PRISMA,verification_pending,permission;requestSchema;responseSchema;screenLink,,"Inspect runtime and reconcile declaration; establish exact policy/tenant binding, validation and tests; define transactional workflow transitions, idempotency and audit semantics"
1165,POST,/v1/chiropractor-client-intake/compliance/scan,PRISMA,verification_pending,permission;requestSchema;responseSchema;screenLink,,"Inspect runtime and reconcile declaration; establish exact policy/tenant binding, validation and tests; define transactional workflow transitions, idempotency and audit semantics"
1166,POST,/v1/chiropractor-command-center/compliance/scan,PRISMA,verification_pending,permission;requestSchema;responseSchema;screenLink,,"Inspect runtime and reconcile declaration; establish exact policy/tenant binding, validation and tests; define transactional workflow transitions, idempotency and audit semantics"
1167,POST,/v1/chiropractor-exercise-plan/compliance/scan,PRISMA,verification_pending,permission;requestSchema;responseSchema;screenLink,,"Inspect runtime and reconcile declaration; establish exact policy/tenant binding, validation and tests; define transactional workflow transitions, idempotency and audit semantics"
1168,POST,/v1/chiropractor-reports/compliance/scan,PRISMA,verification_pending,permission;requestSchema;responseSchema;screenLink,,"Inspect runtime and reconcile declaration; establish exact policy/tenant binding, validation and tests; define transactional workflow transitions, idempotency and audit semantics"
1169,POST,/v1/chiropractor-treatment-notes/compliance/scan,PRISMA,verification_pending,permission;requestSchema;responseSchema;screenLink,,"Inspect runtime and reconcile declaration; establish exact policy/tenant binding, validation and tests; define transactional workflow transitions, idempotency and audit semantics"
1439,POST,/v1/cisoanalytics/compliance/scan,PRISMA,verification_pending,permission;requestSchema;responseSchema;screenLink,,"Inspect runtime and reconcile declaration; establish exact policy/tenant binding, validation and tests; define transactional workflow transitions, idempotency and audit semantics"
1440,POST,/v1/cisoworkflow/compliance/scan,PRISMA,verification_pending,permission;requestSchema;responseSchema;screenLink,,"Inspect runtime and reconcile declaration; establish exact policy/tenant binding, validation and tests; define transactional workflow transitions, idempotency and audit semantics"
1441,POST,/v1/claims-processing/compliance/scan,PRISMA,verification_pending,permission;requestSchema;responseSchema;screenLink,,"Inspect runtime and reconcile declaration; establish exact policy/tenant binding, validation and tests; define transactional workflow transitions, idempotency and audit semantics"
1286,POST,/v1/client-intake/compliance/scan,PRISMA,verification_pending,permission;requestSchema;responseSchema;screenLink,,"Inspect runtime and reconcile declaration; establish exact policy/tenant binding, validation and tests; define transactional workflow transitions, idempotency and audit semantics"
1442,POST,/v1/client-issue/compliance/scan,PRISMA,verification_pending,permission;requestSchema;responseSchema;screenLink,,"Inspect runtime and reconcile declaration; establish exact policy/tenant binding, validation and tests; define transactional workflow transitions, idempotency and audit semantics"
1170,POST,/v1/client-progress/compliance/scan,PRISMA,verification_pending,permission;requestSchema;responseSchema;screenLink,,"Inspect runtime and reconcile declaration; establish exact policy/tenant binding, validation and tests; define transactional workflow transitions, idempotency and audit semantics"
248,POST,/v1/client/billing/invoices,PRISMA,verification_pending,permission;requestSchema;responseSchema;screenLink,,"Inspect runtime and reconcile declaration; establish exact policy/tenant binding, validation and tests; define transactional workflow transitions, idempotency and audit semantics"
250,POST,/v1/client/billing/payment-methods,PRISMA,verification_pending,permission;requestSchema;responseSchema;screenLink,,"Inspect runtime and reconcile declaration; establish exact policy/tenant binding, validation and tests; define transactional workflow transitions, idempotency and audit semantics"
249,POST,/v1/client/billing/statement,PRISMA,verification_pending,permission;requestSchema;responseSchema;screenLink,,"Inspect runtime and reconcile declaration; establish exact policy/tenant binding, validation and tests; define transactional workflow transitions, idempotency and audit semantics"
237,POST,/v1/client/bookings,PRISMA,verification_pending,permission;requestSchema;responseSchema;screenLink,,"Inspect runtime and reconcile declaration; establish exact policy/tenant binding, validation and tests; define transactional workflow transitions, idempotency and audit semantics"
566,POST,/v1/client/bookings/request,PRISMA,verification_pending,permission;requestSchema;responseSchema;screenLink,,"Inspect runtime and reconcile declaration; establish exact policy/tenant binding, validation and tests; define transactional workflow transitions, idempotency and audit semantics"
238,POST,/v1/client/bookings/requests,PRISMA,verification_pending,permission;requestSchema;responseSchema;screenLink,,"Inspect runtime and reconcile declaration; establish exact policy/tenant binding, validation and tests; define transactional workflow transitions, idempotency and audit semantics"
243,POST,/v1/client/engagement/feed,PRISMA,verification_pending,permission;requestSchema;responseSchema;screenLink,,"Inspect runtime and reconcile declaration; establish exact policy/tenant binding, validation and tests; define transactional workflow transitions, idempotency and audit semantics"
244,POST,/v1/client/engagement/pay-invoice,PRISMA,verification_pending,permission;requestSchema;responseSchema;screenLink,,"Inspect runtime and reconcile declaration; establish exact policy/tenant binding, validation and tests; define transactional workflow transitions, idempotency and audit semantics"
560,POST,/v1/client/family/hub-overview,PRISMA,verification_pending,permission;requestSchema;responseSchema;screenLink,,"Inspect runtime and reconcile declaration; establish exact policy/tenant binding, validation and tests; define transactional workflow transitions, idempotency and audit semantics"
245,POST,/v1/client/family/members,PRISMA,verification_pending,permission;requestSchema;responseSchema;screenLink,,"Inspect runtime and reconcile declaration; establish exact policy/tenant binding, validation and tests; define transactional workflow transitions, idempotency and audit semantics"
246,POST,/v1/client/family/message,PRISMA,verification_pending,permission;requestSchema;responseSchema;screenLink,,"Inspect runtime and reconcile declaration; establish exact policy/tenant binding, validation and tests; define transactional workflow transitions, idempotency and audit semantics"
247,POST,/v1/client/family/schedule/upcoming,PRISMA,verification_pending,permission;requestSchema;responseSchema;screenLink,,"Inspect runtime and reconcile declaration; establish exact policy/tenant binding, validation and tests; define transactional workflow transitions, idempotency and audit semantics"
251,POST,/v1/client/feedback,PRISMA,verification_pending,permission;requestSchema;responseSchema;screenLink,,"Inspect runtime and reconcile declaration; establish exact policy/tenant binding, validation and tests; define transactional workflow transitions, idempotency and audit semantics"
253,POST,/v1/client/feedback/analytics,PRISMA,verification_pending,permission;requestSchema;responseSchema;screenLink,,"Inspect runtime and reconcile declaration; establish exact policy/tenant binding, validation and tests; define transactional workflow transitions, idempotency and audit semantics"
252,POST,/v1/client/feedback/surveys,PRISMA,verification_pending,permission;requestSchema;responseSchema;screenLink,,"Inspect runtime and reconcile declaration; establish exact policy/tenant binding, validation and tests; define transactional workflow transitions, idempotency and audit semantics"
235,POST,/v1/client/home/profile,PRISMA,verification_pending,permission;requestSchema;responseSchema;screenLink,,"Inspect runtime and reconcile declaration; establish exact policy/tenant binding, validation and tests; define transactional workflow transitions, idempotency and audit semantics"
236,POST,/v1/client/home/stats,PRISMA,verification_pending,permission;requestSchema;responseSchema;screenLink,,"Inspect runtime and reconcile declaration; establish exact policy/tenant binding, validation and tests; define transactional workflow transitions, idempotency and audit semantics"
239,POST,/v1/client/invoices,PRISMA,verification_pending,permission;requestSchema;responseSchema;screenLink,,"Inspect runtime and reconcile declaration; establish exact policy/tenant binding, validation and tests; define transactional workflow transitions, idempotency and audit semantics"
257,POST,/v1/client/profile/medical-summary,PRISMA,verification_pending,permission;requestSchema;responseSchema;screenLink,,"Inspect runtime and reconcile declaration; establish exact policy/tenant binding, validation and tests; define transactional workflow transitions, idempotency and audit semantics"
254,POST,/v1/client/request,PRISMA,verification_pending,permission;requestSchema;responseSchema;screenLink,,"Inspect runtime and reconcile declaration; establish exact policy/tenant binding, validation and tests; define transactional workflow transitions, idempotency and audit semantics"
255,POST,/v1/client/requests,PRISMA,verification_pending,permission;requestSchema;responseSchema;screenLink,,"Inspect runtime and reconcile declaration; establish exact policy/tenant binding, validation and tests; define transactional workflow transitions, idempotency and audit semantics"
240,POST,/v1/client/services,PRISMA,verification_pending,permission;requestSchema;responseSchema;screenLink,,"Inspect runtime and reconcile declaration; establish exact policy/tenant binding, validation and tests; define transactional workflow transitions, idempotency and audit semantics"
552,POST,/v1/client/services/catalog,PRISMA,verification_pending,permission;requestSchema;responseSchema;screenLink,,"Inspect runtime and reconcile declaration; establish exact policy/tenant binding, validation and tests; define transactional workflow transitions, idempotency and audit semantics"
242,POST,/v1/client/support/feedback,PRISMA,verification_pending,permission;requestSchema;responseSchema;screenLink,,"Inspect runtime and reconcile declaration; establish exact policy/tenant binding, validation and tests; define transactional workflow transitions, idempotency and audit semantics"
553,POST,/v1/client/support/nursing-chat,PRISMA,verification_pending,permission;requestSchema;responseSchema;screenLink,,"Inspect runtime and reconcile declaration; establish exact policy/tenant binding, validation and tests; define transactional workflow transitions, idempotency and audit semantics"
256,POST,/v1/client/team,PRISMA,verification_pending,permission;requestSchema;responseSchema;screenLink,,"Inspect runtime and reconcile declaration; establish exact policy/tenant binding, validation and tests; define transactional workflow transitions, idempotency and audit semantics"
241,POST,/v1/client/team/roster,PRISMA,verification_pending,permission;requestSchema;responseSchema;screenLink,,"Inspect runtime and reconcile declaration; establish exact policy/tenant binding, validation and tests; define transactional workflow transitions, idempotency and audit semantics"
1206,POST,/v1/clinical-director-approvals/compliance/scan,PRISMA,verification_pending,permission;requestSchema;responseSchema;screenLink,,"Inspect runtime and reconcile declaration; establish exact policy/tenant binding, validation and tests; define transactional workflow transitions, idempotency and audit semantics"
1207,POST,/v1/clinical-director-compliance/compliance/scan,PRISMA,verification_pending,permission;requestSchema;responseSchema;screenLink,,"Inspect runtime and reconcile declaration; establish exact policy/tenant binding, validation and tests; define transactional workflow transitions, idempotency and audit semantics"
1209,POST,/v1/clinical-director-incident-review/compliance/scan,PRISMA,verification_pending,permission;requestSchema;responseSchema;screenLink,,"Inspect runtime and reconcile declaration; establish exact policy/tenant binding, validation and tests; define transactional workflow transitions, idempotency and audit semantics"
1210,POST,/v1/clinical-director-performance/compliance/scan,PRISMA,verification_pending,permission;requestSchema;responseSchema;screenLink,,"Inspect runtime and reconcile declaration; establish exact policy/tenant binding, validation and tests; define transactional workflow transitions, idempotency and audit semantics"
1211,POST,/v1/clinical-director-reports/compliance/scan,PRISMA,verification_pending,permission;requestSchema;responseSchema;screenLink,,"Inspect runtime and reconcile declaration; establish exact policy/tenant binding, validation and tests; define transactional workflow transitions, idempotency and audit semantics"
1212,POST,/v1/clinical-director-staff-quality/compliance/scan,PRISMA,verification_pending,permission;requestSchema;responseSchema;screenLink,,"Inspect runtime and reconcile declaration; establish exact policy/tenant binding, validation and tests; define transactional workflow transitions, idempotency and audit semantics"
1213,POST,/v1/clinical-operations4-k/compliance/scan,PRISMA,verification_pending,permission;requestSchema;responseSchema;screenLink,,"Inspect runtime and reconcile declaration; establish exact policy/tenant binding, validation and tests; define transactional workflow transitions, idempotency and audit semantics"
1214,POST,/v1/clinical-quality/compliance/scan,PRISMA,verification_pending,permission;requestSchema;responseSchema;screenLink,,"Inspect runtime and reconcile declaration; establish exact policy/tenant binding, validation and tests; define transactional workflow transitions, idempotency and audit semantics"
1202,POST,/v1/clinical/compliance/scan,PRISMA,verification_pending,permission;requestSchema;responseSchema,clinical_dashboard,"Inspect runtime and reconcile declaration; establish exact policy/tenant binding, validation and tests; define transactional workflow transitions, idempotency and audit semantics"
1203,POST,/v1/clinical/compliance/sync,PRISMA,verification_pending,permission;requestSchema;responseSchema,clinical_dashboard,"Inspect runtime and reconcile declaration; establish exact policy/tenant binding, validation and tests; define transactional workflow transitions, idempotency and audit semantics"
1208,GET,/v1/clinical/dashboard,PRISMA,verification_pending,permission;requestSchema;responseSchema,clinical_director_dashboard,"Inspect runtime and reconcile declaration; establish exact policy/tenant binding, validation and tests"
1205,POST,/v1/clinical/logs/export,PRISMA,verification_pending,permission;requestSchema;responseSchema,clinical_dashboard,"Inspect runtime and reconcile declaration; establish exact policy/tenant binding, validation and tests; define transactional workflow transitions, idempotency and audit semantics"
1488,POST,/v1/clinical/patients,PRISMA,verification_pending,permission;requestSchema;responseSchema;screenLink,,"Inspect runtime and reconcile declaration; establish exact policy/tenant binding, validation and tests; define transactional workflow transitions, idempotency and audit semantics"
1204,POST,/v1/clinical/policy/update,PRISMA,verification_pending,permission;requestSchema;responseSchema,clinical_dashboard,"Inspect runtime and reconcile declaration; establish exact policy/tenant binding, validation and tests; define transactional workflow transitions, idempotency and audit semantics"
1406,POST,/v1/cns-analytics/compliance/scan,PRISMA,verification_pending,permission;requestSchema;responseSchema;screenLink,,"Inspect runtime and reconcile declaration; establish exact policy/tenant binding, validation and tests; define transactional workflow transitions, idempotency and audit semantics"
1407,POST,/v1/cns-workflow/compliance/scan,PRISMA,verification_pending,permission;requestSchema;responseSchema;screenLink,,"Inspect runtime and reconcile declaration; establish exact policy/tenant binding, validation and tests; define transactional workflow transitions, idempotency and audit semantics"
1216,POST,/v1/cns/consultations/log,PRISMA,verification_pending,permission;requestSchema;responseSchema,cns_dashboard,"Inspect runtime and reconcile declaration; establish exact policy/tenant binding, validation and tests; define transactional workflow transitions, idempotency and audit semantics"
1215,POST,/v1/cns/standards/publish,PRISMA,verification_pending,permission;requestSchema;responseSchema,cns_dashboard,"Inspect runtime and reconcile declaration; establish exact policy/tenant binding, validation and tests; define transactional workflow transitions, idempotency and audit semantics"
1443,POST,/v1/communication/compliance/scan,PRISMA,verification_pending,permission;requestSchema;responseSchema;screenLink,,"Inspect runtime and reconcile declaration; establish exact policy/tenant binding, validation and tests; define transactional workflow transitions, idempotency and audit semantics"
1444,POST,/v1/communityoutreachanalytics/compliance/scan,PRISMA,verification_pending,permission;requestSchema;responseSchema;screenLink,,"Inspect runtime and reconcile declaration; establish exact policy/tenant binding, validation and tests; define transactional workflow transitions, idempotency and audit semantics"
1445,POST,/v1/communityoutreachworkflow/compliance/scan,PRISMA,verification_pending,permission;requestSchema;responseSchema;screenLink,,"Inspect runtime and reconcile declaration; establish exact policy/tenant binding, validation and tests; define transactional workflow transitions, idempotency and audit semantics"
1359,POST,/v1/compliance-dashboard/compliance/scan,PRISMA,verification_pending,permission;requestSchema;responseSchema,compliance_dashboard,"Inspect runtime and reconcile declaration; establish exact policy/tenant binding, validation and tests; define transactional workflow transitions, idempotency and audit semantics"
1287,POST,/v1/compliance-overview/compliance/scan,PRISMA,verification_pending,permission;requestSchema;responseSchema;screenLink,,"Inspect runtime and reconcile declaration; establish exact policy/tenant binding, validation and tests; define transactional workflow transitions, idempotency and audit semantics"
1217,POST,/v1/compliance-review/compliance/scan,PRISMA,verification_pending,permission;requestSchema;responseSchema;screenLink,,"Inspect runtime and reconcile declaration; establish exact policy/tenant binding, validation and tests; define transactional workflow transitions, idempotency and audit semantics"
1375,POST,/v1/concierge/providers/dispatch,PRISMA,verification_pending,permission;requestSchema;responseSchema,premium_concierge_dashboard,"Inspect runtime and reconcile declaration; establish exact policy/tenant binding, validation and tests; define transactional workflow transitions, idempotency and audit semantics"
1376,POST,/v1/concierge/vip/escalate,PRISMA,verification_pending,permission;requestSchema;responseSchema,premium_concierge_dashboard,"Inspect runtime and reconcile declaration; establish exact policy/tenant binding, validation and tests; define transactional workflow transitions, idempotency and audit semantics"
1446,POST,/v1/conflict-resolution/compliance/scan,PRISMA,verification_pending,permission;requestSchema;responseSchema;screenLink,,"Inspect runtime and reconcile declaration; establish exact policy/tenant binding, validation and tests; define transactional workflow transitions, idempotency and audit semantics"
1288,POST,/v1/coo-branch-comparison/compliance/scan,PRISMA,verification_pending,permission;requestSchema;responseSchema;screenLink,,"Inspect runtime and reconcile declaration; establish exact policy/tenant binding, validation and tests; define transactional workflow transitions, idempotency and audit semantics"
1289,POST,/v1/coo-command-center/compliance/scan,PRISMA,verification_pending,permission;requestSchema;responseSchema;screenLink,,"Inspect runtime and reconcile declaration; establish exact policy/tenant binding, validation and tests; define transactional workflow transitions, idempotency and audit semantics"
1291,POST,/v1/coo-operations-overview/compliance/scan,PRISMA,verification_pending,permission;requestSchema;responseSchema;screenLink,,"Inspect runtime and reconcile declaration; establish exact policy/tenant binding, validation and tests; define transactional workflow transitions, idempotency and audit semantics"
1292,POST,/v1/coo-scheduling-health/compliance/scan,PRISMA,verification_pending,permission;requestSchema;responseSchema;screenLink,,"Inspect runtime and reconcile declaration; establish exact policy/tenant binding, validation and tests; define transactional workflow transitions, idempotency and audit semantics"
1293,POST,/v1/coo-staffing/compliance/scan,PRISMA,verification_pending,permission;requestSchema;responseSchema;screenLink,,"Inspect runtime and reconcile declaration; establish exact policy/tenant binding, validation and tests; define transactional workflow transitions, idempotency and audit semantics"
1294,POST,/v1/coo-workflow-issues/compliance/scan,PRISMA,verification_pending,permission;requestSchema;responseSchema;screenLink,,"Inspect runtime and reconcile declaration; establish exact policy/tenant binding, validation and tests; define transactional workflow transitions, idempotency and audit semantics"
266,POST,/v1/coordinator/dispatch-map,PRISMA,verification_pending,permission;requestSchema;responseSchema;screenLink,,"Inspect runtime and reconcile declaration; establish exact policy/tenant binding, validation and tests; define transactional workflow transitions, idempotency and audit semantics"
269,POST,/v1/coordinator/fleet/heartbeat,PRISMA,verification_pending,permission;requestSchema;responseSchema;screenLink,,"Inspect runtime and reconcile declaration; establish exact policy/tenant binding, validation and tests; define transactional workflow transitions, idempotency and audit semantics"
268,POST,/v1/coordinator/fleet/ping,PRISMA,verification_pending,permission;requestSchema;responseSchema;screenLink,,"Inspect runtime and reconcile declaration; establish exact policy/tenant binding, validation and tests; define transactional workflow transitions, idempotency and audit semantics"
270,POST,/v1/coordinator/fleet/positions,PRISMA,verification_pending,permission;requestSchema;responseSchema;screenLink,,"Inspect runtime and reconcile declaration; establish exact policy/tenant binding, validation and tests; define transactional workflow transitions, idempotency and audit semantics"
265,POST,/v1/coordinator/home/stats,PRISMA,verification_pending,permission;requestSchema;responseSchema;screenLink,,"Inspect runtime and reconcile declaration; establish exact policy/tenant binding, validation and tests; define transactional workflow transitions, idempotency and audit semantics"
263,POST,/v1/coordinator/incident/ack,PRISMA,verification_pending,permission;requestSchema;responseSchema;screenLink,,"Inspect runtime and reconcile declaration; establish exact policy/tenant binding, validation and tests; define transactional workflow transitions, idempotency and audit semantics"
264,POST,/v1/coordinator/incidents,PRISMA,verification_pending,permission;requestSchema;responseSchema;screenLink,,"Inspect runtime and reconcile declaration; establish exact policy/tenant binding, validation and tests; define transactional workflow transitions, idempotency and audit semantics"
261,POST,/v1/coordinator/match/override,PRISMA,verification_pending,permission;requestSchema;responseSchema;screenLink,,"Inspect runtime and reconcile declaration; establish exact policy/tenant binding, validation and tests; define transactional workflow transitions, idempotency and audit semantics"
267,POST,/v1/coordinator/matching/run,PRISMA,verification_pending,permission;requestSchema;responseSchema;screenLink,,"Inspect runtime and reconcile declaration; establish exact policy/tenant binding, validation and tests; define transactional workflow transitions, idempotency and audit semantics"
259,POST,/v1/coordinator/schedule/master,PRISMA,verification_pending,permission;requestSchema;responseSchema;screenLink,,"Inspect runtime and reconcile declaration; establish exact policy/tenant binding, validation and tests; define transactional workflow transitions, idempotency and audit semantics"
271,POST,/v1/coordinator/shift-swap/request,PRISMA,verification_pending,permission;requestSchema;responseSchema;screenLink,,"Inspect runtime and reconcile declaration; establish exact policy/tenant binding, validation and tests; define transactional workflow transitions, idempotency and audit semantics"
272,POST,/v1/coordinator/shift-swap/requests,PRISMA,verification_pending,permission;requestSchema;responseSchema;screenLink,,"Inspect runtime and reconcile declaration; establish exact policy/tenant binding, validation and tests; define transactional workflow transitions, idempotency and audit semantics"
260,POST,/v1/coordinator/shifts/broadcast,PRISMA,verification_pending,permission;requestSchema;responseSchema;screenLink,,"Inspect runtime and reconcile declaration; establish exact policy/tenant binding, validation and tests; define transactional workflow transitions, idempotency and audit semantics"
620,POST,/v1/coordinator/shifts/triage,PRISMA,verification_pending,permission;requestSchema;responseSchema;screenLink,,"Inspect runtime and reconcile declaration; establish exact policy/tenant binding, validation and tests; define transactional workflow transitions, idempotency and audit semantics"
258,POST,/v1/coordinator/sos-dispatch,PRISMA,verification_pending,permission;requestSchema;responseSchema;screenLink,,"Inspect runtime and reconcile declaration; establish exact policy/tenant binding, validation and tests; define transactional workflow transitions, idempotency and audit semantics"
274,POST,/v1/coordinator/sos/active,PRISMA,verification_pending,permission;requestSchema;responseSchema;screenLink,,"Inspect runtime and reconcile declaration; establish exact policy/tenant binding, validation and tests; define transactional workflow transitions, idempotency and audit semantics"
273,POST,/v1/coordinator/sos/trigger,PRISMA,verification_pending,permission;requestSchema;responseSchema;screenLink,,"Inspect runtime and reconcile declaration; establish exact policy/tenant binding, validation and tests; define transactional workflow transitions, idempotency and audit semantics"
275,POST,/v1/coordinator/waitlist,PRISMA,verification_pending,permission;requestSchema;responseSchema;screenLink,,"Inspect runtime and reconcile declaration; establish exact policy/tenant binding, validation and tests; define transactional workflow transitions, idempotency and audit semantics"
262,POST,/v1/coordinator/waitlist/sync,PRISMA,verification_pending,permission;requestSchema;responseSchema;screenLink,,"Inspect runtime and reconcile declaration; establish exact policy/tenant binding, validation and tests; define transactional workflow transitions, idempotency and audit semantics"
1360,POST,/v1/corrective-action/compliance/scan,PRISMA,verification_pending,permission;requestSchema;responseSchema;screenLink,,"Inspect runtime and reconcile declaration; establish exact policy/tenant binding, validation and tests; define transactional workflow transitions, idempotency and audit semantics"
1447,POST,/v1/course-assignment/compliance/scan,PRISMA,verification_pending,permission;requestSchema;responseSchema;screenLink,,"Inspect runtime and reconcile declaration; establish exact policy/tenant binding, validation and tests; define transactional workflow transitions, idempotency and audit semantics"
1361,POST,/v1/credential-expiry/compliance/scan,PRISMA,verification_pending,permission;requestSchema;responseSchema;screenLink,,"Inspect runtime and reconcile declaration; establish exact policy/tenant binding, validation and tests; define transactional workflow transitions, idempotency and audit semantics"
296,POST,/v1/cron/incident-sla,PRISMA,verification_pending,permission;requestSchema;responseSchema;screenLink,,"Inspect runtime and reconcile declaration; establish exact policy/tenant binding, validation and tests; define transactional workflow transitions, idempotency and audit semantics"
1295,POST,/v1/cx-director-analytics/compliance/scan,PRISMA,verification_pending,permission;requestSchema;responseSchema;screenLink,,"Inspect runtime and reconcile declaration; establish exact policy/tenant binding, validation and tests; define transactional workflow transitions, idempotency and audit semantics"
1296,POST,/v1/cx-director-workflow/compliance/scan,PRISMA,verification_pending,permission;requestSchema;responseSchema;screenLink,,"Inspect runtime and reconcile declaration; establish exact policy/tenant binding, validation and tests; define transactional workflow transitions, idempotency and audit semantics"
1362,POST,/v1/daily-operations/compliance/scan,PRISMA,verification_pending,permission;requestSchema;responseSchema;screenLink,,"Inspect runtime and reconcile declaration; establish exact policy/tenant binding, validation and tests; define transactional workflow transitions, idempotency and audit semantics"
811,POST,/v1/debug/,PRISMA,verification_pending,permission;requestSchema;responseSchema;screenLink,,"Inspect runtime and reconcile declaration; establish exact policy/tenant binding, validation and tests; define transactional workflow transitions, idempotency and audit semantics"
297,POST,/v1/debug/hash,PRISMA,verification_pending,permission;requestSchema;responseSchema;screenLink,,"Inspect runtime and reconcile declaration; establish exact policy/tenant binding, validation and tests; define transactional workflow transitions, idempotency and audit semantics"
1448,POST,/v1/defect-tracking/compliance/scan,PRISMA,verification_pending,permission;requestSchema;responseSchema;screenLink,,"Inspect runtime and reconcile declaration; establish exact policy/tenant binding, validation and tests; define transactional workflow transitions, idempotency and audit semantics"
1297,POST,/v1/deployment-center/compliance/scan,PRISMA,verification_pending,permission;requestSchema;responseSchema;screenLink,,"Inspect runtime and reconcile declaration; establish exact policy/tenant binding, validation and tests; define transactional workflow transitions, idempotency and audit semantics"
1251,POST,/v1/documents/compliance/scan,PRISMA,verification_pending,permission;requestSchema;responseSchema;screenLink,,"Inspect runtime and reconcile declaration; establish exact policy/tenant binding, validation and tests; define transactional workflow transitions, idempotency and audit semantics"
1252,POST,/v1/drift-findings/compliance/scan,PRISMA,verification_pending,permission;requestSchema;responseSchema;screenLink,,"Inspect runtime and reconcile declaration; establish exact policy/tenant binding, validation and tests; define transactional workflow transitions, idempotency and audit semantics"
1253,POST,/v1/dynamicworkflow/compliance/scan,PRISMA,verification_pending,permission;requestSchema;responseSchema;screenLink,,"Inspect runtime and reconcile declaration; establish exact policy/tenant binding, validation and tests; define transactional workflow transitions, idempotency and audit semantics"
883,GET,/v1/education/cases,PRISMA,verification_pending,permission;requestSchema;responseSchema;screenLink,,"Inspect runtime and reconcile declaration; establish exact policy/tenant binding, validation and tests"
878,GET,/v1/education/certs/alerts,PRISMA,verification_pending,permission;requestSchema;responseSchema;screenLink,,"Inspect runtime and reconcile declaration; establish exact policy/tenant binding, validation and tests"
880,GET,/v1/education/cme/tracking,PRISMA,verification_pending,permission;requestSchema;responseSchema;screenLink,,"Inspect runtime and reconcile declaration; establish exact policy/tenant binding, validation and tests"
879,GET,/v1/education/guidelines,PRISMA,verification_pending,permission;requestSchema;responseSchema;screenLink,,"Inspect runtime and reconcile declaration; establish exact policy/tenant binding, validation and tests"
881,GET,/v1/education/journal_club/topics,PRISMA,verification_pending,permission;requestSchema;responseSchema;screenLink,,"Inspect runtime and reconcile declaration; establish exact policy/tenant binding, validation and tests"
882,GET,/v1/education/library/databases,PRISMA,verification_pending,permission;requestSchema;responseSchema;screenLink,,"Inspect runtime and reconcile declaration; establish exact policy/tenant binding, validation and tests"
884,GET,/v1/education/peer_review/cases,PRISMA,verification_pending,permission;requestSchema;responseSchema;screenLink,,"Inspect runtime and reconcile declaration; establish exact policy/tenant binding, validation and tests"
885,GET,/v1/education/residency/residents,PRISMA,verification_pending,permission;requestSchema;responseSchema;screenLink,,"Inspect runtime and reconcile declaration; establish exact policy/tenant binding, validation and tests"
886,GET,/v1/education/sim_lab/schedule,PRISMA,verification_pending,permission;requestSchema;responseSchema;screenLink,,"Inspect runtime and reconcile declaration; establish exact policy/tenant binding, validation and tests"
887,GET,/v1/education/surgical/videos,PRISMA,verification_pending,permission;requestSchema;responseSchema;screenLink,,"Inspect runtime and reconcile declaration; establish exact policy/tenant binding, validation and tests"
1254,POST,/v1/emergency-contacts/compliance/scan,PRISMA,verification_pending,permission;requestSchema;responseSchema;screenLink,,"Inspect runtime and reconcile declaration; establish exact policy/tenant binding, validation and tests; define transactional workflow transitions, idempotency and audit semantics"
1449,POST,/v1/employee-analytics/compliance/scan,PRISMA,verification_pending,permission;requestSchema;responseSchema;screenLink,,"Inspect runtime and reconcile declaration; establish exact policy/tenant binding, validation and tests; define transactional workflow transitions, idempotency and audit semantics"
1363,POST,/v1/employee-records/compliance/scan,PRISMA,verification_pending,permission;requestSchema;responseSchema;screenLink,,"Inspect runtime and reconcile declaration; establish exact policy/tenant binding, validation and tests; define transactional workflow transitions, idempotency and audit semantics"
1452,POST,/v1/employee-workflow/compliance/scan,PRISMA,verification_pending,permission;requestSchema;responseSchema;screenLink,,"Inspect runtime and reconcile declaration; establish exact policy/tenant binding, validation and tests; define transactional workflow transitions, idempotency and audit semantics"
1450,POST,/v1/employee/pto/request,PRISMA,verification_pending,permission;requestSchema;responseSchema,employee_dashboard,"Inspect runtime and reconcile declaration; establish exact policy/tenant binding, validation and tests; define transactional workflow transitions, idempotency and audit semantics"
1451,POST,/v1/employee/tax/download,PRISMA,verification_pending,permission;requestSchema;responseSchema,employee_dashboard,"Inspect runtime and reconcile declaration; establish exact policy/tenant binding, validation and tests; define transactional workflow transitions, idempotency and audit semantics"
1298,POST,/v1/enterprise-command-center4-k/compliance/scan,PRISMA,verification_pending,permission;requestSchema;responseSchema;screenLink,,"Inspect runtime and reconcile declaration; establish exact policy/tenant binding, validation and tests; define transactional workflow transitions, idempotency and audit semantics"
1299,POST,/v1/enterprise-health/compliance/scan,PRISMA,verification_pending,permission;requestSchema;responseSchema;screenLink,,"Inspect runtime and reconcile declaration; establish exact policy/tenant binding, validation and tests; define transactional workflow transitions, idempotency and audit semantics"
1300,POST,/v1/executive-command-center/compliance/scan,PRISMA,verification_pending,permission;requestSchema;responseSchema;screenLink,,"Inspect runtime and reconcile declaration; establish exact policy/tenant binding, validation and tests; define transactional workflow transitions, idempotency and audit semantics"
890,GET,/v1/executive/coo/telemetry,PRISMA,verification_pending,permission;requestSchema;responseSchema,coo_dashboard,"Inspect runtime and reconcile declaration; establish exact policy/tenant binding, validation and tests"
782,POST,/v1/executive/coo/telemetry,PRISMA,verification_pending,permission;requestSchema;responseSchema;screenLink,,"Inspect runtime and reconcile declaration; establish exact policy/tenant binding, validation and tests; define transactional workflow transitions, idempotency and audit semantics"
1218,POST,/v1/exercise-prescription/compliance/scan,PRISMA,verification_pending,permission;requestSchema;responseSchema;screenLink,,"Inspect runtime and reconcile declaration; establish exact policy/tenant binding, validation and tests; define transactional workflow transitions, idempotency and audit semantics"
1301,POST,/v1/expense-management/compliance/scan,PRISMA,verification_pending,permission;requestSchema;responseSchema;screenLink,,"Inspect runtime and reconcile declaration; establish exact policy/tenant binding, validation and tests; define transactional workflow transitions, idempotency and audit semantics"
1453,POST,/v1/failed-workflow/compliance/scan,PRISMA,verification_pending,permission;requestSchema;responseSchema;screenLink,,"Inspect runtime and reconcile declaration; establish exact policy/tenant binding, validation and tests; define transactional workflow transitions, idempotency and audit semantics"
1255,POST,/v1/family-overview/compliance/scan,PRISMA,verification_pending,permission;requestSchema;responseSchema;screenLink,,"Inspect runtime and reconcile declaration; establish exact policy/tenant binding, validation and tests; define transactional workflow transitions, idempotency and audit semantics"
829,GET,/v1/features,PRISMA,verification_pending,permission;requestSchema;responseSchema;screenLink,,"Inspect runtime and reconcile declaration; establish exact policy/tenant binding, validation and tests"
1256,POST,/v1/file-verification-dashboard/compliance/scan,PRISMA,verification_pending,permission;requestSchema;responseSchema,file_verification_dashboard,"Inspect runtime and reconcile declaration; establish exact policy/tenant binding, validation and tests; define transactional workflow transitions, idempotency and audit semantics"
1302,POST,/v1/finance-director-analytics/compliance/scan,PRISMA,verification_pending,permission;requestSchema;responseSchema;screenLink,,"Inspect runtime and reconcile declaration; establish exact policy/tenant binding, validation and tests; define transactional workflow transitions, idempotency and audit semantics"
1303,POST,/v1/finance-director-workflow/compliance/scan,PRISMA,verification_pending,permission;requestSchema;responseSchema;screenLink,,"Inspect runtime and reconcile declaration; establish exact policy/tenant binding, validation and tests; define transactional workflow transitions, idempotency and audit semantics"
628,POST,/v1/finance/seal,PRISMA,verification_pending,permission;requestSchema;responseSchema;screenLink,,"Inspect runtime and reconcile declaration; establish exact policy/tenant binding, validation and tests; define transactional workflow transitions, idempotency and audit semantics"
629,POST,/v1/finance/tax/report,PRISMA,verification_pending,permission;requestSchema;responseSchema;screenLink,,"Inspect runtime and reconcile declaration; establish exact policy/tenant binding, validation and tests; define transactional workflow transitions, idempotency and audit semantics"
627,POST,/v1/finance/void,PRISMA,verification_pending,permission;requestSchema;responseSchema;screenLink,,"Inspect runtime and reconcile declaration; establish exact policy/tenant binding, validation and tests; define transactional workflow transitions, idempotency and audit semantics"
1304,POST,/v1/financial-dashboard/compliance/scan,PRISMA,verification_pending,permission;requestSchema;responseSchema,financial_dashboard,"Inspect runtime and reconcile declaration; establish exact policy/tenant binding, validation and tests; define transactional workflow transitions, idempotency and audit semantics"
1305,POST,/v1/financial-operations4-k/compliance/scan,PRISMA,verification_pending,permission;requestSchema;responseSchema;screenLink,,"Inspect runtime and reconcile declaration; establish exact policy/tenant binding, validation and tests; define transactional workflow transitions, idempotency and audit semantics"
1306,POST,/v1/followup/compliance/scan,PRISMA,verification_pending,permission;requestSchema;responseSchema;screenLink,,"Inspect runtime and reconcile declaration; establish exact policy/tenant binding, validation and tests; define transactional workflow transitions, idempotency and audit semantics"
1308,POST,/v1/franchise-command-center/compliance/scan,PRISMA,verification_pending,permission;requestSchema;responseSchema;screenLink,,"Inspect runtime and reconcile declaration; establish exact policy/tenant binding, validation and tests; define transactional workflow transitions, idempotency and audit semantics"
1307,POST,/v1/franchise-command-center4-k/compliance/scan,PRISMA,verification_pending,permission;requestSchema;responseSchema;screenLink,,"Inspect runtime and reconcile declaration; establish exact policy/tenant binding, validation and tests; define transactional workflow transitions, idempotency and audit semantics"
1364,POST,/v1/franchise-lead/compliance/scan,PRISMA,verification_pending,permission;requestSchema;responseSchema;screenLink,,"Inspect runtime and reconcile declaration; establish exact policy/tenant binding, validation and tests; define transactional workflow transitions, idempotency and audit semantics"
1309,POST,/v1/franchise-overview/compliance/scan,PRISMA,verification_pending,permission;requestSchema;responseSchema;screenLink,,"Inspect runtime and reconcile declaration; establish exact policy/tenant binding, validation and tests; define transactional workflow transitions, idempotency and audit semantics"
1310,POST,/v1/franchise-owner-appointments/compliance/scan,PRISMA,verification_pending,permission;requestSchema;responseSchema;screenLink,,"Inspect runtime and reconcile declaration; establish exact policy/tenant binding, validation and tests; define transactional workflow transitions, idempotency and audit semantics"
1311,POST,/v1/franchise-owner-branch-overview/compliance/scan,PRISMA,verification_pending,permission;requestSchema;responseSchema;screenLink,,"Inspect runtime and reconcile declaration; establish exact policy/tenant binding, validation and tests; define transactional workflow transitions, idempotency and audit semantics"
1312,POST,/v1/franchise-owner-clients/compliance/scan,PRISMA,verification_pending,permission;requestSchema;responseSchema;screenLink,,"Inspect runtime and reconcile declaration; establish exact policy/tenant binding, validation and tests; define transactional workflow transitions, idempotency and audit semantics"
1313,POST,/v1/franchise-owner-command-center/compliance/scan,PRISMA,verification_pending,permission;requestSchema;responseSchema;screenLink,,"Inspect runtime and reconcile declaration; establish exact policy/tenant binding, validation and tests; define transactional workflow transitions, idempotency and audit semantics"
1314,POST,/v1/franchise-owner-compliance/compliance/scan,PRISMA,verification_pending,permission;requestSchema;responseSchema;screenLink,,"Inspect runtime and reconcile declaration; establish exact policy/tenant binding, validation and tests; define transactional workflow transitions, idempotency and audit semantics"
1315,POST,/v1/franchise-owner-finance-snapshot/compliance/scan,PRISMA,verification_pending,permission;requestSchema;responseSchema;screenLink,,"Inspect runtime and reconcile declaration; establish exact policy/tenant binding, validation and tests; define transactional workflow transitions, idempotency and audit semantics"
1316,POST,/v1/franchise-owner-reports/compliance/scan,PRISMA,verification_pending,permission;requestSchema;responseSchema;screenLink,,"Inspect runtime and reconcile declaration; establish exact policy/tenant binding, validation and tests; define transactional workflow transitions, idempotency and audit semantics"
1317,POST,/v1/franchise-owner-staff/compliance/scan,PRISMA,verification_pending,permission;requestSchema;responseSchema;screenLink,,"Inspect runtime and reconcile declaration; establish exact policy/tenant binding, validation and tests; define transactional workflow transitions, idempotency and audit semantics"
1318,POST,/v1/franchise-sales-analytics/compliance/scan,PRISMA,verification_pending,permission;requestSchema;responseSchema;screenLink,,"Inspect runtime and reconcile declaration; establish exact policy/tenant binding, validation and tests; define transactional workflow transitions, idempotency and audit semantics"
1319,POST,/v1/franchise-sales-workflow/compliance/scan,PRISMA,verification_pending,permission;requestSchema;responseSchema;screenLink,,"Inspect runtime and reconcile declaration; establish exact policy/tenant binding, validation and tests; define transactional workflow transitions, idempotency and audit semantics"
1257,POST,/v1/governance-control-room/compliance/scan,PRISMA,verification_pending,permission;requestSchema;responseSchema;screenLink,,"Inspect runtime and reconcile declaration; establish exact policy/tenant binding, validation and tests; define transactional workflow transitions, idempotency and audit semantics"
1258,POST,/v1/governance-operations4-k/compliance/scan,PRISMA,verification_pending,permission;requestSchema;responseSchema;screenLink,,"Inspect runtime and reconcile declaration; establish exact policy/tenant binding, validation and tests; define transactional workflow transitions, idempotency and audit semantics"
888,GET,/v1/governance/dashboard,PRISMA,verification_pending,permission;requestSchema;responseSchema;screenLink,,"Inspect runtime and reconcile declaration; establish exact policy/tenant binding, validation and tests"
784,POST,/v1/governance/dashboard,PRISMA,verification_pending,permission;requestSchema;responseSchema;screenLink,,"Inspect runtime and reconcile declaration; establish exact policy/tenant binding, validation and tests; define transactional workflow transitions, idempotency and audit semantics"
785,POST,/v1/governance/dashboard-metrics,PRISMA,verification_pending,permission;requestSchema;responseSchema;screenLink,,"Inspect runtime and reconcile declaration; establish exact policy/tenant binding, validation and tests; define transactional workflow transitions, idempotency and audit semantics"
1365,POST,/v1/growth-analytics/compliance/scan,PRISMA,verification_pending,permission;requestSchema;responseSchema;screenLink,,"Inspect runtime and reconcile declaration; establish exact policy/tenant binding, validation and tests; define transactional workflow transitions, idempotency and audit semantics"
1259,POST,/v1/guest-workflow/compliance/scan,PRISMA,verification_pending,permission;requestSchema;responseSchema;screenLink,,"Inspect runtime and reconcile declaration; establish exact policy/tenant binding, validation and tests; define transactional workflow transitions, idempotency and audit semantics"
815,GET,/v1/health,PRISMA,verification_pending,permission;requestSchema;responseSchema;screenLink,,"Inspect runtime and reconcile declaration; establish exact policy/tenant binding, validation and tests"
813,POST,/v1/health,PRISMA,verification_pending,permission;requestSchema;responseSchema;screenLink,,"Inspect runtime and reconcile declaration; establish exact policy/tenant binding, validation and tests; define transactional workflow transitions, idempotency and audit semantics"
1366,POST,/v1/hiring-pipeline/compliance/scan,PRISMA,verification_pending,permission;requestSchema;responseSchema;screenLink,,"Inspect runtime and reconcile declaration; establish exact policy/tenant binding, validation and tests; define transactional workflow transitions, idempotency and audit semantics"
1171,POST,/v1/home-care-plan/compliance/scan,PRISMA,verification_pending,permission;requestSchema;responseSchema;screenLink,,"Inspect runtime and reconcile declaration; establish exact policy/tenant binding, validation and tests; define transactional workflow transitions, idempotency and audit semantics"
1320,POST,/v1/hr-director-credential-expiry/compliance/scan,PRISMA,verification_pending,permission;requestSchema;responseSchema;screenLink,,"Inspect runtime and reconcile declaration; establish exact policy/tenant binding, validation and tests; define transactional workflow transitions, idempotency and audit semantics"
1321,POST,/v1/hr-director-hiring-pipeline/compliance/scan,PRISMA,verification_pending,permission;requestSchema;responseSchema;screenLink,,"Inspect runtime and reconcile declaration; establish exact policy/tenant binding, validation and tests; define transactional workflow transitions, idempotency and audit semantics"
1322,POST,/v1/hr-director-onboarding/compliance/scan,PRISMA,verification_pending,permission;requestSchema;responseSchema;screenLink,,"Inspect runtime and reconcile declaration; establish exact policy/tenant binding, validation and tests; define transactional workflow transitions, idempotency and audit semantics"
1323,POST,/v1/hr-director-staff-files/compliance/scan,PRISMA,verification_pending,permission;requestSchema;responseSchema;screenLink,,"Inspect runtime and reconcile declaration; establish exact policy/tenant binding, validation and tests; define transactional workflow transitions, idempotency and audit semantics"
1324,POST,/v1/hr-director-training/compliance/scan,PRISMA,verification_pending,permission;requestSchema;responseSchema;screenLink,,"Inspect runtime and reconcile declaration; establish exact policy/tenant binding, validation and tests; define transactional workflow transitions, idempotency and audit semantics"
1454,POST,/v1/hr-hiring-applicants/compliance/scan,PRISMA,verification_pending,permission;requestSchema;responseSchema;screenLink,,"Inspect runtime and reconcile declaration; establish exact policy/tenant binding, validation and tests; define transactional workflow transitions, idempotency and audit semantics"
1455,POST,/v1/hr-hiring-credentials/compliance/scan,PRISMA,verification_pending,permission;requestSchema;responseSchema;screenLink,,"Inspect runtime and reconcile declaration; establish exact policy/tenant binding, validation and tests; define transactional workflow transitions, idempotency and audit semantics"
1456,POST,/v1/hr-hiring-interviews/compliance/scan,PRISMA,verification_pending,permission;requestSchema;responseSchema;screenLink,,"Inspect runtime and reconcile declaration; establish exact policy/tenant binding, validation and tests; define transactional workflow transitions, idempotency and audit semantics"
1457,POST,/v1/hr-hiring-offers/compliance/scan,PRISMA,verification_pending,permission;requestSchema;responseSchema;screenLink,,"Inspect runtime and reconcile declaration; establish exact policy/tenant binding, validation and tests; define transactional workflow transitions, idempotency and audit semantics"
1458,POST,/v1/hr-hiring-onboarding/compliance/scan,PRISMA,verification_pending,permission;requestSchema;responseSchema;screenLink,,"Inspect runtime and reconcile declaration; establish exact policy/tenant binding, validation and tests; define transactional workflow transitions, idempotency and audit semantics"
1221,POST,/v1/hsw/alerts/trigger,PRISMA,verification_pending,permission;requestSchema;responseSchema,hsw_dashboard,"Inspect runtime and reconcile declaration; establish exact policy/tenant binding, validation and tests; define transactional workflow transitions, idempotency and audit semantics"
1219,POST,/v1/hsw/visits/checkin,PRISMA,verification_pending,permission;requestSchema;responseSchema,hsw_dashboard,"Inspect runtime and reconcile declaration; establish exact policy/tenant binding, validation and tests; define transactional workflow transitions, idempotency and audit semantics"
1220,POST,/v1/hsw/visits/checkout,PRISMA,verification_pending,permission;requestSchema;responseSchema,hsw_dashboard,"Inspect runtime and reconcile declaration; establish exact policy/tenant binding, validation and tests; define transactional workflow transitions, idempotency and audit semantics"
1367,POST,/v1/incident-management/compliance/scan,PRISMA,verification_pending,permission;requestSchema;responseSchema;screenLink,,"Inspect runtime and reconcile declaration; establish exact policy/tenant binding, validation and tests; define transactional workflow transitions, idempotency and audit semantics"
1222,POST,/v1/incident-oversight/compliance/scan,PRISMA,verification_pending,permission;requestSchema;responseSchema;screenLink,,"Inspect runtime and reconcile declaration; establish exact policy/tenant binding, validation and tests; define transactional workflow transitions, idempotency and audit semantics"
1390,POST,/v1/incident-report/compliance/scan,PRISMA,verification_pending,permission;requestSchema;responseSchema;screenLink,,"Inspect runtime and reconcile declaration; establish exact policy/tenant binding, validation and tests; define transactional workflow transitions, idempotency and audit semantics"
1408,POST,/v1/incident-review/compliance/scan,PRISMA,verification_pending,permission;requestSchema;responseSchema;screenLink,,"Inspect runtime and reconcile declaration; establish exact policy/tenant binding, validation and tests; define transactional workflow transitions, idempotency and audit semantics"
419,POST,/v1/incidents/crisis-mode,PRISMA,verification_pending,permission;requestSchema;responseSchema;screenLink,,"Inspect runtime and reconcile declaration; establish exact policy/tenant binding, validation and tests; define transactional workflow transitions, idempotency and audit semantics"
1459,POST,/v1/infrastructureanalytics/compliance/scan,PRISMA,verification_pending,permission;requestSchema;responseSchema;screenLink,,"Inspect runtime and reconcile declaration; establish exact policy/tenant binding, validation and tests; define transactional workflow transitions, idempotency and audit semantics"
1460,POST,/v1/infrastructureworkflow/compliance/scan,PRISMA,verification_pending,permission;requestSchema;responseSchema;screenLink,,"Inspect runtime and reconcile declaration; establish exact policy/tenant binding, validation and tests; define transactional workflow transitions, idempotency and audit semantics"
1325,POST,/v1/intake-coordinator-assessment-queue/compliance/scan,PRISMA,verification_pending,permission;requestSchema;responseSchema;screenLink,,"Inspect runtime and reconcile declaration; establish exact policy/tenant binding, validation and tests; define transactional workflow transitions, idempotency and audit semantics"
1326,POST,/v1/intake-coordinator-booking/compliance/scan,PRISMA,verification_pending,permission;requestSchema;responseSchema;screenLink,,"Inspect runtime and reconcile declaration; establish exact policy/tenant binding, validation and tests; define transactional workflow transitions, idempotency and audit semantics"
1327,POST,/v1/intake-coordinator-documents/compliance/scan,PRISMA,verification_pending,permission;requestSchema;responseSchema;screenLink,,"Inspect runtime and reconcile declaration; establish exact policy/tenant binding, validation and tests; define transactional workflow transitions, idempotency and audit semantics"
1328,POST,/v1/intake-coordinator-follow-up/compliance/scan,PRISMA,verification_pending,permission;requestSchema;responseSchema;screenLink,,"Inspect runtime and reconcile declaration; establish exact policy/tenant binding, validation and tests; define transactional workflow transitions, idempotency and audit semantics"
1329,POST,/v1/intake-coordinator-new-client-intake/compliance/scan,PRISMA,verification_pending,permission;requestSchema;responseSchema;screenLink,,"Inspect runtime and reconcile declaration; establish exact policy/tenant binding, validation and tests; define transactional workflow transitions, idempotency and audit semantics"
1330,POST,/v1/intake-coordinator-referrals/compliance/scan,PRISMA,verification_pending,permission;requestSchema;responseSchema;screenLink,,"Inspect runtime and reconcile declaration; establish exact policy/tenant binding, validation and tests; define transactional workflow transitions, idempotency and audit semantics"
512,POST,/v1/interop/did/generate,PRISMA,verification_pending,permission;requestSchema;responseSchema;screenLink,,"Inspect runtime and reconcile declaration; establish exact policy/tenant binding, validation and tests; define transactional workflow transitions, idempotency and audit semantics"
511,POST,/v1/interop/did/verify,PRISMA,verification_pending,permission;requestSchema;responseSchema;screenLink,,"Inspect runtime and reconcile declaration; establish exact policy/tenant binding, validation and tests; define transactional workflow transitions, idempotency and audit semantics"
510,POST,/v1/interop/fhir/import,PRISMA,verification_pending,permission;requestSchema;responseSchema;screenLink,,"Inspect runtime and reconcile declaration; establish exact policy/tenant binding, validation and tests; define transactional workflow transitions, idempotency and audit semantics"
1461,POST,/v1/interview-scheduling/compliance/scan,PRISMA,verification_pending,permission;requestSchema;responseSchema;screenLink,,"Inspect runtime and reconcile declaration; establish exact policy/tenant binding, validation and tests; define transactional workflow transitions, idempotency and audit semantics"
1462,POST,/v1/invoice-management/compliance/scan,PRISMA,verification_pending,permission;requestSchema;responseSchema;screenLink,,"Inspect runtime and reconcile declaration; establish exact policy/tenant binding, validation and tests; define transactional workflow transitions, idempotency and audit semantics"
1368,POST,/v1/lead-analytics/compliance/scan,PRISMA,verification_pending,permission;requestSchema;responseSchema;screenLink,,"Inspect runtime and reconcile declaration; establish exact policy/tenant binding, validation and tests; define transactional workflow transitions, idempotency and audit semantics"
1369,POST,/v1/legalanalytics/compliance/scan,PRISMA,verification_pending,permission;requestSchema;responseSchema;screenLink,,"Inspect runtime and reconcile declaration; establish exact policy/tenant binding, validation and tests; define transactional workflow transitions, idempotency and audit semantics"
1370,POST,/v1/legalworkflow/compliance/scan,PRISMA,verification_pending,permission;requestSchema;responseSchema;screenLink,,"Inspect runtime and reconcile declaration; establish exact policy/tenant binding, validation and tests; define transactional workflow transitions, idempotency and audit semantics"
1426,POST,/v1/lpn-analytics/compliance/scan,PRISMA,verification_pending,permission;requestSchema;responseSchema;screenLink,,"Inspect runtime and reconcile declaration; establish exact policy/tenant binding, validation and tests; define transactional workflow transitions, idempotency and audit semantics"
1427,POST,/v1/lpn-workflow/compliance/scan,PRISMA,verification_pending,permission;requestSchema;responseSchema;screenLink,,"Inspect runtime and reconcile declaration; establish exact policy/tenant binding, validation and tests; define transactional workflow transitions, idempotency and audit semantics"
1223,POST,/v1/lpn/medpass/log,PRISMA,verification_pending,permission;requestSchema;responseSchema,lpn_dashboard,"Inspect runtime and reconcile declaration; establish exact policy/tenant binding, validation and tests; define transactional workflow transitions, idempotency and audit semantics"
1224,POST,/v1/lpn/wounds/submit,PRISMA,verification_pending,permission;requestSchema;responseSchema,lpn_dashboard,"Inspect runtime and reconcile declaration; establish exact policy/tenant binding, validation and tests; define transactional workflow transitions, idempotency and audit semantics"
527,POST,/v1/manager/audit/attendance,PRISMA,verification_pending,permission;requestSchema;responseSchema;screenLink,,"Inspect runtime and reconcile declaration; establish exact policy/tenant binding, validation and tests; define transactional workflow transitions, idempotency and audit semantics"
631,POST,/v1/manager/billing/batch-approve,PRISMA,verification_pending,permission;requestSchema;responseSchema;screenLink,,"Inspect runtime and reconcile declaration; establish exact policy/tenant binding, validation and tests; define transactional workflow transitions, idempotency and audit semantics"
540,POST,/v1/manager/communications/sms,PRISMA,verification_pending,permission;requestSchema;responseSchema;screenLink,,"Inspect runtime and reconcile declaration; establish exact policy/tenant binding, validation and tests; define transactional workflow transitions, idempotency and audit semantics"
541,POST,/v1/manager/communications/sms/campaigns,PRISMA,verification_pending,permission;requestSchema;responseSchema;screenLink,,"Inspect runtime and reconcile declaration; establish exact policy/tenant binding, validation and tests; define transactional workflow transitions, idempotency and audit semantics"
542,POST,/v1/manager/communications/sms/logs,PRISMA,verification_pending,permission;requestSchema;responseSchema;screenLink,,"Inspect runtime and reconcile declaration; establish exact policy/tenant binding, validation and tests; define transactional workflow transitions, idempotency and audit semantics"
609,POST,/v1/manager/coordinator/coverage-alerts,PRISMA,verification_pending,permission;requestSchema;responseSchema;screenLink,,"Inspect runtime and reconcile declaration; establish exact policy/tenant binding, validation and tests; define transactional workflow transitions, idempotency and audit semantics"
326,POST,/v1/manager/coordinator/sos-dispatch,PRISMA,verification_pending,permission;requestSchema;responseSchema;screenLink,,"Inspect runtime and reconcile declaration; establish exact policy/tenant binding, validation and tests; define transactional workflow transitions, idempotency and audit semantics"
538,POST,/v1/manager/documents/signing,PRISMA,verification_pending,permission;requestSchema;responseSchema;screenLink,,"Inspect runtime and reconcile declaration; establish exact policy/tenant binding, validation and tests; define transactional workflow transitions, idempotency and audit semantics"
539,POST,/v1/manager/documents/signing/requests,PRISMA,verification_pending,permission;requestSchema;responseSchema;screenLink,,"Inspect runtime and reconcile declaration; establish exact policy/tenant binding, validation and tests; define transactional workflow transitions, idempotency and audit semantics"
522,POST,/v1/manager/evaluations,PRISMA,verification_pending,permission;requestSchema;responseSchema;screenLink,,"Inspect runtime and reconcile declaration; establish exact policy/tenant binding, validation and tests; define transactional workflow transitions, idempotency and audit semantics"
519,POST,/v1/manager/finance/billing/finalize,PRISMA,verification_pending,permission;requestSchema;responseSchema;screenLink,,"Inspect runtime and reconcile declaration; establish exact policy/tenant binding, validation and tests; define transactional workflow transitions, idempotency and audit semantics"
169,POST,/v1/manager/finance/payroll-audit,PRISMA,verification_pending,permission;requestSchema;responseSchema;screenLink,,"Inspect runtime and reconcile declaration; establish exact policy/tenant binding, validation and tests; define transactional workflow transitions, idempotency and audit semantics"
517,POST,/v1/manager/finance/pl,PRISMA,verification_pending,permission;requestSchema;responseSchema;screenLink,,"Inspect runtime and reconcile declaration; establish exact policy/tenant binding, validation and tests; define transactional workflow transitions, idempotency and audit semantics"
532,POST,/v1/manager/gamification,PRISMA,verification_pending,permission;requestSchema;responseSchema;screenLink,,"Inspect runtime and reconcile declaration; establish exact policy/tenant binding, validation and tests; define transactional workflow transitions, idempotency and audit semantics"
533,POST,/v1/manager/gamification/leaderboard,PRISMA,verification_pending,permission;requestSchema;responseSchema;screenLink,,"Inspect runtime and reconcile declaration; establish exact policy/tenant binding, validation and tests; define transactional workflow transitions, idempotency and audit semantics"
534,POST,/v1/manager/gamification/rewards,PRISMA,verification_pending,permission;requestSchema;responseSchema;screenLink,,"Inspect runtime and reconcile declaration; establish exact policy/tenant binding, validation and tests; define transactional workflow transitions, idempotency and audit semantics"
168,POST,/v1/manager/home/kpi,PRISMA,verification_pending,permission;requestSchema;responseSchema;screenLink,,"Inspect runtime and reconcile declaration; establish exact policy/tenant binding, validation and tests; define transactional workflow transitions, idempotency and audit semantics"
166,POST,/v1/manager/home/stats,PRISMA,verification_pending,permission;requestSchema;responseSchema;screenLink,,"Inspect runtime and reconcile declaration; establish exact policy/tenant binding, validation and tests; define transactional workflow transitions, idempotency and audit semantics"
167,POST,/v1/manager/home/today,PRISMA,verification_pending,permission;requestSchema;responseSchema;screenLink,,"Inspect runtime and reconcile declaration; establish exact policy/tenant binding, validation and tests; define transactional workflow transitions, idempotency and audit semantics"
543,POST,/v1/manager/hr/performance-reviews,PRISMA,verification_pending,permission;requestSchema;responseSchema;screenLink,,"Inspect runtime and reconcile declaration; establish exact policy/tenant binding, validation and tests; define transactional workflow transitions, idempotency and audit semantics"
537,POST,/v1/manager/iot/alerts,PRISMA,verification_pending,permission;requestSchema;responseSchema;screenLink,,"Inspect runtime and reconcile declaration; establish exact policy/tenant binding, validation and tests; define transactional workflow transitions, idempotency and audit semantics"
536,POST,/v1/manager/iot/devices,PRISMA,verification_pending,permission;requestSchema;responseSchema;screenLink,,"Inspect runtime and reconcile declaration; establish exact policy/tenant binding, validation and tests; define transactional workflow transitions, idempotency and audit semantics"
535,POST,/v1/manager/iot/events,PRISMA,verification_pending,permission;requestSchema;responseSchema;screenLink,,"Inspect runtime and reconcile declaration; establish exact policy/tenant binding, validation and tests; define transactional workflow transitions, idempotency and audit semantics"
177,POST,/v1/manager/ops/approvals,PRISMA,verification_pending,permission;requestSchema;responseSchema;screenLink,,"Inspect runtime and reconcile declaration; establish exact policy/tenant binding, validation and tests; define transactional workflow transitions, idempotency and audit semantics"
172,POST,/v1/manager/ops/branch-health,PRISMA,verification_pending,permission;requestSchema;responseSchema;screenLink,,"Inspect runtime and reconcile declaration; establish exact policy/tenant binding, validation and tests; define transactional workflow transitions, idempotency and audit semantics"
171,POST,/v1/manager/ops/compliance/sync,PRISMA,verification_pending,permission;requestSchema;responseSchema;screenLink,,"Inspect runtime and reconcile declaration; establish exact policy/tenant binding, validation and tests; define transactional workflow transitions, idempotency and audit semantics"
175,POST,/v1/manager/ops/incidents,PRISMA,verification_pending,permission;requestSchema;responseSchema;screenLink,,"Inspect runtime and reconcile declaration; establish exact policy/tenant binding, validation and tests; define transactional workflow transitions, idempotency and audit semantics"
173,POST,/v1/manager/ops/intake/waitlist,PRISMA,verification_pending,permission;requestSchema;responseSchema;screenLink,,"Inspect runtime and reconcile declaration; establish exact policy/tenant binding, validation and tests; define transactional workflow transitions, idempotency and audit semantics"
176,POST,/v1/manager/ops/locations,PRISMA,verification_pending,permission;requestSchema;responseSchema;screenLink,,"Inspect runtime and reconcile declaration; establish exact policy/tenant binding, validation and tests; define transactional workflow transitions, idempotency and audit semantics"
174,POST,/v1/manager/ops/schedule/logistics-board,PRISMA,verification_pending,permission;requestSchema;responseSchema;screenLink,,"Inspect runtime and reconcile declaration; establish exact policy/tenant binding, validation and tests; define transactional workflow transitions, idempotency and audit semantics"
170,POST,/v1/manager/ops/stats,PRISMA,verification_pending,permission;requestSchema;responseSchema;screenLink,,"Inspect runtime and reconcile declaration; establish exact policy/tenant binding, validation and tests; define transactional workflow transitions, idempotency and audit semantics"
516,POST,/v1/manager/performance/rankings,PRISMA,verification_pending,permission;requestSchema;responseSchema;screenLink,,"Inspect runtime and reconcile declaration; establish exact policy/tenant binding, validation and tests; define transactional workflow transitions, idempotency and audit semantics"
178,POST,/v1/manager/reviews,PRISMA,verification_pending,permission;requestSchema;responseSchema;screenLink,,"Inspect runtime and reconcile declaration; establish exact policy/tenant binding, validation and tests; define transactional workflow transitions, idempotency and audit semantics"
526,POST,/v1/manager/staff/add,PRISMA,verification_pending,permission;requestSchema;responseSchema;screenLink,,"Inspect runtime and reconcile declaration; establish exact policy/tenant binding, validation and tests; define transactional workflow transitions, idempotency and audit semantics"
521,POST,/v1/manager/surveys,PRISMA,verification_pending,permission;requestSchema;responseSchema;screenLink,,"Inspect runtime and reconcile declaration; establish exact policy/tenant binding, validation and tests; define transactional workflow transitions, idempotency and audit semantics"
520,POST,/v1/manager/training,PRISMA,verification_pending,permission;requestSchema;responseSchema;screenLink,,"Inspect runtime and reconcile declaration; establish exact policy/tenant binding, validation and tests; define transactional workflow transitions, idempotency and audit semantics"
544,POST,/v1/manager/training/academy,PRISMA,verification_pending,permission;requestSchema;responseSchema;screenLink,,"Inspect runtime and reconcile declaration; establish exact policy/tenant binding, validation and tests; define transactional workflow transitions, idempotency and audit semantics"
545,POST,/v1/manager/training/academy/modules,PRISMA,verification_pending,permission;requestSchema;responseSchema;screenLink,,"Inspect runtime and reconcile declaration; establish exact policy/tenant binding, validation and tests; define transactional workflow transitions, idempotency and audit semantics"
546,POST,/v1/manager/training/academy/progress,PRISMA,verification_pending,permission;requestSchema;responseSchema;screenLink,,"Inspect runtime and reconcile declaration; establish exact policy/tenant binding, validation and tests; define transactional workflow transitions, idempotency and audit semantics"
179,POST,/v1/manager/training/assign,PRISMA,verification_pending,permission;requestSchema;responseSchema;screenLink,,"Inspect runtime and reconcile declaration; establish exact policy/tenant binding, validation and tests; define transactional workflow transitions, idempotency and audit semantics"
180,POST,/v1/manager/training/compliance,PRISMA,verification_pending,permission;requestSchema;responseSchema;screenLink,,"Inspect runtime and reconcile declaration; establish exact policy/tenant binding, validation and tests; define transactional workflow transitions, idempotency and audit semantics"
181,POST,/v1/manager/training/modules,PRISMA,verification_pending,permission;requestSchema;responseSchema;screenLink,,"Inspect runtime and reconcile declaration; establish exact policy/tenant binding, validation and tests; define transactional workflow transitions, idempotency and audit semantics"
812,POST,/v1/marketing/,PRISMA,verification_pending,permission;requestSchema;responseSchema;screenLink,,"Inspect runtime and reconcile declaration; establish exact policy/tenant binding, validation and tests; define transactional workflow transitions, idempotency and audit semantics"
1143,GET,/v1/marketing/assets,PRISMA,verification_pending,permission;requestSchema;responseSchema;screenLink,,"Inspect runtime and reconcile declaration; establish exact policy/tenant binding, validation and tests"
1149,GET,/v1/marketing/cac/tracker,PRISMA,verification_pending,permission;requestSchema;responseSchema;screenLink,,"Inspect runtime and reconcile declaration; establish exact policy/tenant binding, validation and tests"
1144,GET,/v1/marketing/campaigns/performance,PRISMA,verification_pending,permission;requestSchema;responseSchema;screenLink,,"Inspect runtime and reconcile declaration; establish exact policy/tenant binding, validation and tests"
1145,GET,/v1/marketing/competitors/analysis,PRISMA,verification_pending,permission;requestSchema;responseSchema;screenLink,,"Inspect runtime and reconcile declaration; establish exact policy/tenant binding, validation and tests"
1146,GET,/v1/marketing/email/journeys,PRISMA,verification_pending,permission;requestSchema;responseSchema;screenLink,,"Inspect runtime and reconcile declaration; establish exact policy/tenant binding, validation and tests"
1147,GET,/v1/marketing/events,PRISMA,verification_pending,permission;requestSchema;responseSchema;screenLink,,"Inspect runtime and reconcile declaration; establish exact policy/tenant binding, validation and tests"
814,POST,/v1/marketing/leads,PRISMA,verification_pending,permission;requestSchema;responseSchema;screenLink,,"Inspect runtime and reconcile declaration; establish exact policy/tenant binding, validation and tests; define transactional workflow transitions, idempotency and audit semantics"
1148,GET,/v1/marketing/leads/conversion,PRISMA,verification_pending,permission;requestSchema;responseSchema;screenLink,,"Inspect runtime and reconcile declaration; establish exact policy/tenant binding, validation and tests"
1150,GET,/v1/marketing/referrals/network,PRISMA,verification_pending,permission;requestSchema;responseSchema;screenLink,,"Inspect runtime and reconcile declaration; establish exact policy/tenant binding, validation and tests"
1151,GET,/v1/marketing/social/sentiment,PRISMA,verification_pending,permission;requestSchema;responseSchema;screenLink,,"Inspect runtime and reconcile declaration; establish exact policy/tenant binding, validation and tests"
1152,GET,/v1/marketing/territories,PRISMA,verification_pending,permission;requestSchema;responseSchema;screenLink,,"Inspect runtime and reconcile declaration; establish exact policy/tenant binding, validation and tests"
1172,POST,/v1/massage-assessment/compliance/scan,PRISMA,verification_pending,permission;requestSchema;responseSchema;screenLink,,"Inspect runtime and reconcile declaration; establish exact policy/tenant binding, validation and tests; define transactional workflow transitions, idempotency and audit semantics"
1409,POST,/v1/medication-administration/compliance/scan,PRISMA,verification_pending,permission;requestSchema;responseSchema;screenLink,,"Inspect runtime and reconcile declaration; establish exact policy/tenant binding, validation and tests; define transactional workflow transitions, idempotency and audit semantics"
1225,POST,/v1/medication/compliance/scan,PRISMA,verification_pending,permission;requestSchema;responseSchema;screenLink,,"Inspect runtime and reconcile declaration; establish exact policy/tenant binding, validation and tests; define transactional workflow transitions, idempotency and audit semantics"
710,POST,/v1/messages,PRISMA,verification_pending,permission;requestSchema;responseSchema;screenLink,,"Inspect runtime and reconcile declaration; establish exact policy/tenant binding, validation and tests; define transactional workflow transitions, idempotency and audit semantics"
857,GET,/v1/messages/inbox,PRISMA,verification_pending,permission;requestSchema;responseSchema;screenLink,,"Inspect runtime and reconcile declaration; establish exact policy/tenant binding, validation and tests"
1391,POST,/v1/messaging/compliance/scan,PRISMA,verification_pending,permission;requestSchema;responseSchema;screenLink,,"Inspect runtime and reconcile declaration; establish exact policy/tenant binding, validation and tests; define transactional workflow transitions, idempotency and audit semantics"
1410,POST,/v1/np-analytics/compliance/scan,PRISMA,verification_pending,permission;requestSchema;responseSchema;screenLink,,"Inspect runtime and reconcile declaration; establish exact policy/tenant binding, validation and tests; define transactional workflow transitions, idempotency and audit semantics"
1411,POST,/v1/np-workflow/compliance/scan,PRISMA,verification_pending,permission;requestSchema;responseSchema;screenLink,,"Inspect runtime and reconcile declaration; establish exact policy/tenant binding, validation and tests; define transactional workflow transitions, idempotency and audit semantics"
1226,POST,/v1/np/diagnostics/sign,PRISMA,verification_pending,permission;requestSchema;responseSchema,np_dashboard,"Inspect runtime and reconcile declaration; establish exact policy/tenant binding, validation and tests; define transactional workflow transitions, idempotency and audit semantics"
1227,POST,/v1/np/referrals/create,PRISMA,verification_pending,permission;requestSchema;responseSchema,np_dashboard,"Inspect runtime and reconcile declaration; establish exact policy/tenant binding, validation and tests; define transactional workflow transitions, idempotency and audit semantics"
1228,POST,/v1/nursing-task/compliance/scan,PRISMA,verification_pending,permission;requestSchema;responseSchema;screenLink,,"Inspect runtime and reconcile declaration; establish exact policy/tenant binding, validation and tests; define transactional workflow transitions, idempotency and audit semantics"
1463,POST,/v1/offer-management/compliance/scan,PRISMA,verification_pending,permission;requestSchema;responseSchema;screenLink,,"Inspect runtime and reconcile declaration; establish exact policy/tenant binding, validation and tests; define transactional workflow transitions, idempotency and audit semantics"
808,POST,/v1/office/partnership-leads,PRISMA,verification_pending,permission;requestSchema;responseSchema;screenLink,,"Inspect runtime and reconcile declaration; establish exact policy/tenant binding, validation and tests; define transactional workflow transitions, idempotency and audit semantics"
1464,POST,/v1/onboarding-checklist/compliance/scan,PRISMA,verification_pending,permission;requestSchema;responseSchema;screenLink,,"Inspect runtime and reconcile declaration; establish exact policy/tenant binding, validation and tests; define transactional workflow transitions, idempotency and audit semantics"
1371,POST,/v1/onboarding/compliance/scan,PRISMA,verification_pending,permission;requestSchema;responseSchema;screenLink,,"Inspect runtime and reconcile declaration; establish exact policy/tenant binding, validation and tests; define transactional workflow transitions, idempotency and audit semantics"
1465,POST,/v1/open-shift/compliance/scan,PRISMA,verification_pending,permission;requestSchema;responseSchema;screenLink,,"Inspect runtime and reconcile declaration; establish exact policy/tenant binding, validation and tests; define transactional workflow transitions, idempotency and audit semantics"
1331,POST,/v1/operations-command-center/compliance/scan,PRISMA,verification_pending,permission;requestSchema;responseSchema;screenLink,,"Inspect runtime and reconcile declaration; establish exact policy/tenant binding, validation and tests; define transactional workflow transitions, idempotency and audit semantics"
1489,POST,/v1/operations/logistics,PRISMA,verification_pending,permission;requestSchema;responseSchema;screenLink,,"Inspect runtime and reconcile declaration; establish exact policy/tenant binding, validation and tests; define transactional workflow transitions, idempotency and audit semantics"
316,POST,/v1/ops/capacity,PRISMA,verification_pending,permission;requestSchema;responseSchema;screenLink,,"Inspect runtime and reconcile declaration; establish exact policy/tenant binding, validation and tests; define transactional workflow transitions, idempotency and audit semantics"
318,POST,/v1/ops/logistics,PRISMA,verification_pending,permission;requestSchema;responseSchema;screenLink,,"Inspect runtime and reconcile declaration; establish exact policy/tenant binding, validation and tests; define transactional workflow transitions, idempotency and audit semantics"
317,POST,/v1/ops/regions,PRISMA,verification_pending,permission;requestSchema;responseSchema;screenLink,,"Inspect runtime and reconcile declaration; establish exact policy/tenant binding, validation and tests; define transactional workflow transitions, idempotency and audit semantics"
1372,POST,/v1/outreach-campaign/compliance/scan,PRISMA,verification_pending,permission;requestSchema;responseSchema;screenLink,,"Inspect runtime and reconcile declaration; establish exact policy/tenant binding, validation and tests; define transactional workflow transitions, idempotency and audit semantics"
1373,POST,/v1/partnership-management/compliance/scan,PRISMA,verification_pending,permission;requestSchema;responseSchema;screenLink,,"Inspect runtime and reconcile declaration; establish exact policy/tenant binding, validation and tests; define transactional workflow transitions, idempotency and audit semantics"
1260,POST,/v1/patient-appointments/compliance/scan,PRISMA,verification_pending,permission;requestSchema;responseSchema;screenLink,,"Inspect runtime and reconcile declaration; establish exact policy/tenant binding, validation and tests; define transactional workflow transitions, idempotency and audit semantics"
1261,POST,/v1/patient-billing/compliance/scan,PRISMA,verification_pending,permission;requestSchema;responseSchema;screenLink,,"Inspect runtime and reconcile declaration; establish exact policy/tenant binding, validation and tests; define transactional workflow transitions, idempotency and audit semantics"
1262,POST,/v1/patient-care-plan/compliance/scan,PRISMA,verification_pending,permission;requestSchema;responseSchema;screenLink,,"Inspect runtime and reconcile declaration; establish exact policy/tenant binding, validation and tests; define transactional workflow transitions, idempotency and audit semantics"
1412,POST,/v1/patient-charting/compliance/scan,PRISMA,verification_pending,permission;requestSchema;responseSchema;screenLink,,"Inspect runtime and reconcile declaration; establish exact policy/tenant binding, validation and tests; define transactional workflow transitions, idempotency and audit semantics"
1263,POST,/v1/patient-command-center/compliance/scan,PRISMA,verification_pending,permission;requestSchema;responseSchema;screenLink,,"Inspect runtime and reconcile declaration; establish exact policy/tenant binding, validation and tests; define transactional workflow transitions, idempotency and audit semantics"
1264,POST,/v1/patient-documents/compliance/scan,PRISMA,verification_pending,permission;requestSchema;responseSchema;screenLink,,"Inspect runtime and reconcile declaration; establish exact policy/tenant binding, validation and tests; define transactional workflow transitions, idempotency and audit semantics"
1265,POST,/v1/patient-messages/compliance/scan,PRISMA,verification_pending,permission;requestSchema;responseSchema;screenLink,,"Inspect runtime and reconcile declaration; establish exact policy/tenant binding, validation and tests; define transactional workflow transitions, idempotency and audit semantics"
1229,POST,/v1/patient-observation/compliance/scan,PRISMA,verification_pending,permission;requestSchema;responseSchema;screenLink,,"Inspect runtime and reconcile declaration; establish exact policy/tenant binding, validation and tests; define transactional workflow transitions, idempotency and audit semantics"
1266,POST,/v1/patient-profile/compliance/scan,PRISMA,verification_pending,permission;requestSchema;responseSchema;screenLink,,"Inspect runtime and reconcile declaration; establish exact policy/tenant binding, validation and tests; define transactional workflow transitions, idempotency and audit semantics"
1466,POST,/v1/payment-tracking/compliance/scan,PRISMA,verification_pending,permission;requestSchema;responseSchema;screenLink,,"Inspect runtime and reconcile declaration; establish exact policy/tenant binding, validation and tests; define transactional workflow transitions, idempotency and audit semantics"
1332,POST,/v1/payroll/compliance/scan,PRISMA,verification_pending,permission;requestSchema;responseSchema;screenLink,,"Inspect runtime and reconcile declaration; establish exact policy/tenant binding, validation and tests; define transactional workflow transitions, idempotency and audit semantics"
1230,POST,/v1/pediatric-analytics/compliance/scan,PRISMA,verification_pending,permission;requestSchema;responseSchema;screenLink,,"Inspect runtime and reconcile declaration; establish exact policy/tenant binding, validation and tests; define transactional workflow transitions, idempotency and audit semantics"
1233,POST,/v1/pediatric-workflow/compliance/scan,PRISMA,verification_pending,permission;requestSchema;responseSchema;screenLink,,"Inspect runtime and reconcile declaration; establish exact policy/tenant binding, validation and tests; define transactional workflow transitions, idempotency and audit semantics"
1231,POST,/v1/pediatric/growth/record,PRISMA,verification_pending,permission;requestSchema;responseSchema,pediatric_dashboard,"Inspect runtime and reconcile declaration; establish exact policy/tenant binding, validation and tests; define transactional workflow transitions, idempotency and audit semantics"
1232,POST,/v1/pediatric/vaccines/administer,PRISMA,verification_pending,permission;requestSchema;responseSchema,pediatric_dashboard,"Inspect runtime and reconcile declaration; establish exact policy/tenant binding, validation and tests; define transactional workflow transitions, idempotency and audit semantics"
1267,POST,/v1/pending-task-queue/compliance/scan,PRISMA,verification_pending,permission;requestSchema;responseSchema;screenLink,,"Inspect runtime and reconcile declaration; establish exact policy/tenant binding, validation and tests; define transactional workflow transitions, idempotency and audit semantics"
1234,POST,/v1/physician-analytics/compliance/scan,PRISMA,verification_pending,permission;requestSchema;responseSchema;screenLink,,"Inspect runtime and reconcile declaration; establish exact policy/tenant binding, validation and tests; define transactional workflow transitions, idempotency and audit semantics"
1237,POST,/v1/physician-workflow/compliance/scan,PRISMA,verification_pending,permission;requestSchema;responseSchema;screenLink,,"Inspect runtime and reconcile declaration; establish exact policy/tenant binding, validation and tests; define transactional workflow transitions, idempotency and audit semantics"
1236,POST,/v1/physician/labs/authorize,PRISMA,verification_pending,permission;requestSchema;responseSchema,physician_dashboard,"Inspect runtime and reconcile declaration; establish exact policy/tenant binding, validation and tests; define transactional workflow transitions, idempotency and audit semantics"
1235,POST,/v1/physician/prescriptions/submit,PRISMA,verification_pending,permission;requestSchema;responseSchema,physician_dashboard,"Inspect runtime and reconcile declaration; establish exact policy/tenant binding, validation and tests; define transactional workflow transitions, idempotency and audit semantics"
1173,POST,/v1/physiotherapist-appointments/compliance/scan,PRISMA,verification_pending,permission;requestSchema;responseSchema;screenLink,,"Inspect runtime and reconcile declaration; establish exact policy/tenant binding, validation and tests; define transactional workflow transitions, idempotency and audit semantics"
1174,POST,/v1/physiotherapist-assessment/compliance/scan,PRISMA,verification_pending,permission;requestSchema;responseSchema;screenLink,,"Inspect runtime and reconcile declaration; establish exact policy/tenant binding, validation and tests; define transactional workflow transitions, idempotency and audit semantics"
1175,POST,/v1/physiotherapist-billing-link/compliance/scan,PRISMA,verification_pending,permission;requestSchema;responseSchema;screenLink,,"Inspect runtime and reconcile declaration; establish exact policy/tenant binding, validation and tests; define transactional workflow transitions, idempotency and audit semantics"
1176,POST,/v1/physiotherapist-client-intake/compliance/scan,PRISMA,verification_pending,permission;requestSchema;responseSchema;screenLink,,"Inspect runtime and reconcile declaration; establish exact policy/tenant binding, validation and tests; define transactional workflow transitions, idempotency and audit semantics"
1177,POST,/v1/physiotherapist-command-center/compliance/scan,PRISMA,verification_pending,permission;requestSchema;responseSchema;screenLink,,"Inspect runtime and reconcile declaration; establish exact policy/tenant binding, validation and tests; define transactional workflow transitions, idempotency and audit semantics"
1178,POST,/v1/physiotherapist-exercise-plan/compliance/scan,PRISMA,verification_pending,permission;requestSchema;responseSchema;screenLink,,"Inspect runtime and reconcile declaration; establish exact policy/tenant binding, validation and tests; define transactional workflow transitions, idempotency and audit semantics"
1179,POST,/v1/physiotherapist-reports/compliance/scan,PRISMA,verification_pending,permission;requestSchema;responseSchema;screenLink,,"Inspect runtime and reconcile declaration; establish exact policy/tenant binding, validation and tests; define transactional workflow transitions, idempotency and audit semantics"
1180,POST,/v1/physiotherapist-treatment-notes/compliance/scan,PRISMA,verification_pending,permission;requestSchema;responseSchema;screenLink,,"Inspect runtime and reconcile declaration; establish exact policy/tenant binding, validation and tests; define transactional workflow transitions, idempotency and audit semantics"
1374,POST,/v1/policy-management/compliance/scan,PRISMA,verification_pending,permission;requestSchema;responseSchema;screenLink,,"Inspect runtime and reconcile declaration; establish exact policy/tenant binding, validation and tests; define transactional workflow transitions, idempotency and audit semantics"
1268,POST,/v1/portal-analytics/compliance/scan,PRISMA,verification_pending,permission;requestSchema;responseSchema;screenLink,,"Inspect runtime and reconcile declaration; establish exact policy/tenant binding, validation and tests; define transactional workflow transitions, idempotency and audit semantics"
1269,POST,/v1/portal-workflow/compliance/scan,PRISMA,verification_pending,permission;requestSchema;responseSchema;screenLink,,"Inspect runtime and reconcile declaration; establish exact policy/tenant binding, validation and tests; define transactional workflow transitions, idempotency and audit semantics"
1383,POST,/v1/premium-concierge-analytics/compliance/scan,PRISMA,verification_pending,permission;requestSchema;responseSchema;screenLink,,"Inspect runtime and reconcile declaration; establish exact policy/tenant binding, validation and tests; define transactional workflow transitions, idempotency and audit semantics"
1384,POST,/v1/premium-concierge-workflow/compliance/scan,PRISMA,verification_pending,permission;requestSchema;responseSchema;screenLink,,"Inspect runtime and reconcile declaration; establish exact policy/tenant binding, validation and tests; define transactional workflow transitions, idempotency and audit semantics"
939,GET,/v1/premium/agentscreenblueprint,PRISMA,verification_pending,permission;requestSchema;responseSchema;screenLink,,"Inspect runtime and reconcile declaration; establish exact policy/tenant binding, validation and tests"
908,GET,/v1/premium/aiinference,PRISMA,verification_pending,permission;requestSchema;responseSchema;screenLink,,"Inspect runtime and reconcile declaration; establish exact policy/tenant binding, validation and tests"
893,GET,/v1/premium/airecommendation,PRISMA,verification_pending,permission;requestSchema;responseSchema;screenLink,,"Inspect runtime and reconcile declaration; establish exact policy/tenant binding, validation and tests"
928,GET,/v1/premium/anomalyreport,PRISMA,verification_pending,permission;requestSchema;responseSchema;screenLink,,"Inspect runtime and reconcile declaration; establish exact policy/tenant binding, validation and tests"
934,GET,/v1/premium/apicontract,PRISMA,verification_pending,permission;requestSchema;responseSchema;screenLink,,"Inspect runtime and reconcile declaration; establish exact policy/tenant binding, validation and tests"
1076,GET,/v1/premium/apikey,PRISMA,verification_pending,permission;requestSchema;responseSchema;screenLink,,"Inspect runtime and reconcile declaration; establish exact policy/tenant binding, validation and tests"
929,GET,/v1/premium/architecturallayer,PRISMA,verification_pending,permission;requestSchema;responseSchema;screenLink,,"Inspect runtime and reconcile declaration; establish exact policy/tenant binding, validation and tests"
975,GET,/v1/premium/auditlognode,PRISMA,verification_pending,permission;requestSchema;responseSchema;screenLink,,"Inspect runtime and reconcile declaration; establish exact policy/tenant binding, validation and tests"
1121,GET,/v1/premium/banktransaction,PRISMA,verification_pending,permission;requestSchema;responseSchema;screenLink,,"Inspect runtime and reconcile declaration; establish exact policy/tenant binding, validation and tests"
941,GET,/v1/premium/bdmlead,PRISMA,verification_pending,permission;requestSchema;responseSchema;screenLink,,"Inspect runtime and reconcile declaration; establish exact policy/tenant binding, validation and tests"
1113,GET,/v1/premium/billingcode,PRISMA,verification_pending,permission;requestSchema;responseSchema;screenLink,,"Inspect runtime and reconcile declaration; establish exact policy/tenant binding, validation and tests"
940,GET,/v1/premium/blueprintcomponent,PRISMA,verification_pending,permission;requestSchema;responseSchema;screenLink,,"Inspect runtime and reconcile declaration; establish exact policy/tenant binding, validation and tests"
1130,GET,/v1/premium/branchcapacity,PRISMA,verification_pending,permission;requestSchema;responseSchema;screenLink,,"Inspect runtime and reconcile declaration; establish exact policy/tenant binding, validation and tests"
1132,GET,/v1/premium/branchstat,PRISMA,verification_pending,permission;requestSchema;responseSchema;screenLink,,"Inspect runtime and reconcile declaration; establish exact policy/tenant binding, validation and tests"
953,GET,/v1/premium/businessdevelopmentmetric,PRISMA,verification_pending,permission;requestSchema;responseSchema;screenLink,,"Inspect runtime and reconcile declaration; establish exact policy/tenant binding, validation and tests"
1023,GET,/v1/premium/certificationnode,PRISMA,verification_pending,permission;requestSchema;responseSchema;screenLink,,"Inspect runtime and reconcile declaration; establish exact policy/tenant binding, validation and tests"
1116,GET,/v1/premium/chartofaccount,PRISMA,verification_pending,permission;requestSchema;responseSchema;screenLink,,"Inspect runtime and reconcile declaration; establish exact policy/tenant binding, validation and tests"
965,GET,/v1/premium/clientclinicnode,PRISMA,verification_pending,permission;requestSchema;responseSchema;screenLink,,"Inspect runtime and reconcile declaration; establish exact policy/tenant binding, validation and tests"
966,GET,/v1/premium/clientdemographicnode,PRISMA,verification_pending,permission;requestSchema;responseSchema;screenLink,,"Inspect runtime and reconcile declaration; establish exact policy/tenant binding, validation and tests"
964,GET,/v1/premium/clienttrendnode,PRISMA,verification_pending,permission;requestSchema;responseSchema;screenLink,,"Inspect runtime and reconcile declaration; establish exact policy/tenant binding, validation and tests"
961,GET,/v1/premium/clinic,PRISMA,verification_pending,permission;requestSchema;responseSchema;screenLink,,"Inspect runtime and reconcile declaration; establish exact policy/tenant binding, validation and tests"
1091,GET,/v1/premium/clinicalrecord,PRISMA,verification_pending,permission;requestSchema;responseSchema;screenLink,,"Inspect runtime and reconcile declaration; establish exact policy/tenant binding, validation and tests"
994,GET,/v1/premium/clinicalshiftnode,PRISMA,verification_pending,permission;requestSchema;responseSchema;screenLink,,"Inspect runtime and reconcile declaration; establish exact policy/tenant binding, validation and tests"
954,GET,/v1/premium/clinicmetric,PRISMA,verification_pending,permission;requestSchema;responseSchema;screenLink,,"Inspect runtime and reconcile declaration; establish exact policy/tenant binding, validation and tests"
978,GET,/v1/premium/clinicperformancenode,PRISMA,verification_pending,permission;requestSchema;responseSchema;screenLink,,"Inspect runtime and reconcile declaration; establish exact policy/tenant binding, validation and tests"
909,GET,/v1/premium/communicationlog,PRISMA,verification_pending,permission;requestSchema;responseSchema;screenLink,,"Inspect runtime and reconcile declaration; establish exact policy/tenant binding, validation and tests"
1133,GET,/v1/premium/compliancerecord,PRISMA,verification_pending,permission;requestSchema;responseSchema;screenLink,,"Inspect runtime and reconcile declaration; establish exact policy/tenant binding, validation and tests"
930,GET,/v1/premium/componentpurpose,PRISMA,verification_pending,permission;requestSchema;responseSchema;screenLink,,"Inspect runtime and reconcile declaration; establish exact policy/tenant binding, validation and tests"
1013,GET,/v1/premium/contentassetnode,PRISMA,verification_pending,permission;requestSchema;responseSchema;screenLink,,"Inspect runtime and reconcile declaration; establish exact policy/tenant binding, validation and tests"
946,GET,/v1/premium/corporatealert,PRISMA,verification_pending,permission;requestSchema;responseSchema;screenLink,,"Inspect runtime and reconcile declaration; establish exact policy/tenant binding, validation and tests"
944,GET,/v1/premium/corporatekpi,PRISMA,verification_pending,permission;requestSchema;responseSchema;screenLink,,"Inspect runtime and reconcile declaration; establish exact policy/tenant binding, validation and tests"
945,GET,/v1/premium/corporatereport,PRISMA,verification_pending,permission;requestSchema;responseSchema;screenLink,,"Inspect runtime and reconcile declaration; establish exact policy/tenant binding, validation and tests"
980,GET,/v1/premium/crisisprotocol,PRISMA,verification_pending,permission;requestSchema;responseSchema;screenLink,,"Inspect runtime and reconcile declaration; establish exact policy/tenant binding, validation and tests"
1021,GET,/v1/premium/curriculumnode,PRISMA,verification_pending,permission;requestSchema;responseSchema;screenLink,,"Inspect runtime and reconcile declaration; establish exact policy/tenant binding, validation and tests"
937,GET,/v1/premium/dataresource,PRISMA,verification_pending,permission;requestSchema;responseSchema;screenLink,,"Inspect runtime and reconcile declaration; establish exact policy/tenant binding, validation and tests"
923,GET,/v1/premium/dynamicfeaturerecord,PRISMA,verification_pending,permission;requestSchema;responseSchema;screenLink,,"Inspect runtime and reconcile declaration; establish exact policy/tenant binding, validation and tests"
1025,GET,/v1/premium/ecosystemautopilotconfig,PRISMA,verification_pending,permission;requestSchema;responseSchema;screenLink,,"Inspect runtime and reconcile declaration; establish exact policy/tenant binding, validation and tests"
1003,GET,/v1/premium/ecosystemstateoverride,PRISMA,verification_pending,permission;requestSchema;responseSchema;screenLink,,"Inspect runtime and reconcile declaration; establish exact policy/tenant binding, validation and tests"
1103,GET,/v1/premium/evvrecord,PRISMA,verification_pending,permission;requestSchema;responseSchema;screenLink,,"Inspect runtime and reconcile declaration; establish exact policy/tenant binding, validation and tests"
1005,GET,/v1/premium/facilitynode,PRISMA,verification_pending,permission;requestSchema;responseSchema;screenLink,,"Inspect runtime and reconcile declaration; establish exact policy/tenant binding, validation and tests"
957,GET,/v1/premium/familyappointment,PRISMA,verification_pending,permission;requestSchema;responseSchema;screenLink,,"Inspect runtime and reconcile declaration; establish exact policy/tenant binding, validation and tests"
959,GET,/v1/premium/familycareplantask,PRISMA,verification_pending,permission;requestSchema;responseSchema;screenLink,,"Inspect runtime and reconcile declaration; establish exact policy/tenant binding, validation and tests"
960,GET,/v1/premium/familyclinicalmessage,PRISMA,verification_pending,permission;requestSchema;responseSchema;screenLink,,"Inspect runtime and reconcile declaration; establish exact policy/tenant binding, validation and tests"
1120,GET,/v1/premium/faq,PRISMA,verification_pending,permission;requestSchema;responseSchema;screenLink,,"Inspect runtime and reconcile declaration; establish exact policy/tenant binding, validation and tests"
1096,GET,/v1/premium/fhirsynclog,PRISMA,verification_pending,permission;requestSchema;responseSchema;screenLink,,"Inspect runtime and reconcile declaration; establish exact policy/tenant binding, validation and tests"
992,GET,/v1/premium/financialgoal,PRISMA,verification_pending,permission;requestSchema;responseSchema;screenLink,,"Inspect runtime and reconcile declaration; establish exact policy/tenant binding, validation and tests"
1119,GET,/v1/premium/financialreconciliation,PRISMA,verification_pending,permission;requestSchema;responseSchema;screenLink,,"Inspect runtime and reconcile declaration; establish exact policy/tenant binding, validation and tests"
963,GET,/v1/premium/financialrecord,PRISMA,verification_pending,permission;requestSchema;responseSchema;screenLink,,"Inspect runtime and reconcile declaration; establish exact policy/tenant binding, validation and tests"
1117,GET,/v1/premium/financialtransaction,PRISMA,verification_pending,permission;requestSchema;responseSchema;screenLink,,"Inspect runtime and reconcile declaration; establish exact policy/tenant binding, validation and tests"
1134,GET,/v1/premium/franchise,PRISMA,verification_pending,permission;requestSchema;responseSchema;screenLink,,"Inspect runtime and reconcile declaration; establish exact policy/tenant binding, validation and tests"
951,GET,/v1/premium/franchisealert,PRISMA,verification_pending,permission;requestSchema;responseSchema;screenLink,,"Inspect runtime and reconcile declaration; establish exact policy/tenant binding, validation and tests"
979,GET,/v1/premium/franchisebookingnode,PRISMA,verification_pending,permission;requestSchema;responseSchema;screenLink,,"Inspect runtime and reconcile declaration; establish exact policy/tenant binding, validation and tests"
949,GET,/v1/premium/franchisekpi,PRISMA,verification_pending,permission;requestSchema;responseSchema;screenLink,,"Inspect runtime and reconcile declaration; establish exact policy/tenant binding, validation and tests"
950,GET,/v1/premium/franchisereport,PRISMA,verification_pending,permission;requestSchema;responseSchema;screenLink,,"Inspect runtime and reconcile declaration; establish exact policy/tenant binding, validation and tests"
977,GET,/v1/premium/franchiserevenuenode,PRISMA,verification_pending,permission;requestSchema;responseSchema;screenLink,,"Inspect runtime and reconcile declaration; establish exact policy/tenant binding, validation and tests"
952,GET,/v1/premium/franchisestaffnode,PRISMA,verification_pending,permission;requestSchema;responseSchema;screenLink,,"Inspect runtime and reconcile declaration; establish exact policy/tenant binding, validation and tests"
968,GET,/v1/premium/healthnetefficiencynode,PRISMA,verification_pending,permission;requestSchema;responseSchema;screenLink,,"Inspect runtime and reconcile declaration; establish exact policy/tenant binding, validation and tests"
970,GET,/v1/premium/healthnetnetworknode,PRISMA,verification_pending,permission;requestSchema;responseSchema;screenLink,,"Inspect runtime and reconcile declaration; establish exact policy/tenant binding, validation and tests"
967,GET,/v1/premium/healthnetrevenuenode,PRISMA,verification_pending,permission;requestSchema;responseSchema;screenLink,,"Inspect runtime and reconcile declaration; establish exact policy/tenant binding, validation and tests"
1036,GET,/v1/premium/hospitaltarget,PRISMA,verification_pending,permission;requestSchema;responseSchema;screenLink,,"Inspect runtime and reconcile declaration; establish exact policy/tenant binding, validation and tests"
926,GET,/v1/premium/implementationevent,PRISMA,verification_pending,permission;requestSchema;responseSchema;screenLink,,"Inspect runtime and reconcile declaration; establish exact policy/tenant binding, validation and tests"
974,GET,/v1/premium/incidentreportnode,PRISMA,verification_pending,permission;requestSchema;responseSchema;screenLink,,"Inspect runtime and reconcile declaration; establish exact policy/tenant binding, validation and tests"
1022,GET,/v1/premium/instructornode,PRISMA,verification_pending,permission;requestSchema;responseSchema;screenLink,,"Inspect runtime and reconcile declaration; establish exact policy/tenant binding, validation and tests"
990,GET,/v1/premium/insuranceclaim,PRISMA,verification_pending,permission;requestSchema;responseSchema;screenLink,,"Inspect runtime and reconcile declaration; establish exact policy/tenant binding, validation and tests"
1111,GET,/v1/premium/insuranceprovider,PRISMA,verification_pending,permission;requestSchema;responseSchema;screenLink,,"Inspect runtime and reconcile declaration; establish exact policy/tenant binding, validation and tests"
988,GET,/v1/premium/intakereferralmetric,PRISMA,verification_pending,permission;requestSchema;responseSchema;screenLink,,"Inspect runtime and reconcile declaration; establish exact policy/tenant binding, validation and tests"
973,GET,/v1/premium/interviewevent,PRISMA,verification_pending,permission;requestSchema;responseSchema;screenLink,,"Inspect runtime and reconcile declaration; establish exact policy/tenant binding, validation and tests"
989,GET,/v1/premium/invoicerecord,PRISMA,verification_pending,permission;requestSchema;responseSchema;screenLink,,"Inspect runtime and reconcile declaration; establish exact policy/tenant binding, validation and tests"
972,GET,/v1/premium/jobcandidate,PRISMA,verification_pending,permission;requestSchema;responseSchema;screenLink,,"Inspect runtime and reconcile declaration; establish exact policy/tenant binding, validation and tests"
971,GET,/v1/premium/jobopening,PRISMA,verification_pending,permission;requestSchema;responseSchema;screenLink,,"Inspect runtime and reconcile declaration; establish exact policy/tenant binding, validation and tests"
1118,GET,/v1/premium/journalentry,PRISMA,verification_pending,permission;requestSchema;responseSchema;screenLink,,"Inspect runtime and reconcile declaration; establish exact policy/tenant binding, validation and tests"
1009,GET,/v1/premium/keyaccountnode,PRISMA,verification_pending,permission;requestSchema;responseSchema;screenLink,,"Inspect runtime and reconcile declaration; establish exact policy/tenant binding, validation and tests"
1109,GET,/v1/premium/lead,PRISMA,verification_pending,permission;requestSchema;responseSchema;screenLink,,"Inspect runtime and reconcile declaration; establish exact policy/tenant binding, validation and tests"
983,GET,/v1/premium/localactivitynode,PRISMA,verification_pending,permission;requestSchema;responseSchema;screenLink,,"Inspect runtime and reconcile declaration; establish exact policy/tenant binding, validation and tests"
985,GET,/v1/premium/localcampaignnode,PRISMA,verification_pending,permission;requestSchema;responseSchema;screenLink,,"Inspect runtime and reconcile declaration; establish exact policy/tenant binding, validation and tests"
986,GET,/v1/premium/localcontentnode,PRISMA,verification_pending,permission;requestSchema;responseSchema;screenLink,,"Inspect runtime and reconcile declaration; establish exact policy/tenant binding, validation and tests"
982,GET,/v1/premium/localfinancenode,PRISMA,verification_pending,permission;requestSchema;responseSchema;screenLink,,"Inspect runtime and reconcile declaration; establish exact policy/tenant binding, validation and tests"
1012,GET,/v1/premium/localgrowthnode,PRISMA,verification_pending,permission;requestSchema;responseSchema;screenLink,,"Inspect runtime and reconcile declaration; establish exact policy/tenant binding, validation and tests"
984,GET,/v1/premium/localmarketinganalyticnode,PRISMA,verification_pending,permission;requestSchema;responseSchema;screenLink,,"Inspect runtime and reconcile declaration; establish exact policy/tenant binding, validation and tests"
981,GET,/v1/premium/localnetworknode,PRISMA,verification_pending,permission;requestSchema;responseSchema;screenLink,,"Inspect runtime and reconcile declaration; establish exact policy/tenant binding, validation and tests"
1011,GET,/v1/premium/marketingcampaignnode,PRISMA,verification_pending,permission;requestSchema;responseSchema;screenLink,,"Inspect runtime and reconcile declaration; establish exact policy/tenant binding, validation and tests"
1140,GET,/v1/premium/marketplacelisting,PRISMA,verification_pending,permission;requestSchema;responseSchema;screenLink,,"Inspect runtime and reconcile declaration; establish exact policy/tenant binding, validation and tests"
995,GET,/v1/premium/medicalauditnode,PRISMA,verification_pending,permission;requestSchema;responseSchema;screenLink,,"Inspect runtime and reconcile declaration; establish exact policy/tenant binding, validation and tests"
1100,GET,/v1/premium/medication,PRISMA,verification_pending,permission;requestSchema;responseSchema;screenLink,,"Inspect runtime and reconcile declaration; establish exact policy/tenant binding, validation and tests"
1024,GET,/v1/premium/model219,PRISMA,verification_pending,permission;requestSchema;responseSchema;screenLink,,"Inspect runtime and reconcile declaration; establish exact policy/tenant binding, validation and tests"
1026,GET,/v1/premium/model220,PRISMA,verification_pending,permission;requestSchema;responseSchema;screenLink,,"Inspect runtime and reconcile declaration; establish exact policy/tenant binding, validation and tests"
1027,GET,/v1/premium/model221,PRISMA,verification_pending,permission;requestSchema;responseSchema;screenLink,,"Inspect runtime and reconcile declaration; establish exact policy/tenant binding, validation and tests"
1028,GET,/v1/premium/model222,PRISMA,verification_pending,permission;requestSchema;responseSchema;screenLink,,"Inspect runtime and reconcile declaration; establish exact policy/tenant binding, validation and tests"
1029,GET,/v1/premium/model223,PRISMA,verification_pending,permission;requestSchema;responseSchema;screenLink,,"Inspect runtime and reconcile declaration; establish exact policy/tenant binding, validation and tests"
1030,GET,/v1/premium/model224,PRISMA,verification_pending,permission;requestSchema;responseSchema;screenLink,,"Inspect runtime and reconcile declaration; establish exact policy/tenant binding, validation and tests"
1031,GET,/v1/premium/model225,PRISMA,verification_pending,permission;requestSchema;responseSchema;screenLink,,"Inspect runtime and reconcile declaration; establish exact policy/tenant binding, validation and tests"
1032,GET,/v1/premium/model226,PRISMA,verification_pending,permission;requestSchema;responseSchema;screenLink,,"Inspect runtime and reconcile declaration; establish exact policy/tenant binding, validation and tests"
1033,GET,/v1/premium/model227,PRISMA,verification_pending,permission;requestSchema;responseSchema;screenLink,,"Inspect runtime and reconcile declaration; establish exact policy/tenant binding, validation and tests"
1034,GET,/v1/premium/model228,PRISMA,verification_pending,permission;requestSchema;responseSchema;screenLink,,"Inspect runtime and reconcile declaration; establish exact policy/tenant binding, validation and tests"
1035,GET,/v1/premium/model229,PRISMA,verification_pending,permission;requestSchema;responseSchema;screenLink,,"Inspect runtime and reconcile declaration; establish exact policy/tenant binding, validation and tests"
1037,GET,/v1/premium/model230,PRISMA,verification_pending,permission;requestSchema;responseSchema;screenLink,,"Inspect runtime and reconcile declaration; establish exact policy/tenant binding, validation and tests"
1038,GET,/v1/premium/model231,PRISMA,verification_pending,permission;requestSchema;responseSchema;screenLink,,"Inspect runtime and reconcile declaration; establish exact policy/tenant binding, validation and tests"
1039,GET,/v1/premium/model232,PRISMA,verification_pending,permission;requestSchema;responseSchema;screenLink,,"Inspect runtime and reconcile declaration; establish exact policy/tenant binding, validation and tests"
1040,GET,/v1/premium/model233,PRISMA,verification_pending,permission;requestSchema;responseSchema;screenLink,,"Inspect runtime and reconcile declaration; establish exact policy/tenant binding, validation and tests"
1041,GET,/v1/premium/model234,PRISMA,verification_pending,permission;requestSchema;responseSchema;screenLink,,"Inspect runtime and reconcile declaration; establish exact policy/tenant binding, validation and tests"
1042,GET,/v1/premium/model235,PRISMA,verification_pending,permission;requestSchema;responseSchema;screenLink,,"Inspect runtime and reconcile declaration; establish exact policy/tenant binding, validation and tests"
1043,GET,/v1/premium/model236,PRISMA,verification_pending,permission;requestSchema;responseSchema;screenLink,,"Inspect runtime and reconcile declaration; establish exact policy/tenant binding, validation and tests"
1044,GET,/v1/premium/model237,PRISMA,verification_pending,permission;requestSchema;responseSchema;screenLink,,"Inspect runtime and reconcile declaration; establish exact policy/tenant binding, validation and tests"
1045,GET,/v1/premium/model238,PRISMA,verification_pending,permission;requestSchema;responseSchema;screenLink,,"Inspect runtime and reconcile declaration; establish exact policy/tenant binding, validation and tests"
1046,GET,/v1/premium/model239,PRISMA,verification_pending,permission;requestSchema;responseSchema;screenLink,,"Inspect runtime and reconcile declaration; establish exact policy/tenant binding, validation and tests"
1048,GET,/v1/premium/model240,PRISMA,verification_pending,permission;requestSchema;responseSchema;screenLink,,"Inspect runtime and reconcile declaration; establish exact policy/tenant binding, validation and tests"
1049,GET,/v1/premium/model241,PRISMA,verification_pending,permission;requestSchema;responseSchema;screenLink,,"Inspect runtime and reconcile declaration; establish exact policy/tenant binding, validation and tests"
1050,GET,/v1/premium/model242,PRISMA,verification_pending,permission;requestSchema;responseSchema;screenLink,,"Inspect runtime and reconcile declaration; establish exact policy/tenant binding, validation and tests"
1051,GET,/v1/premium/model243,PRISMA,verification_pending,permission;requestSchema;responseSchema;screenLink,,"Inspect runtime and reconcile declaration; establish exact policy/tenant binding, validation and tests"
1052,GET,/v1/premium/model244,PRISMA,verification_pending,permission;requestSchema;responseSchema;screenLink,,"Inspect runtime and reconcile declaration; establish exact policy/tenant binding, validation and tests"
1053,GET,/v1/premium/model245,PRISMA,verification_pending,permission;requestSchema;responseSchema;screenLink,,"Inspect runtime and reconcile declaration; establish exact policy/tenant binding, validation and tests"
1054,GET,/v1/premium/model246,PRISMA,verification_pending,permission;requestSchema;responseSchema;screenLink,,"Inspect runtime and reconcile declaration; establish exact policy/tenant binding, validation and tests"
1055,GET,/v1/premium/model247,PRISMA,verification_pending,permission;requestSchema;responseSchema;screenLink,,"Inspect runtime and reconcile declaration; establish exact policy/tenant binding, validation and tests"
1056,GET,/v1/premium/model248,PRISMA,verification_pending,permission;requestSchema;responseSchema;screenLink,,"Inspect runtime and reconcile declaration; establish exact policy/tenant binding, validation and tests"
1057,GET,/v1/premium/model249,PRISMA,verification_pending,permission;requestSchema;responseSchema;screenLink,,"Inspect runtime and reconcile declaration; establish exact policy/tenant binding, validation and tests"
1059,GET,/v1/premium/model250,PRISMA,verification_pending,permission;requestSchema;responseSchema;screenLink,,"Inspect runtime and reconcile declaration; establish exact policy/tenant binding, validation and tests"
1060,GET,/v1/premium/model251,PRISMA,verification_pending,permission;requestSchema;responseSchema;screenLink,,"Inspect runtime and reconcile declaration; establish exact policy/tenant binding, validation and tests"
1007,GET,/v1/premium/opsissueticket,PRISMA,verification_pending,permission;requestSchema;responseSchema;screenLink,,"Inspect runtime and reconcile declaration; establish exact policy/tenant binding, validation and tests"
948,GET,/v1/premium/organizationnode,PRISMA,verification_pending,permission;requestSchema;responseSchema;screenLink,,"Inspect runtime and reconcile declaration; establish exact policy/tenant binding, validation and tests"
998,GET,/v1/premium/outreachbudgetnode,PRISMA,verification_pending,permission;requestSchema;responseSchema;screenLink,,"Inspect runtime and reconcile declaration; establish exact policy/tenant binding, validation and tests"
996,GET,/v1/premium/outreacheventnode,PRISMA,verification_pending,permission;requestSchema;responseSchema;screenLink,,"Inspect runtime and reconcile declaration; establish exact policy/tenant binding, validation and tests"
997,GET,/v1/premium/participantmetricnode,PRISMA,verification_pending,permission;requestSchema;responseSchema;screenLink,,"Inspect runtime and reconcile declaration; establish exact policy/tenant binding, validation and tests"
943,GET,/v1/premium/partnershipdeal,PRISMA,verification_pending,permission;requestSchema;responseSchema;screenLink,,"Inspect runtime and reconcile declaration; establish exact policy/tenant binding, validation and tests"
962,GET,/v1/premium/patient,PRISMA,verification_pending,permission;requestSchema;responseSchema;screenLink,,"Inspect runtime and reconcile declaration; establish exact policy/tenant binding, validation and tests"
993,GET,/v1/premium/patientadmissionnode,PRISMA,verification_pending,permission;requestSchema;responseSchema;screenLink,,"Inspect runtime and reconcile declaration; establish exact policy/tenant binding, validation and tests"
1016,GET,/v1/premium/patientfeedbacknode,PRISMA,verification_pending,permission;requestSchema;responseSchema;screenLink,,"Inspect runtime and reconcile declaration; establish exact policy/tenant binding, validation and tests"
987,GET,/v1/premium/patientintake,PRISMA,verification_pending,permission;requestSchema;responseSchema;screenLink,,"Inspect runtime and reconcile declaration; establish exact policy/tenant binding, validation and tests"
976,GET,/v1/premium/patientsatisfactionnode,PRISMA,verification_pending,permission;requestSchema;responseSchema;screenLink,,"Inspect runtime and reconcile declaration; establish exact policy/tenant binding, validation and tests"
938,GET,/v1/premium/platformhealthhistory,PRISMA,verification_pending,permission;requestSchema;responseSchema;screenLink,,"Inspect runtime and reconcile declaration; establish exact policy/tenant binding, validation and tests"
958,GET,/v1/premium/platformrole,PRISMA,verification_pending,permission;requestSchema;responseSchema;screenLink,,"Inspect runtime and reconcile declaration; establish exact policy/tenant binding, validation and tests"
911,GET,/v1/premium/platformscreen,PRISMA,verification_pending,permission;requestSchema;responseSchema;screenLink,,"Inspect runtime and reconcile declaration; establish exact policy/tenant binding, validation and tests"
956,GET,/v1/premium/premiumfeaturestatus,PRISMA,verification_pending,permission;requestSchema;responseSchema;screenLink,,"Inspect runtime and reconcile declaration; establish exact policy/tenant binding, validation and tests"
1061,GET,/v1/premium/promocode,PRISMA,verification_pending,permission;requestSchema;responseSchema;screenLink,,"Inspect runtime and reconcile declaration; establish exact policy/tenant binding, validation and tests"
991,GET,/v1/premium/protocolresolution,PRISMA,verification_pending,permission;requestSchema;responseSchema;screenLink,,"Inspect runtime and reconcile declaration; establish exact policy/tenant binding, validation and tests"
899,GET,/v1/premium/referral,PRISMA,verification_pending,permission;requestSchema;responseSchema;screenLink,,"Inspect runtime and reconcile declaration; establish exact policy/tenant binding, validation and tests"
1047,GET,/v1/premium/referralpipeline,PRISMA,verification_pending,permission;requestSchema;responseSchema;screenLink,,"Inspect runtime and reconcile declaration; establish exact policy/tenant binding, validation and tests"
1129,GET,/v1/premium/region,PRISMA,verification_pending,permission;requestSchema;responseSchema;screenLink,,"Inspect runtime and reconcile declaration; establish exact policy/tenant binding, validation and tests"
1065,GET,/v1/premium/registry,PRISMA,verification_pending,permission;requestSchema;responseSchema;screenLink,,"Inspect runtime and reconcile declaration; establish exact policy/tenant binding, validation and tests"
925,GET,/v1/premium/registryentry,PRISMA,verification_pending,permission;requestSchema;responseSchema;screenLink,,"Inspect runtime and reconcile declaration; establish exact policy/tenant binding, validation and tests"
1010,GET,/v1/premium/repperformancenode,PRISMA,verification_pending,permission;requestSchema;responseSchema;screenLink,,"Inspect runtime and reconcile declaration; establish exact policy/tenant binding, validation and tests"
1135,GET,/v1/premium/reselleragreement,PRISMA,verification_pending,permission;requestSchema;responseSchema;screenLink,,"Inspect runtime and reconcile declaration; establish exact policy/tenant binding, validation and tests"
1020,GET,/v1/premium/resolutionfeedbacknode,PRISMA,verification_pending,permission;requestSchema;responseSchema;screenLink,,"Inspect runtime and reconcile declaration; establish exact policy/tenant binding, validation and tests"
903,GET,/v1/premium/responsebotaudit,PRISMA,verification_pending,permission;requestSchema;responseSchema;screenLink,,"Inspect runtime and reconcile declaration; establish exact policy/tenant binding, validation and tests"
969,GET,/v1/premium/rolescreenaccess,PRISMA,verification_pending,permission;requestSchema;responseSchema;screenLink,,"Inspect runtime and reconcile declaration; establish exact policy/tenant binding, validation and tests"
1008,GET,/v1/premium/salesdealnode,PRISMA,verification_pending,permission;requestSchema;responseSchema;screenLink,,"Inspect runtime and reconcile declaration; establish exact policy/tenant binding, validation and tests"
1001,GET,/v1/premium/schedulerfacilitynode,PRISMA,verification_pending,permission;requestSchema;responseSchema;screenLink,,"Inspect runtime and reconcile declaration; establish exact policy/tenant binding, validation and tests"
1000,GET,/v1/premium/schedulerrosternode,PRISMA,verification_pending,permission;requestSchema;responseSchema;screenLink,,"Inspect runtime and reconcile declaration; establish exact policy/tenant binding, validation and tests"
999,GET,/v1/premium/schedulertrendnode,PRISMA,verification_pending,permission;requestSchema;responseSchema;screenLink,,"Inspect runtime and reconcile declaration; establish exact policy/tenant binding, validation and tests"
924,GET,/v1/premium/screenconfiguration,PRISMA,verification_pending,permission;requestSchema;responseSchema;screenLink,,"Inspect runtime and reconcile declaration; establish exact policy/tenant binding, validation and tests"
912,GET,/v1/premium/screenfunctionality,PRISMA,verification_pending,permission;requestSchema;responseSchema;screenLink,,"Inspect runtime and reconcile declaration; establish exact policy/tenant binding, validation and tests"
895,GET,/v1/premium/securitythreat,PRISMA,verification_pending,permission;requestSchema;responseSchema;screenLink,,"Inspect runtime and reconcile declaration; establish exact policy/tenant binding, validation and tests"
894,GET,/v1/premium/sentimentanalysis,PRISMA,verification_pending,permission;requestSchema;responseSchema;screenLink,,"Inspect runtime and reconcile declaration; establish exact policy/tenant binding, validation and tests"
1067,GET,/v1/premium/service,PRISMA,verification_pending,permission;requestSchema;responseSchema;screenLink,,"Inspect runtime and reconcile declaration; establish exact policy/tenant binding, validation and tests"
932,GET,/v1/premium/softwaresystem,PRISMA,verification_pending,permission;requestSchema;responseSchema;screenLink,,"Inspect runtime and reconcile declaration; establish exact policy/tenant binding, validation and tests"
1085,GET,/v1/premium/staffgroup,PRISMA,verification_pending,permission;requestSchema;responseSchema;screenLink,,"Inspect runtime and reconcile declaration; establish exact policy/tenant binding, validation and tests"
1006,GET,/v1/premium/staffutilization,PRISMA,verification_pending,permission;requestSchema;responseSchema;screenLink,,"Inspect runtime and reconcile declaration; establish exact policy/tenant binding, validation and tests"
1062,GET,/v1/premium/subscriptionupgrade,PRISMA,verification_pending,permission;requestSchema;responseSchema;screenLink,,"Inspect runtime and reconcile declaration; establish exact policy/tenant binding, validation and tests"
1136,GET,/v1/premium/supplier,PRISMA,verification_pending,permission;requestSchema;responseSchema;screenLink,,"Inspect runtime and reconcile declaration; establish exact policy/tenant binding, validation and tests"
1058,GET,/v1/premium/supplyforecastmetrics,PRISMA,verification_pending,permission;requestSchema;responseSchema;screenLink,,"Inspect runtime and reconcile declaration; establish exact policy/tenant binding, validation and tests"
1018,GET,/v1/premium/supportagentnode,PRISMA,verification_pending,permission;requestSchema;responseSchema;screenLink,,"Inspect runtime and reconcile declaration; establish exact policy/tenant binding, validation and tests"
955,GET,/v1/premium/supportticket,PRISMA,verification_pending,permission;requestSchema;responseSchema;screenLink,,"Inspect runtime and reconcile declaration; establish exact policy/tenant binding, validation and tests"
1015,GET,/v1/premium/supportticketnode,PRISMA,verification_pending,permission;requestSchema;responseSchema;screenLink,,"Inspect runtime and reconcile declaration; establish exact policy/tenant binding, validation and tests"
1127,GET,/v1/premium/survey,PRISMA,verification_pending,permission;requestSchema;responseSchema;screenLink,,"Inspect runtime and reconcile declaration; establish exact policy/tenant binding, validation and tests"
933,GET,/v1/premium/syscomponent,PRISMA,verification_pending,permission;requestSchema;responseSchema;screenLink,,"Inspect runtime and reconcile declaration; establish exact policy/tenant binding, validation and tests"
931,GET,/v1/premium/systemdomain,PRISMA,verification_pending,permission;requestSchema;responseSchema;screenLink,,"Inspect runtime and reconcile declaration; establish exact policy/tenant binding, validation and tests"
1004,GET,/v1/premium/systemeventlog,PRISMA,verification_pending,permission;requestSchema;responseSchema;screenLink,,"Inspect runtime and reconcile declaration; establish exact policy/tenant binding, validation and tests"
892,GET,/v1/premium/systempolicy,PRISMA,verification_pending,permission;requestSchema;responseSchema;screenLink,,"Inspect runtime and reconcile declaration; establish exact policy/tenant binding, validation and tests"
1017,GET,/v1/premium/systemtelemetrynode,PRISMA,verification_pending,permission;requestSchema;responseSchema;screenLink,,"Inspect runtime and reconcile declaration; establish exact policy/tenant binding, validation and tests"
914,GET,/v1/premium/systemtouchpoint,PRISMA,verification_pending,permission;requestSchema;responseSchema;screenLink,,"Inspect runtime and reconcile declaration; establish exact policy/tenant binding, validation and tests"
1002,GET,/v1/premium/tenant,PRISMA,verification_pending,permission;requestSchema;responseSchema;screenLink,,"Inspect runtime and reconcile declaration; establish exact policy/tenant binding, validation and tests"
1141,GET,/v1/premium/tenantsla,PRISMA,verification_pending,permission;requestSchema;responseSchema;screenLink,,"Inspect runtime and reconcile declaration; establish exact policy/tenant binding, validation and tests"
942,GET,/v1/premium/territoryexpansionplan,PRISMA,verification_pending,permission;requestSchema;responseSchema;screenLink,,"Inspect runtime and reconcile declaration; establish exact policy/tenant binding, validation and tests"
1019,GET,/v1/premium/ticketvolumenode,PRISMA,verification_pending,permission;requestSchema;responseSchema;screenLink,,"Inspect runtime and reconcile declaration; establish exact policy/tenant binding, validation and tests"
1125,GET,/v1/premium/trainingmodule,PRISMA,verification_pending,permission;requestSchema;responseSchema;screenLink,,"Inspect runtime and reconcile declaration; establish exact policy/tenant binding, validation and tests"
935,GET,/v1/premium/uiintent,PRISMA,verification_pending,permission;requestSchema;responseSchema;screenLink,,"Inspect runtime and reconcile declaration; establish exact policy/tenant binding, validation and tests"
891,GET,/v1/premium/user,PRISMA,verification_pending,permission;requestSchema;responseSchema;screenLink,,"Inspect runtime and reconcile declaration; establish exact policy/tenant binding, validation and tests"
927,GET,/v1/premium/verificationlog,PRISMA,verification_pending,permission;requestSchema;responseSchema;screenLink,,"Inspect runtime and reconcile declaration; establish exact policy/tenant binding, validation and tests"
904,GET,/v1/premium/webhookdelivery,PRISMA,verification_pending,permission;requestSchema;responseSchema;screenLink,,"Inspect runtime and reconcile declaration; establish exact policy/tenant binding, validation and tests"
902,GET,/v1/premium/webhookendpoint,PRISMA,verification_pending,permission;requestSchema;responseSchema;screenLink,,"Inspect runtime and reconcile declaration; establish exact policy/tenant binding, validation and tests"
1238,POST,/v1/progress-tracking/compliance/scan,PRISMA,verification_pending,permission;requestSchema;responseSchema;screenLink,,"Inspect runtime and reconcile declaration; establish exact policy/tenant binding, validation and tests; define transactional workflow transitions, idempotency and audit semantics"
802,POST,/v1/provider/checkin,PRISMA,verification_pending,permission;requestSchema;responseSchema;screenLink,,"Inspect runtime and reconcile declaration; establish exact policy/tenant binding, validation and tests; define transactional workflow transitions, idempotency and audit semantics"
786,POST,/v1/provider/dashboard,PRISMA,verification_pending,permission;requestSchema;responseSchema;screenLink,,"Inspect runtime and reconcile declaration; establish exact policy/tenant binding, validation and tests; define transactional workflow transitions, idempotency and audit semantics"
787,POST,/v1/provider/metrics,PRISMA,verification_pending,permission;requestSchema;responseSchema;screenLink,,"Inspect runtime and reconcile declaration; establish exact policy/tenant binding, validation and tests; define transactional workflow transitions, idempotency and audit semantics"
1392,POST,/v1/psw-care-plan/compliance/scan,PRISMA,verification_pending,permission;requestSchema;responseSchema;screenLink,,"Inspect runtime and reconcile declaration; establish exact policy/tenant binding, validation and tests; define transactional workflow transitions, idempotency and audit semantics"
1393,POST,/v1/psw-client-profile/compliance/scan,PRISMA,verification_pending,permission;requestSchema;responseSchema;screenLink,,"Inspect runtime and reconcile declaration; establish exact policy/tenant binding, validation and tests; define transactional workflow transitions, idempotency and audit semantics"
1394,POST,/v1/psw-command-center/compliance/scan,PRISMA,verification_pending,permission;requestSchema;responseSchema;screenLink,,"Inspect runtime and reconcile declaration; establish exact policy/tenant binding, validation and tests; define transactional workflow transitions, idempotency and audit semantics"
1395,POST,/v1/psw-documents/compliance/scan,PRISMA,verification_pending,permission;requestSchema;responseSchema;screenLink,,"Inspect runtime and reconcile declaration; establish exact policy/tenant binding, validation and tests; define transactional workflow transitions, idempotency and audit semantics"
1396,POST,/v1/psw-incident-report/compliance/scan,PRISMA,verification_pending,permission;requestSchema;responseSchema;screenLink,,"Inspect runtime and reconcile declaration; establish exact policy/tenant binding, validation and tests; define transactional workflow transitions, idempotency and audit semantics"
1397,POST,/v1/psw-messages/compliance/scan,PRISMA,verification_pending,permission;requestSchema;responseSchema;screenLink,,"Inspect runtime and reconcile declaration; establish exact policy/tenant binding, validation and tests; define transactional workflow transitions, idempotency and audit semantics"
1398,POST,/v1/psw-my-shifts/compliance/scan,PRISMA,verification_pending,permission;requestSchema;responseSchema;screenLink,,"Inspect runtime and reconcile declaration; establish exact policy/tenant binding, validation and tests; define transactional workflow transitions, idempotency and audit semantics"
1399,POST,/v1/psw-visit-notes/compliance/scan,PRISMA,verification_pending,permission;requestSchema;responseSchema;screenLink,,"Inspect runtime and reconcile declaration; establish exact policy/tenant binding, validation and tests; define transactional workflow transitions, idempotency and audit semantics"
1400,POST,/v1/psw-vitals-log/compliance/scan,PRISMA,verification_pending,permission;requestSchema;responseSchema;screenLink,,"Inspect runtime and reconcile declaration; establish exact policy/tenant binding, validation and tests; define transactional workflow transitions, idempotency and audit semantics"
225,POST,/v1/psw/availability/sync,PRISMA,verification_pending,permission;requestSchema;responseSchema;screenLink,,"Inspect runtime and reconcile declaration; establish exact policy/tenant binding, validation and tests; define transactional workflow transitions, idempotency and audit semantics"
791,POST,/v1/psw/check-in,PRISMA,verification_pending,permission;requestSchema;responseSchema;screenLink,,"Inspect runtime and reconcile declaration; establish exact policy/tenant binding, validation and tests; define transactional workflow transitions, idempotency and audit semantics"
577,POST,/v1/psw/credentials/vault,PRISMA,verification_pending,permission;requestSchema;responseSchema;screenLink,,"Inspect runtime and reconcile declaration; establish exact policy/tenant binding, validation and tests; define transactional workflow transitions, idempotency and audit semantics"
221,POST,/v1/psw/daily-entry,PRISMA,verification_pending,permission;requestSchema;responseSchema;screenLink,,"Inspect runtime and reconcile declaration; establish exact policy/tenant binding, validation and tests; define transactional workflow transitions, idempotency and audit semantics"
222,POST,/v1/psw/daily-entry/history,PRISMA,verification_pending,permission;requestSchema;responseSchema;screenLink,,"Inspect runtime and reconcile declaration; establish exact policy/tenant binding, validation and tests; define transactional workflow transitions, idempotency and audit semantics"
790,POST,/v1/psw/documents,PRISMA,verification_pending,permission;requestSchema;responseSchema;screenLink,,"Inspect runtime and reconcile declaration; establish exact policy/tenant binding, validation and tests; define transactional workflow transitions, idempotency and audit semantics"
702,POST,/v1/psw/expenses,PRISMA,verification_pending,permission;requestSchema;responseSchema;screenLink,,"Inspect runtime and reconcile declaration; establish exact policy/tenant binding, validation and tests; define transactional workflow transitions, idempotency and audit semantics"
579,POST,/v1/psw/feed/social,PRISMA,verification_pending,permission;requestSchema;responseSchema;screenLink,,"Inspect runtime and reconcile declaration; establish exact policy/tenant binding, validation and tests; define transactional workflow transitions, idempotency and audit semantics"
584,POST,/v1/psw/fleet/heartbeat,PRISMA,verification_pending,permission;requestSchema;responseSchema;screenLink,,"Inspect runtime and reconcile declaration; establish exact policy/tenant binding, validation and tests; define transactional workflow transitions, idempotency and audit semantics"
587,POST,/v1/psw/guide,PRISMA,verification_pending,permission;requestSchema;responseSchema;screenLink,,"Inspect runtime and reconcile declaration; establish exact policy/tenant binding, validation and tests; define transactional workflow transitions, idempotency and audit semantics"
224,POST,/v1/psw/handover,PRISMA,verification_pending,permission;requestSchema;responseSchema;screenLink,,"Inspect runtime and reconcile declaration; establish exact policy/tenant binding, validation and tests; define transactional workflow transitions, idempotency and audit semantics"
794,POST,/v1/psw/help-support,PRISMA,verification_pending,permission;requestSchema;responseSchema;screenLink,,"Inspect runtime and reconcile declaration; establish exact policy/tenant binding, validation and tests; define transactional workflow transitions, idempotency and audit semantics"
212,POST,/v1/psw/home/hardware/purchase,PRISMA,verification_pending,permission;requestSchema;responseSchema;screenLink,,"Inspect runtime and reconcile declaration; establish exact policy/tenant binding, validation and tests; define transactional workflow transitions, idempotency and audit semantics"
213,POST,/v1/psw/home/incident,PRISMA,verification_pending,permission;requestSchema;responseSchema;screenLink,,"Inspect runtime and reconcile declaration; establish exact policy/tenant binding, validation and tests; define transactional workflow transitions, idempotency and audit semantics"
211,POST,/v1/psw/home/stats,PRISMA,verification_pending,permission;requestSchema;responseSchema;screenLink,,"Inspect runtime and reconcile declaration; establish exact policy/tenant binding, validation and tests; define transactional workflow transitions, idempotency and audit semantics"
215,POST,/v1/psw/home/store/redeem,PRISMA,verification_pending,permission;requestSchema;responseSchema;screenLink,,"Inspect runtime and reconcile declaration; establish exact policy/tenant binding, validation and tests; define transactional workflow transitions, idempotency and audit semantics"
214,POST,/v1/psw/home/wellness,PRISMA,verification_pending,permission;requestSchema;responseSchema;screenLink,,"Inspect runtime and reconcile declaration; establish exact policy/tenant binding, validation and tests; define transactional workflow transitions, idempotency and audit semantics"
580,POST,/v1/psw/incident/report,PRISMA,verification_pending,permission;requestSchema;responseSchema;screenLink,,"Inspect runtime and reconcile declaration; establish exact policy/tenant binding, validation and tests; define transactional workflow transitions, idempotency and audit semantics"
223,POST,/v1/psw/incidents,PRISMA,verification_pending,permission;requestSchema;responseSchema;screenLink,,"Inspect runtime and reconcile declaration; establish exact policy/tenant binding, validation and tests; define transactional workflow transitions, idempotency and audit semantics"
234,POST,/v1/psw/mar,PRISMA,verification_pending,permission;requestSchema;responseSchema;screenLink,,"Inspect runtime and reconcile declaration; establish exact policy/tenant binding, validation and tests; define transactional workflow transitions, idempotency and audit semantics"
783,POST,/v1/psw/messages,PRISMA,verification_pending,permission;requestSchema;responseSchema;screenLink,,"Inspect runtime and reconcile declaration; establish exact policy/tenant binding, validation and tests; define transactional workflow transitions, idempotency and audit semantics"
228,POST,/v1/psw/mileage,PRISMA,verification_pending,permission;requestSchema;responseSchema;screenLink,,"Inspect runtime and reconcile declaration; establish exact policy/tenant binding, validation and tests; define transactional workflow transitions, idempotency and audit semantics"
229,POST,/v1/psw/mileage/calculate,PRISMA,verification_pending,permission;requestSchema;responseSchema;screenLink,,"Inspect runtime and reconcile declaration; establish exact policy/tenant binding, validation and tests; define transactional workflow transitions, idempotency and audit semantics"
231,POST,/v1/psw/mileage/submit-override,PRISMA,verification_pending,permission;requestSchema;responseSchema;screenLink,,"Inspect runtime and reconcile declaration; establish exact policy/tenant binding, validation and tests; define transactional workflow transitions, idempotency and audit semantics"
230,POST,/v1/psw/mileage/summary,PRISMA,verification_pending,permission;requestSchema;responseSchema;screenLink,,"Inspect runtime and reconcile declaration; establish exact policy/tenant binding, validation and tests; define transactional workflow transitions, idempotency and audit semantics"
793,POST,/v1/psw/notifications,PRISMA,verification_pending,permission;requestSchema;responseSchema;screenLink,,"Inspect runtime and reconcile declaration; establish exact policy/tenant binding, validation and tests; define transactional workflow transitions, idempotency and audit semantics"
226,POST,/v1/psw/payouts/history,PRISMA,verification_pending,permission;requestSchema;responseSchema;screenLink,,"Inspect runtime and reconcile declaration; establish exact policy/tenant binding, validation and tests; define transactional workflow transitions, idempotency and audit semantics"
788,POST,/v1/psw/profile,PRISMA,verification_pending,permission;requestSchema;responseSchema;screenLink,,"Inspect runtime and reconcile declaration; establish exact policy/tenant binding, validation and tests; define transactional workflow transitions, idempotency and audit semantics"
789,POST,/v1/psw/reports,PRISMA,verification_pending,permission;requestSchema;responseSchema;screenLink,,"Inspect runtime and reconcile declaration; establish exact policy/tenant binding, validation and tests; define transactional workflow transitions, idempotency and audit semantics"
305,POST,/v1/psw/schedule,PRISMA,verification_pending,permission;requestSchema;responseSchema;screenLink,,"Inspect runtime and reconcile declaration; establish exact policy/tenant binding, validation and tests; define transactional workflow transitions, idempotency and audit semantics"
218,POST,/v1/psw/schedule/availability,PRISMA,verification_pending,permission;requestSchema;responseSchema;screenLink,,"Inspect runtime and reconcile declaration; establish exact policy/tenant binding, validation and tests; define transactional workflow transitions, idempotency and audit semantics"
219,POST,/v1/psw/schedule/marketplace,PRISMA,verification_pending,permission;requestSchema;responseSchema;screenLink,,"Inspect runtime and reconcile declaration; establish exact policy/tenant binding, validation and tests; define transactional workflow transitions, idempotency and audit semantics"
220,POST,/v1/psw/schedule/marketplace/swaps,PRISMA,verification_pending,permission;requestSchema;responseSchema;screenLink,,"Inspect runtime and reconcile declaration; establish exact policy/tenant binding, validation and tests; define transactional workflow transitions, idempotency and audit semantics"
217,POST,/v1/psw/schedule/offers,PRISMA,verification_pending,permission;requestSchema;responseSchema;screenLink,,"Inspect runtime and reconcile declaration; establish exact policy/tenant binding, validation and tests; define transactional workflow transitions, idempotency and audit semantics"
330,POST,/v1/psw/schedule/payouts/request,PRISMA,verification_pending,permission;requestSchema;responseSchema;screenLink,,"Inspect runtime and reconcile declaration; establish exact policy/tenant binding, validation and tests; define transactional workflow transitions, idempotency and audit semantics"
216,POST,/v1/psw/schedule/visits,PRISMA,verification_pending,permission;requestSchema;responseSchema;screenLink,,"Inspect runtime and reconcile declaration; establish exact policy/tenant binding, validation and tests; define transactional workflow transitions, idempotency and audit semantics"
329,POST,/v1/psw/schedule/visits/check-in,PRISMA,verification_pending,permission;requestSchema;responseSchema;screenLink,,"Inspect runtime and reconcile declaration; establish exact policy/tenant binding, validation and tests; define transactional workflow transitions, idempotency and audit semantics"
586,POST,/v1/psw/sos/trigger,PRISMA,verification_pending,permission;requestSchema;responseSchema;screenLink,,"Inspect runtime and reconcile declaration; establish exact policy/tenant binding, validation and tests; define transactional workflow transitions, idempotency and audit semantics"
792,POST,/v1/psw/system-logs,PRISMA,verification_pending,permission;requestSchema;responseSchema;screenLink,,"Inspect runtime and reconcile declaration; establish exact policy/tenant binding, validation and tests; define transactional workflow transitions, idempotency and audit semantics"
232,POST,/v1/psw/training/assigned,PRISMA,verification_pending,permission;requestSchema;responseSchema;screenLink,,"Inspect runtime and reconcile declaration; establish exact policy/tenant binding, validation and tests; define transactional workflow transitions, idempotency and audit semantics"
233,POST,/v1/psw/visit-notes,PRISMA,verification_pending,permission;requestSchema;responseSchema;screenLink,,"Inspect runtime and reconcile declaration; establish exact policy/tenant binding, validation and tests; define transactional workflow transitions, idempotency and audit semantics"
227,POST,/v1/psw/wellness/pulse,PRISMA,verification_pending,permission;requestSchema;responseSchema;screenLink,,"Inspect runtime and reconcile declaration; establish exact policy/tenant binding, validation and tests; define transactional workflow transitions, idempotency and audit semantics"
810,POST,/v1/public/,PRISMA,verification_pending,permission;requestSchema;responseSchema;screenLink,,"Inspect runtime and reconcile declaration; establish exact policy/tenant binding, validation and tests; define transactional workflow transitions, idempotency and audit semantics"
321,POST,/v1/public/blog,PRISMA,verification_pending,permission;requestSchema;responseSchema;screenLink,,"Inspect runtime and reconcile declaration; establish exact policy/tenant binding, validation and tests; define transactional workflow transitions, idempotency and audit semantics"
817,GET,/v1/public/branding,PRISMA,verification_pending,permission;requestSchema;responseSchema;screenLink,,"Inspect runtime and reconcile declaration; establish exact policy/tenant binding, validation and tests"
319,POST,/v1/public/leads,PRISMA,verification_pending,permission;requestSchema;responseSchema;screenLink,,"Inspect runtime and reconcile declaration; establish exact policy/tenant binding, validation and tests; define transactional workflow transitions, idempotency and audit semantics"
819,GET,/v1/public/registries,PRISMA,verification_pending,permission;requestSchema;responseSchema;screenLink,,"Inspect runtime and reconcile declaration; establish exact policy/tenant binding, validation and tests"
820,GET,/v1/public/screens,PRISMA,verification_pending,permission;requestSchema;responseSchema;screenLink,,"Inspect runtime and reconcile declaration; establish exact policy/tenant binding, validation and tests"
320,POST,/v1/public/services,PRISMA,verification_pending,permission;requestSchema;responseSchema;screenLink,,"Inspect runtime and reconcile declaration; establish exact policy/tenant binding, validation and tests; define transactional workflow transitions, idempotency and audit semantics"
818,GET,/v1/public/stats,PRISMA,verification_pending,permission;requestSchema;responseSchema;screenLink,,"Inspect runtime and reconcile declaration; establish exact policy/tenant binding, validation and tests"
1467,POST,/v1/quality-audit/compliance/scan,PRISMA,verification_pending,permission;requestSchema;responseSchema;screenLink,,"Inspect runtime and reconcile declaration; establish exact policy/tenant binding, validation and tests; define transactional workflow transitions, idempotency and audit semantics"
1333,POST,/v1/referral-management/compliance/scan,PRISMA,verification_pending,permission;requestSchema;responseSchema;screenLink,,"Inspect runtime and reconcile declaration; establish exact policy/tenant binding, validation and tests; define transactional workflow transitions, idempotency and audit semantics"
1468,POST,/v1/refund-management/compliance/scan,PRISMA,verification_pending,permission;requestSchema;responseSchema;screenLink,,"Inspect runtime and reconcile declaration; establish exact policy/tenant binding, validation and tests; define transactional workflow transitions, idempotency and audit semantics"
1334,POST,/v1/regionalbdmanalytics/compliance/scan,PRISMA,verification_pending,permission;requestSchema;responseSchema;screenLink,,"Inspect runtime and reconcile declaration; establish exact policy/tenant binding, validation and tests; define transactional workflow transitions, idempotency and audit semantics"
1335,POST,/v1/regionalbdmworkflow/compliance/scan,PRISMA,verification_pending,permission;requestSchema;responseSchema;screenLink,,"Inspect runtime and reconcile declaration; establish exact policy/tenant binding, validation and tests; define transactional workflow transitions, idempotency and audit semantics"
1336,POST,/v1/regionalmanagerusaanalytics/compliance/scan,PRISMA,verification_pending,permission;requestSchema;responseSchema;screenLink,,"Inspect runtime and reconcile declaration; establish exact policy/tenant binding, validation and tests; define transactional workflow transitions, idempotency and audit semantics"
1337,POST,/v1/regionalmanagerusaworkflow/compliance/scan,PRISMA,verification_pending,permission;requestSchema;responseSchema;screenLink,,"Inspect runtime and reconcile declaration; establish exact policy/tenant binding, validation and tests; define transactional workflow transitions, idempotency and audit semantics"
1338,POST,/v1/release-management/compliance/scan,PRISMA,verification_pending,permission;requestSchema;responseSchema;screenLink,,"Inspect runtime and reconcile declaration; establish exact policy/tenant binding, validation and tests; define transactional workflow transitions, idempotency and audit semantics"
1270,POST,/v1/release-operations/compliance/scan,PRISMA,verification_pending,permission;requestSchema;responseSchema;screenLink,,"Inspect runtime and reconcile declaration; establish exact policy/tenant binding, validation and tests; define transactional workflow transitions, idempotency and audit semantics"
1469,POST,/v1/resolution-tracking/compliance/scan,PRISMA,verification_pending,permission;requestSchema;responseSchema;screenLink,,"Inspect runtime and reconcile declaration; establish exact policy/tenant binding, validation and tests; define transactional workflow transitions, idempotency and audit semantics"
1271,POST,/v1/responsive-preview/compliance/scan,PRISMA,verification_pending,permission;requestSchema;responseSchema;screenLink,,"Inspect runtime and reconcile declaration; establish exact policy/tenant binding, validation and tests; define transactional workflow transitions, idempotency and audit semantics"
1339,POST,/v1/revenue-analytics/compliance/scan,PRISMA,verification_pending,permission;requestSchema;responseSchema;screenLink,,"Inspect runtime and reconcile declaration; establish exact policy/tenant binding, validation and tests; define transactional workflow transitions, idempotency and audit semantics"
1341,POST,/v1/revenue-snapshot/compliance/scan,PRISMA,verification_pending,permission;requestSchema;responseSchema;screenLink,,"Inspect runtime and reconcile declaration; establish exact policy/tenant binding, validation and tests; define transactional workflow transitions, idempotency and audit semantics"
1340,POST,/v1/revenue/compliance/scan,PRISMA,verification_pending,permission;requestSchema;responseSchema;screenLink,,"Inspect runtime and reconcile declaration; establish exact policy/tenant binding, validation and tests; define transactional workflow transitions, idempotency and audit semantics"
1342,POST,/v1/risk-management/compliance/scan,PRISMA,verification_pending,permission;requestSchema;responseSchema;screenLink,,"Inspect runtime and reconcile declaration; establish exact policy/tenant binding, validation and tests; define transactional workflow transitions, idempotency and audit semantics"
1181,POST,/v1/rmt-appointments/compliance/scan,PRISMA,verification_pending,permission;requestSchema;responseSchema;screenLink,,"Inspect runtime and reconcile declaration; establish exact policy/tenant binding, validation and tests; define transactional workflow transitions, idempotency and audit semantics"
1182,POST,/v1/rmt-assessment/compliance/scan,PRISMA,verification_pending,permission;requestSchema;responseSchema;screenLink,,"Inspect runtime and reconcile declaration; establish exact policy/tenant binding, validation and tests; define transactional workflow transitions, idempotency and audit semantics"
1183,POST,/v1/rmt-billing-link/compliance/scan,PRISMA,verification_pending,permission;requestSchema;responseSchema;screenLink,,"Inspect runtime and reconcile declaration; establish exact policy/tenant binding, validation and tests; define transactional workflow transitions, idempotency and audit semantics"
1184,POST,/v1/rmt-client-intake/compliance/scan,PRISMA,verification_pending,permission;requestSchema;responseSchema;screenLink,,"Inspect runtime and reconcile declaration; establish exact policy/tenant binding, validation and tests; define transactional workflow transitions, idempotency and audit semantics"
1185,POST,/v1/rmt-command-center/compliance/scan,PRISMA,verification_pending,permission;requestSchema;responseSchema;screenLink,,"Inspect runtime and reconcile declaration; establish exact policy/tenant binding, validation and tests; define transactional workflow transitions, idempotency and audit semantics"
1190,POST,/v1/rmt-exercise-plan/compliance/scan,PRISMA,verification_pending,permission;requestSchema;responseSchema;screenLink,,"Inspect runtime and reconcile declaration; establish exact policy/tenant binding, validation and tests; define transactional workflow transitions, idempotency and audit semantics"
1191,POST,/v1/rmt-reports/compliance/scan,PRISMA,verification_pending,permission;requestSchema;responseSchema;screenLink,,"Inspect runtime and reconcile declaration; establish exact policy/tenant binding, validation and tests; define transactional workflow transitions, idempotency and audit semantics"
1192,POST,/v1/rmt-treatment-notes/compliance/scan,PRISMA,verification_pending,permission;requestSchema;responseSchema;screenLink,,"Inspect runtime and reconcile declaration; establish exact policy/tenant binding, validation and tests; define transactional workflow transitions, idempotency and audit semantics"
1186,POST,/v1/rmt/appointments/fetch,PRISMA,verification_pending,permission;requestSchema;responseSchema,rmt_dashboard,"Inspect runtime and reconcile declaration; establish exact policy/tenant binding, validation and tests; define transactional workflow transitions, idempotency and audit semantics"
1188,POST,/v1/rmt/claims/submit,PRISMA,verification_pending,permission;requestSchema;responseSchema,rmt_dashboard,"Inspect runtime and reconcile declaration; establish exact policy/tenant binding, validation and tests; define transactional workflow transitions, idempotency and audit semantics"
1187,POST,/v1/rmt/soap-notes/submit,PRISMA,verification_pending,permission;requestSchema;responseSchema,rmt_dashboard,"Inspect runtime and reconcile declaration; establish exact policy/tenant binding, validation and tests; define transactional workflow transitions, idempotency and audit semantics"
1189,POST,/v1/rmt/treatment-plans/update,PRISMA,verification_pending,permission;requestSchema;responseSchema,rmt_dashboard,"Inspect runtime and reconcile declaration; establish exact policy/tenant binding, validation and tests; define transactional workflow transitions, idempotency and audit semantics"
1413,POST,/v1/rn-care-plan-review/compliance/scan,PRISMA,verification_pending,permission;requestSchema;responseSchema;screenLink,,"Inspect runtime and reconcile declaration; establish exact policy/tenant binding, validation and tests; define transactional workflow transitions, idempotency and audit semantics"
1414,POST,/v1/rn-command-center/compliance/scan,PRISMA,verification_pending,permission;requestSchema;responseSchema;screenLink,,"Inspect runtime and reconcile declaration; establish exact policy/tenant binding, validation and tests; define transactional workflow transitions, idempotency and audit semantics"
1415,POST,/v1/rn-field-supervisor-analytics/compliance/scan,PRISMA,verification_pending,permission;requestSchema;responseSchema;screenLink,,"Inspect runtime and reconcile declaration; establish exact policy/tenant binding, validation and tests; define transactional workflow transitions, idempotency and audit semantics"
1418,POST,/v1/rn-field-supervisor-workflow/compliance/scan,PRISMA,verification_pending,permission;requestSchema;responseSchema;screenLink,,"Inspect runtime and reconcile declaration; establish exact policy/tenant binding, validation and tests; define transactional workflow transitions, idempotency and audit semantics"
1419,POST,/v1/rn-incident-review/compliance/scan,PRISMA,verification_pending,permission;requestSchema;responseSchema;screenLink,,"Inspect runtime and reconcile declaration; establish exact policy/tenant binding, validation and tests; define transactional workflow transitions, idempotency and audit semantics"
1420,POST,/v1/rn-medications/compliance/scan,PRISMA,verification_pending,permission;requestSchema;responseSchema;screenLink,,"Inspect runtime and reconcile declaration; establish exact policy/tenant binding, validation and tests; define transactional workflow transitions, idempotency and audit semantics"
1421,POST,/v1/rn-patient-charting/compliance/scan,PRISMA,verification_pending,permission;requestSchema;responseSchema;screenLink,,"Inspect runtime and reconcile declaration; establish exact policy/tenant binding, validation and tests; define transactional workflow transitions, idempotency and audit semantics"
1422,POST,/v1/rn-reports/compliance/scan,PRISMA,verification_pending,permission;requestSchema;responseSchema;screenLink,,"Inspect runtime and reconcile declaration; establish exact policy/tenant binding, validation and tests; define transactional workflow transitions, idempotency and audit semantics"
1423,POST,/v1/rn-tasks/compliance/scan,PRISMA,verification_pending,permission;requestSchema;responseSchema;screenLink,,"Inspect runtime and reconcile declaration; establish exact policy/tenant binding, validation and tests; define transactional workflow transitions, idempotency and audit semantics"
1424,POST,/v1/rn-vitals/compliance/scan,PRISMA,verification_pending,permission;requestSchema;responseSchema;screenLink,,"Inspect runtime and reconcile declaration; establish exact policy/tenant binding, validation and tests; define transactional workflow transitions, idempotency and audit semantics"
210,POST,/v1/rn/assessments,PRISMA,verification_pending,permission;requestSchema;responseSchema;screenLink,,"Inspect runtime and reconcile declaration; establish exact policy/tenant binding, validation and tests; define transactional workflow transitions, idempotency and audit semantics"
1417,POST,/v1/rn/assessments/signoff,PRISMA,verification_pending,permission;requestSchema;responseSchema,rn_field_supervisor_dashboard,"Inspect runtime and reconcile declaration; establish exact policy/tenant binding, validation and tests; define transactional workflow transitions, idempotency and audit semantics"
209,POST,/v1/rn/assessments/templates,PRISMA,verification_pending,permission;requestSchema;responseSchema;screenLink,,"Inspect runtime and reconcile declaration; establish exact policy/tenant binding, validation and tests; define transactional workflow transitions, idempotency and audit semantics"
1416,POST,/v1/rn/audits/submit,PRISMA,verification_pending,permission;requestSchema;responseSchema,rn_field_supervisor_dashboard,"Inspect runtime and reconcile declaration; establish exact policy/tenant binding, validation and tests; define transactional workflow transitions, idempotency and audit semantics"
199,POST,/v1/rn/clinical/assessments,PRISMA,verification_pending,permission;requestSchema;responseSchema;screenLink,,"Inspect runtime and reconcile declaration; establish exact policy/tenant binding, validation and tests; define transactional workflow transitions, idempotency and audit semantics"
328,POST,/v1/rn/clinical/audit/entries/verify,PRISMA,verification_pending,permission;requestSchema;responseSchema;screenLink,,"Inspect runtime and reconcile declaration; establish exact policy/tenant binding, validation and tests; define transactional workflow transitions, idempotency and audit semantics"
203,POST,/v1/rn/clinical/audit/list,PRISMA,verification_pending,permission;requestSchema;responseSchema;screenLink,,"Inspect runtime and reconcile declaration; establish exact policy/tenant binding, validation and tests; define transactional workflow transitions, idempotency and audit semantics"
591,POST,/v1/rn/clinical/audit/sign-off,PRISMA,verification_pending,permission;requestSchema;responseSchema;screenLink,,"Inspect runtime and reconcile declaration; establish exact policy/tenant binding, validation and tests; define transactional workflow transitions, idempotency and audit semantics"
197,POST,/v1/rn/clinical/care-plans,PRISMA,verification_pending,permission;requestSchema;responseSchema;screenLink,,"Inspect runtime and reconcile declaration; establish exact policy/tenant binding, validation and tests; define transactional workflow transitions, idempotency and audit semantics"
327,POST,/v1/rn/clinical/care-plans/review,PRISMA,verification_pending,permission;requestSchema;responseSchema;screenLink,,"Inspect runtime and reconcile declaration; establish exact policy/tenant binding, validation and tests; define transactional workflow transitions, idempotency and audit semantics"
200,POST,/v1/rn/clinical/recon,PRISMA,verification_pending,permission;requestSchema;responseSchema;screenLink,,"Inspect runtime and reconcile declaration; establish exact policy/tenant binding, validation and tests; define transactional workflow transitions, idempotency and audit semantics"
204,POST,/v1/rn/clinical/reconciliation/pending,PRISMA,verification_pending,permission;requestSchema;responseSchema;screenLink,,"Inspect runtime and reconcile declaration; establish exact policy/tenant binding, validation and tests; define transactional workflow transitions, idempotency and audit semantics"
198,POST,/v1/rn/clinical/scribe-parse/parse,PRISMA,verification_pending,permission;requestSchema;responseSchema;screenLink,,"Inspect runtime and reconcile declaration; establish exact policy/tenant binding, validation and tests; define transactional workflow transitions, idempotency and audit semantics"
202,POST,/v1/rn/clinical/sign-off,PRISMA,verification_pending,permission;requestSchema;responseSchema;screenLink,,"Inspect runtime and reconcile declaration; establish exact policy/tenant binding, validation and tests; define transactional workflow transitions, idempotency and audit semantics"
201,POST,/v1/rn/clinical/supervision,PRISMA,verification_pending,permission;requestSchema;responseSchema;screenLink,,"Inspect runtime and reconcile declaration; establish exact policy/tenant binding, validation and tests; define transactional workflow transitions, idempotency and audit semantics"
595,POST,/v1/rn/clinical/supervision/roster,PRISMA,verification_pending,permission;requestSchema;responseSchema;screenLink,,"Inspect runtime and reconcile declaration; establish exact policy/tenant binding, validation and tests; define transactional workflow transitions, idempotency and audit semantics"
588,POST,/v1/rn/home/stats,PRISMA,verification_pending,permission;requestSchema;responseSchema;screenLink,,"Inspect runtime and reconcile declaration; establish exact policy/tenant binding, validation and tests; define transactional workflow transitions, idempotency and audit semantics"
205,POST,/v1/rn/mar/administer,PRISMA,verification_pending,permission;requestSchema;responseSchema;screenLink,,"Inspect runtime and reconcile declaration; establish exact policy/tenant binding, validation and tests; define transactional workflow transitions, idempotency and audit semantics"
206,POST,/v1/rn/mar/prn,PRISMA,verification_pending,permission;requestSchema;responseSchema;screenLink,,"Inspect runtime and reconcile declaration; establish exact policy/tenant binding, validation and tests; define transactional workflow transitions, idempotency and audit semantics"
207,POST,/v1/rn/mar/review,PRISMA,verification_pending,permission;requestSchema;responseSchema;screenLink,,"Inspect runtime and reconcile declaration; establish exact policy/tenant binding, validation and tests; define transactional workflow transitions, idempotency and audit semantics"
196,POST,/v1/rn/supervision/roster,PRISMA,verification_pending,permission;requestSchema;responseSchema;screenLink,,"Inspect runtime and reconcile declaration; establish exact policy/tenant binding, validation and tests; define transactional workflow transitions, idempotency and audit semantics"
208,POST,/v1/rn/wound-care/assessments,PRISMA,verification_pending,permission;requestSchema;responseSchema;screenLink,,"Inspect runtime and reconcile declaration; establish exact policy/tenant binding, validation and tests; define transactional workflow transitions, idempotency and audit semantics"
1272,POST,/v1/role-coverage-dashboard/compliance/scan,PRISMA,verification_pending,permission;requestSchema;responseSchema,role_coverage_dashboard,"Inspect runtime and reconcile declaration; establish exact policy/tenant binding, validation and tests; define transactional workflow transitions, idempotency and audit semantics"
1428,POST,/v1/rpn-care-plan-review/compliance/scan,PRISMA,verification_pending,permission;requestSchema;responseSchema;screenLink,,"Inspect runtime and reconcile declaration; establish exact policy/tenant binding, validation and tests; define transactional workflow transitions, idempotency and audit semantics"
1429,POST,/v1/rpn-command-center/compliance/scan,PRISMA,verification_pending,permission;requestSchema;responseSchema;screenLink,,"Inspect runtime and reconcile declaration; establish exact policy/tenant binding, validation and tests; define transactional workflow transitions, idempotency and audit semantics"
1430,POST,/v1/rpn-incident-review/compliance/scan,PRISMA,verification_pending,permission;requestSchema;responseSchema;screenLink,,"Inspect runtime and reconcile declaration; establish exact policy/tenant binding, validation and tests; define transactional workflow transitions, idempotency and audit semantics"
1431,POST,/v1/rpn-medications/compliance/scan,PRISMA,verification_pending,permission;requestSchema;responseSchema;screenLink,,"Inspect runtime and reconcile declaration; establish exact policy/tenant binding, validation and tests; define transactional workflow transitions, idempotency and audit semantics"
1432,POST,/v1/rpn-patient-charting/compliance/scan,PRISMA,verification_pending,permission;requestSchema;responseSchema;screenLink,,"Inspect runtime and reconcile declaration; establish exact policy/tenant binding, validation and tests; define transactional workflow transitions, idempotency and audit semantics"
1433,POST,/v1/rpn-reports/compliance/scan,PRISMA,verification_pending,permission;requestSchema;responseSchema;screenLink,,"Inspect runtime and reconcile declaration; establish exact policy/tenant binding, validation and tests; define transactional workflow transitions, idempotency and audit semantics"
1434,POST,/v1/rpn-tasks/compliance/scan,PRISMA,verification_pending,permission;requestSchema;responseSchema;screenLink,,"Inspect runtime and reconcile declaration; establish exact policy/tenant binding, validation and tests; define transactional workflow transitions, idempotency and audit semantics"
1435,POST,/v1/rpn-vitals/compliance/scan,PRISMA,verification_pending,permission;requestSchema;responseSchema;screenLink,,"Inspect runtime and reconcile declaration; establish exact policy/tenant binding, validation and tests; define transactional workflow transitions, idempotency and audit semantics"
1273,POST,/v1/runtime-verification/compliance/scan,PRISMA,verification_pending,permission;requestSchema;responseSchema;screenLink,,"Inspect runtime and reconcile declaration; establish exact policy/tenant binding, validation and tests; define transactional workflow transitions, idempotency and audit semantics"
625,POST,/v1/saas/promo/apply,PRISMA,verification_pending,permission;requestSchema;responseSchema;screenLink,,"Inspect runtime and reconcile declaration; establish exact policy/tenant binding, validation and tests; define transactional workflow transitions, idempotency and audit semantics"
624,POST,/v1/saas/promo/validate,PRISMA,verification_pending,permission;requestSchema;responseSchema;screenLink,,"Inspect runtime and reconcile declaration; establish exact policy/tenant binding, validation and tests; define transactional workflow transitions, idempotency and audit semantics"
1401,POST,/v1/schedule/compliance/scan,PRISMA,verification_pending,permission;requestSchema;responseSchema;screenLink,,"Inspect runtime and reconcile declaration; establish exact policy/tenant binding, validation and tests; define transactional workflow transitions, idempotency and audit semantics"
1470,POST,/v1/scheduler-booking-requests/compliance/scan,PRISMA,verification_pending,permission;requestSchema;responseSchema;screenLink,,"Inspect runtime and reconcile declaration; establish exact policy/tenant binding, validation and tests; define transactional workflow transitions, idempotency and audit semantics"
1471,POST,/v1/scheduler-calendar/compliance/scan,PRISMA,verification_pending,permission;requestSchema;responseSchema;screenLink,,"Inspect runtime and reconcile declaration; establish exact policy/tenant binding, validation and tests; define transactional workflow transitions, idempotency and audit semantics"
1472,POST,/v1/scheduler-command-center/compliance/scan,PRISMA,verification_pending,permission;requestSchema;responseSchema;screenLink,,"Inspect runtime and reconcile declaration; establish exact policy/tenant binding, validation and tests; define transactional workflow transitions, idempotency and audit semantics"
1473,POST,/v1/scheduler-conflicts/compliance/scan,PRISMA,verification_pending,permission;requestSchema;responseSchema;screenLink,,"Inspect runtime and reconcile declaration; establish exact policy/tenant binding, validation and tests; define transactional workflow transitions, idempotency and audit semantics"
1474,POST,/v1/scheduler-open-shifts/compliance/scan,PRISMA,verification_pending,permission;requestSchema;responseSchema;screenLink,,"Inspect runtime and reconcile declaration; establish exact policy/tenant binding, validation and tests; define transactional workflow transitions, idempotency and audit semantics"
1475,POST,/v1/scheduler-provider-availability/compliance/scan,PRISMA,verification_pending,permission;requestSchema;responseSchema;screenLink,,"Inspect runtime and reconcile declaration; establish exact policy/tenant binding, validation and tests; define transactional workflow transitions, idempotency and audit semantics"
1476,POST,/v1/scheduling-dashboard/compliance/scan,PRISMA,verification_pending,permission;requestSchema;responseSchema,scheduling_dashboard,"Inspect runtime and reconcile declaration; establish exact policy/tenant binding, validation and tests; define transactional workflow transitions, idempotency and audit semantics"
1377,POST,/v1/scheduling-health/compliance/scan,PRISMA,verification_pending,permission;requestSchema;responseSchema;screenLink,,"Inspect runtime and reconcile declaration; establish exact policy/tenant binding, validation and tests; define transactional workflow transitions, idempotency and audit semantics"
1477,POST,/v1/scheduling-operations4-k/compliance/scan,PRISMA,verification_pending,permission;requestSchema;responseSchema;screenLink,,"Inspect runtime and reconcile declaration; establish exact policy/tenant binding, validation and tests; define transactional workflow transitions, idempotency and audit semantics"
479,POST,/v1/scrum-master/audits,PRISMA,verification_pending,permission;requestSchema;responseSchema;screenLink,,"Inspect runtime and reconcile declaration; establish exact policy/tenant binding, validation and tests; define transactional workflow transitions, idempotency and audit semantics"
474,POST,/v1/scrum-master/auto-fix,PRISMA,verification_pending,permission;requestSchema;responseSchema;screenLink,,"Inspect runtime and reconcile declaration; establish exact policy/tenant binding, validation and tests; define transactional workflow transitions, idempotency and audit semantics"
472,POST,/v1/scrum-master/endpoints,PRISMA,verification_pending,permission;requestSchema;responseSchema;screenLink,,"Inspect runtime and reconcile declaration; establish exact policy/tenant binding, validation and tests; define transactional workflow transitions, idempotency and audit semantics"
473,POST,/v1/scrum-master/env-audit,PRISMA,verification_pending,permission;requestSchema;responseSchema;screenLink,,"Inspect runtime and reconcile declaration; establish exact policy/tenant binding, validation and tests; define transactional workflow transitions, idempotency and audit semantics"
291,POST,/v1/scrum-master/forensics/flush,PRISMA,verification_pending,permission;requestSchema;responseSchema;screenLink,,"Inspect runtime and reconcile declaration; establish exact policy/tenant binding, validation and tests; define transactional workflow transitions, idempotency and audit semantics"
292,POST,/v1/scrum-master/governance/reseed,PRISMA,verification_pending,permission;requestSchema;responseSchema;screenLink,,"Inspect runtime and reconcile declaration; establish exact policy/tenant binding, validation and tests; define transactional workflow transitions, idempotency and audit semantics"
480,POST,/v1/scrum-master/registry/health,PRISMA,verification_pending,permission;requestSchema;responseSchema;screenLink,,"Inspect runtime and reconcile declaration; establish exact policy/tenant binding, validation and tests; define transactional workflow transitions, idempotency and audit semantics"
290,POST,/v1/scrum-master/registry/integrity,PRISMA,verification_pending,permission;requestSchema;responseSchema;screenLink,,"Inspect runtime and reconcile declaration; establish exact policy/tenant binding, validation and tests; define transactional workflow transitions, idempotency and audit semantics"
289,POST,/v1/scrum-master/registry/sweep,PRISMA,verification_pending,permission;requestSchema;responseSchema;screenLink,,"Inspect runtime and reconcile declaration; establish exact policy/tenant binding, validation and tests; define transactional workflow transitions, idempotency and audit semantics"
295,POST,/v1/scrum-master/registry/sync,PRISMA,verification_pending,permission;requestSchema;responseSchema;screenLink,,"Inspect runtime and reconcile declaration; establish exact policy/tenant binding, validation and tests; define transactional workflow transitions, idempotency and audit semantics"
294,POST,/v1/scrum-master/registry/touchpoints,PRISMA,verification_pending,permission;requestSchema;responseSchema;screenLink,,"Inspect runtime and reconcile declaration; establish exact policy/tenant binding, validation and tests; define transactional workflow transitions, idempotency and audit semantics"
478,POST,/v1/scrum-master/security/scan,PRISMA,verification_pending,permission;requestSchema;responseSchema;screenLink,,"Inspect runtime and reconcile declaration; establish exact policy/tenant binding, validation and tests; define transactional workflow transitions, idempotency and audit semantics"
471,POST,/v1/scrum-master/stats,PRISMA,verification_pending,permission;requestSchema;responseSchema;screenLink,,"Inspect runtime and reconcile declaration; establish exact policy/tenant binding, validation and tests; define transactional workflow transitions, idempotency and audit semantics"
293,POST,/v1/scrum-master/system/deploy,PRISMA,verification_pending,permission;requestSchema;responseSchema;screenLink,,"Inspect runtime and reconcile declaration; establish exact policy/tenant binding, validation and tests; define transactional workflow transitions, idempotency and audit semantics"
1478,POST,/v1/scrummasteranalytics/compliance/scan,PRISMA,verification_pending,permission;requestSchema;responseSchema;screenLink,,"Inspect runtime and reconcile declaration; establish exact policy/tenant binding, validation and tests; define transactional workflow transitions, idempotency and audit semantics"
1479,POST,/v1/scrummasterworkflow/compliance/scan,PRISMA,verification_pending,permission;requestSchema;responseSchema;screenLink,,"Inspect runtime and reconcile declaration; establish exact policy/tenant binding, validation and tests; define transactional workflow transitions, idempotency and audit semantics"
1343,POST,/v1/security-audit/compliance/scan,PRISMA,verification_pending,permission;requestSchema;responseSchema;screenLink,,"Inspect runtime and reconcile declaration; establish exact policy/tenant binding, validation and tests; define transactional workflow transitions, idempotency and audit semantics"
315,POST,/v1/security/audits,PRISMA,verification_pending,permission;requestSchema;responseSchema;screenLink,,"Inspect runtime and reconcile declaration; establish exact policy/tenant binding, validation and tests; define transactional workflow transitions, idempotency and audit semantics"
507,POST,/v1/security/crypto-health,PRISMA,verification_pending,permission;requestSchema;responseSchema;screenLink,,"Inspect runtime and reconcile declaration; establish exact policy/tenant binding, validation and tests; define transactional workflow transitions, idempotency and audit semantics"
314,POST,/v1/security/permissions,PRISMA,verification_pending,permission;requestSchema;responseSchema;screenLink,,"Inspect runtime and reconcile declaration; establish exact policy/tenant binding, validation and tests; define transactional workflow transitions, idempotency and audit semantics"
509,POST,/v1/security/platform-audit,PRISMA,verification_pending,permission;requestSchema;responseSchema;screenLink,,"Inspect runtime and reconcile declaration; establish exact policy/tenant binding, validation and tests; define transactional workflow transitions, idempotency and audit semantics"
313,POST,/v1/security/sessions,PRISMA,verification_pending,permission;requestSchema;responseSchema;screenLink,,"Inspect runtime and reconcile declaration; establish exact policy/tenant binding, validation and tests; define transactional workflow transitions, idempotency and audit semantics"
508,POST,/v1/security/threat-detection,PRISMA,verification_pending,permission;requestSchema;responseSchema;screenLink,,"Inspect runtime and reconcile declaration; establish exact policy/tenant binding, validation and tests; define transactional workflow transitions, idempotency and audit semantics"
312,POST,/v1/security/threats,PRISMA,verification_pending,permission;requestSchema;responseSchema;screenLink,,"Inspect runtime and reconcile declaration; establish exact policy/tenant binding, validation and tests; define transactional workflow transitions, idempotency and audit semantics"
1378,POST,/v1/service-issue/compliance/scan,PRISMA,verification_pending,permission;requestSchema;responseSchema;screenLink,,"Inspect runtime and reconcile declaration; establish exact policy/tenant binding, validation and tests; define transactional workflow transitions, idempotency and audit semantics"
1344,POST,/v1/service-quality/compliance/scan,PRISMA,verification_pending,permission;requestSchema;responseSchema;screenLink,,"Inspect runtime and reconcile declaration; establish exact policy/tenant binding, validation and tests; define transactional workflow transitions, idempotency and audit semantics"
1345,POST,/v1/shareholder-analytics/compliance/scan,PRISMA,verification_pending,permission;requestSchema;responseSchema;screenLink,,"Inspect runtime and reconcile declaration; establish exact policy/tenant binding, validation and tests; define transactional workflow transitions, idempotency and audit semantics"
1346,POST,/v1/shareholder-workflow/compliance/scan,PRISMA,verification_pending,permission;requestSchema;responseSchema;screenLink,,"Inspect runtime and reconcile declaration; establish exact policy/tenant binding, validation and tests; define transactional workflow transitions, idempotency and audit semantics"
1425,POST,/v1/shift-report/compliance/scan,PRISMA,verification_pending,permission;requestSchema;responseSchema;screenLink,,"Inspect runtime and reconcile declaration; establish exact policy/tenant binding, validation and tests; define transactional workflow transitions, idempotency and audit semantics"
1402,POST,/v1/shift-tasks/compliance/scan,PRISMA,verification_pending,permission;requestSchema;responseSchema;screenLink,,"Inspect runtime and reconcile declaration; establish exact policy/tenant binding, validation and tests; define transactional workflow transitions, idempotency and audit semantics"
1379,POST,/v1/social-media/compliance/scan,PRISMA,verification_pending,permission;requestSchema;responseSchema;screenLink,,"Inspect runtime and reconcile declaration; establish exact policy/tenant binding, validation and tests; define transactional workflow transitions, idempotency and audit semantics"
1193,POST,/v1/socialworkeranalytics/compliance/scan,PRISMA,verification_pending,permission;requestSchema;responseSchema;screenLink,,"Inspect runtime and reconcile declaration; establish exact policy/tenant binding, validation and tests; define transactional workflow transitions, idempotency and audit semantics"
1194,POST,/v1/socialworkerworkflow/compliance/scan,PRISMA,verification_pending,permission;requestSchema;responseSchema;screenLink,,"Inspect runtime and reconcile declaration; establish exact policy/tenant binding, validation and tests; define transactional workflow transitions, idempotency and audit semantics"
1348,POST,/v1/staff-management/compliance/scan,PRISMA,verification_pending,permission;requestSchema;responseSchema;screenLink,,"Inspect runtime and reconcile declaration; establish exact policy/tenant binding, validation and tests; define transactional workflow transitions, idempotency and audit semantics"
1239,POST,/v1/staff-performance/compliance/scan,PRISMA,verification_pending,permission;requestSchema;responseSchema;screenLink,,"Inspect runtime and reconcile declaration; establish exact policy/tenant binding, validation and tests; define transactional workflow transitions, idempotency and audit semantics"
1480,POST,/v1/staff-progress/compliance/scan,PRISMA,verification_pending,permission;requestSchema;responseSchema;screenLink,,"Inspect runtime and reconcile declaration; establish exact policy/tenant binding, validation and tests; define transactional workflow transitions, idempotency and audit semantics"
194,POST,/v1/staff/allied/home/stats,PRISMA,verification_pending,permission;requestSchema;responseSchema;screenLink,,"Inspect runtime and reconcile declaration; establish exact policy/tenant binding, validation and tests; define transactional workflow transitions, idempotency and audit semantics"
195,POST,/v1/staff/allied/treatments,PRISMA,verification_pending,permission;requestSchema;responseSchema;screenLink,,"Inspect runtime and reconcile declaration; establish exact policy/tenant binding, validation and tests; define transactional workflow transitions, idempotency and audit semantics"
185,POST,/v1/staff/customers,PRISMA,verification_pending,permission;requestSchema;responseSchema;screenLink,,"Inspect runtime and reconcile declaration; establish exact policy/tenant binding, validation and tests; define transactional workflow transitions, idempotency and audit semantics"
182,POST,/v1/staff/home/stats,PRISMA,verification_pending,permission;requestSchema;responseSchema;screenLink,,"Inspect runtime and reconcile declaration; establish exact policy/tenant binding, validation and tests; define transactional workflow transitions, idempotency and audit semantics"
191,POST,/v1/staff/messages/hub,PRISMA,verification_pending,permission;requestSchema;responseSchema;screenLink,,"Inspect runtime and reconcile declaration; establish exact policy/tenant binding, validation and tests; define transactional workflow transitions, idempotency and audit semantics"
192,POST,/v1/staff/messages/hub/audit,PRISMA,verification_pending,permission;requestSchema;responseSchema;screenLink,,"Inspect runtime and reconcile declaration; establish exact policy/tenant binding, validation and tests; define transactional workflow transitions, idempotency and audit semantics"
193,POST,/v1/staff/messages/hub/multidisciplinary,PRISMA,verification_pending,permission;requestSchema;responseSchema;screenLink,,"Inspect runtime and reconcile declaration; establish exact policy/tenant binding, validation and tests; define transactional workflow transitions, idempotency and audit semantics"
186,POST,/v1/staff/ops/compliance/scan,PRISMA,verification_pending,permission;requestSchema;responseSchema;screenLink,,"Inspect runtime and reconcile declaration; establish exact policy/tenant binding, validation and tests; define transactional workflow transitions, idempotency and audit semantics"
189,POST,/v1/staff/ops/incidents,PRISMA,verification_pending,permission;requestSchema;responseSchema;screenLink,,"Inspect runtime and reconcile declaration; establish exact policy/tenant binding, validation and tests; define transactional workflow transitions, idempotency and audit semantics"
190,POST,/v1/staff/ops/incidents/submit,PRISMA,verification_pending,permission;requestSchema;responseSchema;screenLink,,"Inspect runtime and reconcile declaration; establish exact policy/tenant binding, validation and tests; define transactional workflow transitions, idempotency and audit semantics"
188,POST,/v1/staff/tasks,PRISMA,verification_pending,permission;requestSchema;responseSchema;screenLink,,"Inspect runtime and reconcile declaration; establish exact policy/tenant binding, validation and tests; define transactional workflow transitions, idempotency and audit semantics"
187,POST,/v1/staff/tasks/grid,PRISMA,verification_pending,permission;requestSchema;responseSchema;screenLink,,"Inspect runtime and reconcile declaration; establish exact policy/tenant binding, validation and tests; define transactional workflow transitions, idempotency and audit semantics"
184,POST,/v1/staff/tickets,PRISMA,verification_pending,permission;requestSchema;responseSchema;screenLink,,"Inspect runtime and reconcile declaration; establish exact policy/tenant binding, validation and tests; define transactional workflow transitions, idempotency and audit semantics"
715,POST,/v1/staff/training/summary,PRISMA,verification_pending,permission;requestSchema;responseSchema;screenLink,,"Inspect runtime and reconcile declaration; establish exact policy/tenant binding, validation and tests; define transactional workflow transitions, idempotency and audit semantics"
183,POST,/v1/staff/visits,PRISMA,verification_pending,permission;requestSchema;responseSchema;screenLink,,"Inspect runtime and reconcile declaration; establish exact policy/tenant binding, validation and tests; define transactional workflow transitions, idempotency and audit semantics"
1347,POST,/v1/staffing-overview/compliance/scan,PRISMA,verification_pending,permission;requestSchema;responseSchema;screenLink,,"Inspect runtime and reconcile declaration; establish exact policy/tenant binding, validation and tests; define transactional workflow transitions, idempotency and audit semantics"
489,POST,/v1/superuser/audit-logs,PRISMA,verification_pending,permission;requestSchema;responseSchema;screenLink,,"Inspect runtime and reconcile declaration; establish exact policy/tenant binding, validation and tests; define transactional workflow transitions, idempotency and audit semantics"
307,POST,/v1/superuser/governance,PRISMA,verification_pending,permission;requestSchema;responseSchema;screenLink,,"Inspect runtime and reconcile declaration; establish exact policy/tenant binding, validation and tests; define transactional workflow transitions, idempotency and audit semantics"
491,POST,/v1/superuser/health/summary,PRISMA,verification_pending,permission;requestSchema;responseSchema;screenLink,,"Inspect runtime and reconcile declaration; establish exact policy/tenant binding, validation and tests; define transactional workflow transitions, idempotency and audit semantics"
493,POST,/v1/superuser/policies/engine,PRISMA,verification_pending,permission;requestSchema;responseSchema;screenLink,,"Inspect runtime and reconcile declaration; establish exact policy/tenant binding, validation and tests; define transactional workflow transitions, idempotency and audit semantics"
494,POST,/v1/superuser/risk-surveillance,PRISMA,verification_pending,permission;requestSchema;responseSchema;screenLink,,"Inspect runtime and reconcile declaration; establish exact policy/tenant binding, validation and tests; define transactional workflow transitions, idempotency and audit semantics"
492,POST,/v1/superuser/sla/compliance,PRISMA,verification_pending,permission;requestSchema;responseSchema;screenLink,,"Inspect runtime and reconcile declaration; establish exact policy/tenant binding, validation and tests; define transactional workflow transitions, idempotency and audit semantics"
306,POST,/v1/superuser/tenants,PRISMA,verification_pending,permission;requestSchema;responseSchema;screenLink,,"Inspect runtime and reconcile declaration; establish exact policy/tenant binding, validation and tests; define transactional workflow transitions, idempotency and audit semantics"
408,POST,/v1/support/chat,PRISMA,verification_pending,permission;requestSchema;responseSchema;screenLink,,"Inspect runtime and reconcile declaration; establish exact policy/tenant binding, validation and tests; define transactional workflow transitions, idempotency and audit semantics"
409,POST,/v1/support/tickets,PRISMA,verification_pending,permission;requestSchema;responseSchema;screenLink,,"Inspect runtime and reconcile declaration; establish exact policy/tenant binding, validation and tests; define transactional workflow transitions, idempotency and audit semantics"
1349,POST,/v1/system-health/compliance/scan,PRISMA,verification_pending,permission;requestSchema;responseSchema;screenLink,,"Inspect runtime and reconcile declaration; establish exact policy/tenant binding, validation and tests; define transactional workflow transitions, idempotency and audit semantics"
821,GET,/v1/system/database-report,PRISMA,verification_pending,permission;requestSchema;responseSchema;screenLink,,"Inspect runtime and reconcile declaration; establish exact policy/tenant binding, validation and tests"
287,POST,/v1/system/kill-switch/disengage,PRISMA,verification_pending,permission;requestSchema;responseSchema;screenLink,,"Inspect runtime and reconcile declaration; establish exact policy/tenant binding, validation and tests; define transactional workflow transitions, idempotency and audit semantics"
286,POST,/v1/system/kill-switch/engage,PRISMA,verification_pending,permission;requestSchema;responseSchema;screenLink,,"Inspect runtime and reconcile declaration; establish exact policy/tenant binding, validation and tests; define transactional workflow transitions, idempotency and audit semantics"
282,POST,/v1/system/notifications,PRISMA,verification_pending,permission;requestSchema;responseSchema;screenLink,,"Inspect runtime and reconcile declaration; establish exact policy/tenant binding, validation and tests; define transactional workflow transitions, idempotency and audit semantics"
281,POST,/v1/system/notifications/register-device,PRISMA,verification_pending,permission;requestSchema;responseSchema;screenLink,,"Inspect runtime and reconcile declaration; establish exact policy/tenant binding, validation and tests; define transactional workflow transitions, idempotency and audit semantics"
485,POST,/v1/system/ops/capacity,PRISMA,verification_pending,permission;requestSchema;responseSchema;screenLink,,"Inspect runtime and reconcile declaration; establish exact policy/tenant binding, validation and tests; define transactional workflow transitions, idempotency and audit semantics"
487,POST,/v1/system/ops/logistics,PRISMA,verification_pending,permission;requestSchema;responseSchema;screenLink,,"Inspect runtime and reconcile declaration; establish exact policy/tenant binding, validation and tests; define transactional workflow transitions, idempotency and audit semantics"
486,POST,/v1/system/ops/regions,PRISMA,verification_pending,permission;requestSchema;responseSchema;screenLink,,"Inspect runtime and reconcile declaration; establish exact policy/tenant binding, validation and tests; define transactional workflow transitions, idempotency and audit semantics"
283,POST,/v1/system/payments/create-payment-intent,PRISMA,verification_pending,permission;requestSchema;responseSchema;screenLink,,"Inspect runtime and reconcile declaration; establish exact policy/tenant binding, validation and tests; define transactional workflow transitions, idempotency and audit semantics"
780,POST,/v1/system/permissions,PRISMA,verification_pending,permission;requestSchema;responseSchema;screenLink,,"Inspect runtime and reconcile declaration; establish exact policy/tenant binding, validation and tests; define transactional workflow transitions, idempotency and audit semantics"
484,POST,/v1/system/platform/stats,PRISMA,verification_pending,permission;requestSchema;responseSchema;screenLink,,"Inspect runtime and reconcile declaration; establish exact policy/tenant binding, validation and tests; define transactional workflow transitions, idempotency and audit semantics"
288,POST,/v1/system/realtime/connect,PRISMA,verification_pending,permission;requestSchema;responseSchema;screenLink,,"Inspect runtime and reconcile declaration; establish exact policy/tenant binding, validation and tests; define transactional workflow transitions, idempotency and audit semantics"
284,POST,/v1/system/storage/upload,PRISMA,verification_pending,permission;requestSchema;responseSchema;screenLink,,"Inspect runtime and reconcile declaration; establish exact policy/tenant binding, validation and tests; define transactional workflow transitions, idempotency and audit semantics"
285,POST,/v1/system/voice/upload,PRISMA,verification_pending,permission;requestSchema;responseSchema;screenLink,,"Inspect runtime and reconcile declaration; establish exact policy/tenant binding, validation and tests; define transactional workflow transitions, idempotency and audit semantics"
1350,POST,/v1/tax-compliance/compliance/scan,PRISMA,verification_pending,permission;requestSchema;responseSchema;screenLink,,"Inspect runtime and reconcile declaration; establish exact policy/tenant binding, validation and tests; define transactional workflow transitions, idempotency and audit semantics"
816,POST,/v1/telemetry/errors,PRISMA,verification_pending,permission;requestSchema;responseSchema;screenLink,,"Inspect runtime and reconcile declaration; establish exact policy/tenant binding, validation and tests; define transactional workflow transitions, idempotency and audit semantics"
1491,POST,/v1/test,PRISMA,verification_pending,permission;requestSchema;responseSchema;screenLink,,"Inspect runtime and reconcile declaration; establish exact policy/tenant binding, validation and tests; define transactional workflow transitions, idempotency and audit semantics"
1481,POST,/v1/testing-overview/compliance/scan,PRISMA,verification_pending,permission;requestSchema;responseSchema;screenLink,,"Inspect runtime and reconcile declaration; establish exact policy/tenant binding, validation and tests; define transactional workflow transitions, idempotency and audit semantics"
1195,POST,/v1/therapist-analytics/compliance/scan,PRISMA,verification_pending,permission;requestSchema;responseSchema;screenLink,,"Inspect runtime and reconcile declaration; establish exact policy/tenant binding, validation and tests; define transactional workflow transitions, idempotency and audit semantics"
1198,POST,/v1/therapist-workflow/compliance/scan,PRISMA,verification_pending,permission;requestSchema;responseSchema;screenLink,,"Inspect runtime and reconcile declaration; establish exact policy/tenant binding, validation and tests; define transactional workflow transitions, idempotency and audit semantics"
1197,POST,/v1/therapist/notes/finalize,PRISMA,verification_pending,permission;requestSchema;responseSchema,therapist_dashboard,"Inspect runtime and reconcile declaration; establish exact policy/tenant binding, validation and tests; define transactional workflow transitions, idempotency and audit semantics"
1196,POST,/v1/therapist/sessions/start,PRISMA,verification_pending,permission;requestSchema;responseSchema,therapist_dashboard,"Inspect runtime and reconcile declaration; establish exact policy/tenant binding, validation and tests; define transactional workflow transitions, idempotency and audit semantics"
1482,POST,/v1/ticket-management/compliance/scan,PRISMA,verification_pending,permission;requestSchema;responseSchema;screenLink,,"Inspect runtime and reconcile declaration; establish exact policy/tenant binding, validation and tests; define transactional workflow transitions, idempotency and audit semantics"
1483,POST,/v1/training-dashboard/compliance/scan,PRISMA,verification_pending,permission;requestSchema;responseSchema,training_dashboard,"Inspect runtime and reconcile declaration; establish exact policy/tenant binding, validation and tests; define transactional workflow transitions, idempotency and audit semantics"
1351,POST,/v1/training-director-workflow/compliance/scan,PRISMA,verification_pending,permission;requestSchema;responseSchema;screenLink,,"Inspect runtime and reconcile declaration; establish exact policy/tenant binding, validation and tests; define transactional workflow transitions, idempotency and audit semantics"
1380,POST,/v1/training-management/compliance/scan,PRISMA,verification_pending,permission;requestSchema;responseSchema;screenLink,,"Inspect runtime and reconcile declaration; establish exact policy/tenant binding, validation and tests; define transactional workflow transitions, idempotency and audit semantics"
632,POST,/v1/training/assign,PRISMA,verification_pending,permission;requestSchema;responseSchema;screenLink,,"Inspect runtime and reconcile declaration; establish exact policy/tenant binding, validation and tests; define transactional workflow transitions, idempotency and audit semantics"
635,POST,/v1/training/export,PRISMA,verification_pending,permission;requestSchema;responseSchema;screenLink,,"Inspect runtime and reconcile declaration; establish exact policy/tenant binding, validation and tests; define transactional workflow transitions, idempotency and audit semantics"
634,POST,/v1/training/renew,PRISMA,verification_pending,permission;requestSchema;responseSchema;screenLink,,"Inspect runtime and reconcile declaration; establish exact policy/tenant binding, validation and tests; define transactional workflow transitions, idempotency and audit semantics"
633,POST,/v1/training/verify,PRISMA,verification_pending,permission;requestSchema;responseSchema;screenLink,,"Inspect runtime and reconcile declaration; establish exact policy/tenant binding, validation and tests; define transactional workflow transitions, idempotency and audit semantics"
1199,POST,/v1/treatment-notes/compliance/scan,PRISMA,verification_pending,permission;requestSchema;responseSchema;screenLink,,"Inspect runtime and reconcile declaration; establish exact policy/tenant binding, validation and tests; define transactional workflow transitions, idempotency and audit semantics"
1240,POST,/v1/treatment-plan/compliance/scan,PRISMA,verification_pending,permission;requestSchema;responseSchema;screenLink,,"Inspect runtime and reconcile declaration; establish exact policy/tenant binding, validation and tests; define transactional workflow transitions, idempotency and audit semantics"
278,POST,/v1/user/messaging/threads,PRISMA,verification_pending,permission;requestSchema;responseSchema;screenLink,,"Inspect runtime and reconcile declaration; establish exact policy/tenant binding, validation and tests; define transactional workflow transitions, idempotency and audit semantics"
777,POST,/v1/user/preferences,PRISMA,verification_pending,permission;requestSchema;responseSchema;screenLink,,"Inspect runtime and reconcile declaration; establish exact policy/tenant binding, validation and tests; define transactional workflow transitions, idempotency and audit semantics"
276,POST,/v1/user/profile,PRISMA,verification_pending,permission;requestSchema;responseSchema;screenLink,,"Inspect runtime and reconcile declaration; establish exact policy/tenant binding, validation and tests; define transactional workflow transitions, idempotency and audit semantics"
279,POST,/v1/user/training/catalog,PRISMA,verification_pending,permission;requestSchema;responseSchema;screenLink,,"Inspect runtime and reconcile declaration; establish exact policy/tenant binding, validation and tests; define transactional workflow transitions, idempotency and audit semantics"
280,POST,/v1/user/training/my-progress,PRISMA,verification_pending,permission;requestSchema;responseSchema;screenLink,,"Inspect runtime and reconcile declaration; establish exact policy/tenant binding, validation and tests; define transactional workflow transitions, idempotency and audit semantics"
804,POST,/v1/verification/database-report,PRISMA,verification_pending,permission;requestSchema;responseSchema;screenLink,,"Inspect runtime and reconcile declaration; establish exact policy/tenant binding, validation and tests; define transactional workflow transitions, idempotency and audit semantics"
803,POST,/v1/verification/purpose-report,PRISMA,verification_pending,permission;requestSchema;responseSchema;screenLink,,"Inspect runtime and reconcile declaration; establish exact policy/tenant binding, validation and tests; define transactional workflow transitions, idempotency and audit semantics"
1352,POST,/v1/vip-manager-analytics/compliance/scan,PRISMA,verification_pending,permission;requestSchema;responseSchema;screenLink,,"Inspect runtime and reconcile declaration; establish exact policy/tenant binding, validation and tests; define transactional workflow transitions, idempotency and audit semantics"
1353,POST,/v1/vip-manager-workflow/compliance/scan,PRISMA,verification_pending,permission;requestSchema;responseSchema;screenLink,,"Inspect runtime and reconcile declaration; establish exact policy/tenant binding, validation and tests; define transactional workflow transitions, idempotency and audit semantics"
1382,POST,/v1/vip/issues/resolve,PRISMA,verification_pending,permission;requestSchema;responseSchema,vip_manager_dashboard,"Inspect runtime and reconcile declaration; establish exact policy/tenant binding, validation and tests; define transactional workflow transitions, idempotency and audit semantics"
1381,POST,/v1/vip/touchpoints/log,PRISMA,verification_pending,permission;requestSchema;responseSchema,vip_manager_dashboard,"Inspect runtime and reconcile declaration; establish exact policy/tenant binding, validation and tests; define transactional workflow transitions, idempotency and audit semantics"
1403,POST,/v1/visit-notes/compliance/scan,PRISMA,verification_pending,permission;requestSchema;responseSchema;screenLink,,"Inspect runtime and reconcile declaration; establish exact policy/tenant binding, validation and tests; define transactional workflow transitions, idempotency and audit semantics"
1404,POST,/v1/vitals-entry/compliance/scan,PRISMA,verification_pending,permission;requestSchema;responseSchema;screenLink,,"Inspect runtime and reconcile declaration; establish exact policy/tenant binding, validation and tests; define transactional workflow transitions, idempotency and audit semantics"
1241,POST,/v1/vitals-tracking/compliance/scan,PRISMA,verification_pending,permission;requestSchema;responseSchema;screenLink,,"Inspect runtime and reconcile declaration; establish exact policy/tenant binding, validation and tests; define transactional workflow transitions, idempotency and audit semantics"
1484,POST,/v1/volunteer/shift/checkin,PRISMA,verification_pending,permission;requestSchema;responseSchema,volunteer_dashboard,"Inspect runtime and reconcile declaration; establish exact policy/tenant binding, validation and tests; define transactional workflow transitions, idempotency and audit semantics"
1485,POST,/v1/volunteer/visits/log,PRISMA,verification_pending,permission;requestSchema;responseSchema,volunteer_dashboard,"Inspect runtime and reconcile declaration; establish exact policy/tenant binding, validation and tests; define transactional workflow transitions, idempotency and audit semantics"
1274,POST,/v1/workflow-execution/compliance/scan,PRISMA,verification_pending,permission;requestSchema;responseSchema;screenLink,,"Inspect runtime and reconcile declaration; establish exact policy/tenant binding, validation and tests; define transactional workflow transitions, idempotency and audit semantics"
1354,POST,/v1/workflow-issue/compliance/scan,PRISMA,verification_pending,permission;requestSchema;responseSchema;screenLink,,"Inspect runtime and reconcile declaration; establish exact policy/tenant binding, validation and tests; define transactional workflow transitions, idempotency and audit semantics"
1200,POST,/v1/xray-review/compliance/scan,PRISMA,verification_pending,permission;requestSchema;responseSchema;screenLink,,"Inspect runtime and reconcile declaration; establish exact policy/tenant binding, validation and tests; define transactional workflow transitions, idempotency and audit semantics"
